{"nyc mayoral election": ["nyc mayoral polls 2021", "nyc mayoral debate", "nyc republican mayoral candidates", "nyc mayoral candidates platforms", "nyc primary candidates 2021", "nyc mayoral race 2021 results", "2001 nyc mayoral election", "2009 nyc mayoral election", "eric adams"], "new york mayor candidates": ["nyc mayoral candidates 2021 polls", "nyc primary candidates 2021", "nyc republican mayoral candidates", "nyc mayoral candidates platforms", "nyc mayoral debate", "new york mayoral race polls 538", "nyc mayoral race 2021 results", "nyc election candidates 2021"], "eric adams": ["eric adams police", "eric adams wife", "eric adams mayor", "eric adams twitter", "eric adams wiki", "eric adams platform", "eric adams partner", "eric adams education", "eric adams policies"], "eric adams nyc": ["eric adams nyc mayor", "eric adams wife", "eric adams partner", "eric adams twitter", "eric adams education", "eric adams platform", "eric adams police", "eric adams son", "eric adams"], "eric adams mayoral election": ["eric adams mayor wife", "eric adams partner", "eric adams son", "eric adams twitter", "eric adams mayor policies", "eric adams mayor website", "eric adams campaign", "eric adams wiki"], "eric adams for mayor": ["eric adams mayor website", "eric adams mayor wife", "eric adams mayor policies", "eric adams campaign", "eric adams partner", "eric adams education", "eric adams twitter", "eric adams parents", "eric adams"], "eric adams partner": ["eric adams son", "eric adams mayor wife", "eric adams family", "eric adams son jordan", "eric adams wife picture", "eric adams height", "eric adams parents", "eric adams wife", "eric adams", "tracey collins"], "eric adams race": ["eric adams parents", "eric adams wife", "eric adams wiki", "eric adams family", "eric adams education", "eric adams partner", "eric adams book"], "eric adams endorsement": ["eric adams wife", "eric adams police", "eric adams policies", "eric adams partner", "eric adams twitter", "eric adams platform", "eric adams campaign", "eric adams son"], "eric adams covid": ["eric adams covid mandate", "eric adams covid", "is it legal to mandate covid testing"], "eric adams transportation": ["eric adams obama", "eric adams mta"], "eric adams MTA": ["eric adams twitter", "eric adams 3rd person", "how to contact eric adams", "eric adams statement", "eric adams schedule", "eric adams bitcoin", "eric adams education", "eric adams today"], "eric adams education": ["eric adams wife", "eric adams partner", "eric adams salary", "eric adams son", "eric adams family", "eric adams nyc mayor", "eric adams parents", "eric adams", "eric adams education policy"], "eric adams LGBT": ["eric adams wife", "eric adams partner", "eric adams son", "eric adams is he married", "eric adams profile", "eric adams family", "eric adams conservative", "eric adams rikers island"], "eric adams background": ["eric adams parents", "eric adams wife", "eric adams family", "eric adams son", "eric adams education", "eric adams nyc mayor", "eric adams height"], "eric adams net worth": ["eric adams wife", "eric adams son", "eric adams salary", "eric adams partner", "eric adams height", "eric adams parents", "eric adams wiki", "eric adams", "andrew yang net worth", "joey demaio net worth"], "curtis sliwa": ["curtis sliwa netflix", "curtis sliwa net worth", "curtis sliwa trump", "curtis sliwa cats", "curtis sliwa debate", "curtis sliwa mayor", "curtis sliwa wiki", "curtis sliwa poll", "eric adams"], "curtis sliwa nyc": ["curtis sliwa debate", "curtis sliwa net worth", "curtis sliwa netflix", "curtis sliwa trump", "curtis sliwa platform", "curtis sliwa cats", "curtis sliwa parents", "curtis sliwa radio show"], "curtis sliwa mayoral election": ["eric adams", "nyc mayoral election", "nyc mayoral polls", "curtis sliwa trump", "nyc mayoral debate", "nyc mayoral debate youtube", "curtis sliwa beret", "curtis sliwa debate"], "curtis sliwa for mayor": ["curtis sliwa for mayor website", "curtis sliwa for mayor polls", "curtis sliwa mayor 2021", "curtis sliwa netflix", "curtis sliwa trump", "curtis sliwa net worth", "curtis sliwa debate", "curtis sliwa mayor campaign", "eric adams"], "curtis sliwa partner": ["curtis sliwa net worth", "curtis sliwa netflix", "what is the nationality of curtis sliwa", "curtis sliwa parents", "curtis sliwa trump", "curtis sliwa cats", "curtis sliwa mayor", "curtis sliwa wife nancy regula"], "curtis sliwa race": ["curtis sliwa netflix", "curtis sliwa net worth", "curtis sliwa debate", "curtis sliwa trump", "curtis sliwa cats", "curtis sliwa policies", "curtis sliwa martial arts", "curtis sliwa platform"], "curtis sliwa endorsement": ["curtis sliwa trump", "curtis sliwa net worth", "curtis sliwa policies", "curtis sliwa platform", "curtis sliwa campaign", "curtis sliwa poll", "curtis sliwa wife nancy regula", "curtis sliwa debate"], "curtis sliwa covid": ["curtis sliwa covid"], "curtis sliwa transportation": ["curtis sliwa netflix", "curtis sliwa campaign", "curtis sliwa for mayor website", "curtis sliwa contact", "curtis sliwa radio show", "curtis sliwa trump", "curtis sliwa campaign office", "curtis sliwa mayor"], "curtis sliwa MTA": ["curtis sliwa refund the police", "curtis sliwa mayor", "nypost curtis sliwa", "curtis sliwa popularity", "nyt curtis sliwa", "guardian angels", "guardian angel"], "curtis sliwa education": ["curtis sliwa net worth", "curtis sliwa platform", "curtis sliwa education policy", "curtis sliwa netflix", "curtis sliwa trump", "curtis sliwa wife nancy regula", "curtis sliwa for mayor", "what ethnicity is curtis sliwa"], "curtis sliwa LGBT": ["guardian angels", "guardian angels", "guardian angel"], "curtis sliwa background": ["curtis sliwa platform", "curtis sliwa netflix", "curtis sliwa parents", "curtis sliwa policies", "curtis sliwa wife nancy regula", "curtis sliwa sister", "what ethnicity is curtis sliwa", "curtis sliwa for mayor"], "curtis sliwa net worth": ["curtis sliwa netflix", "curtis sliwa net worth 2021", "curtis sliwa salary", "what is the nationality of curtis sliwa", "curtis sliwa parents", "curtis sliwa trump", "curtis sliwa height", "curtis sliwa net worth 2018", "curtis sliwa for mayor"]}