{"nyc mayoral election": ["nyc mayoral election results", "nyc republican mayoral candidates", "nyc mayoral race yang", "nyc mayoral candidates platforms", "nyc mayoral race 2021 results", "new york city elections 2021", "nyc mayoral candidates compare", "2009 nyc mayoral election", "eric adams"], "new york mayor candidates": ["nyc mayoral candidates 2021", "nyc mayoral candidates 2021 polls", "new york mayoral election polls", "new york city elections 2021", "nyc primary candidates 2021", "new york mayoral race", "new york primary election 2021", "nyc mayoral candidates platforms"], "eric adams": ["eric adams manowar", "eric adams nyc mayor", "eric adams wife", "eric adams twitter", "eric adams police", "eric adams partner", "eric adams platform", "eric adams' education", "nyc mayoral race"], "eric adams nyc": ["eric adams nyc mayor", "eric adams wife", "eric adams partner", "eric adams twitter", "eric adams' education", "eric adams platform", "eric adams police", "eric adams mayor website", "eric adams"], "eric adams mayoral election": ["eric adams mayor policies", "when is nyc mayoral election 2021", "who won mayor of new york", "eric adams mayor website", "who won mayor of new york 2021", "new york mayoral race", "current nyc mayoral polls", "when does eric adams take office"], "eric adams for mayor": ["eric adams mayor website", "eric adams wife", "eric adams twitter", "eric adams campaign", "eric adams' education", "eric adams platform", "eric adams parents", "eric adams family", "eric adams"], "eric adams partner": ["eric adams son", "eric adams family", "eric adams married", "eric adams son jordan", "eric adams wife picture", "eric adams height", "eric adams parents", "eric adams wife", "eric adams", "tracey collins eric adams"], "eric adams race": ["eric adams parents", "eric adams wife", "eric adams wiki", "eric adams family", "eric adams' education", "eric adams partner", "eric adams book", "eric adams nyc mayor", "eric adams platform"], "eric adams endorsement": ["eric adams police", "eric adams political views", "eric adams policies", "eric adams platform", "eric adams twitter", "eric adams partner", "eric adams campaign", "eric adams son"], "eric adams covid": ["nyc shut down 2021"], "eric adams transportation": ["eric adams mta", "eric adams beliefs", "eric adams' education", "eric adams interview", "eric adams brooklyn borough president", "eric adams ranked-choice voting", "eric adams outdoor dining"], "eric adams MTA": ["eric adams twitter", "eric adams mayor", "eric adams statement", "eric adams email", "is eric adams good", "eric adams bitcoin", "eric adams' education", "eric adams today"], "eric adams education": ["eric adams wife", "eric adams partner", "eric adams salary", "eric adams son", "eric adams family", "eric adams is he married", "eric adams nyc mayor", "eric adams wiki", "eric adams"], "eric adams LGBT": ["eric adams wife", "eric adams partner", "eric adams son", "eric adams profile", "eric adams mayor", "eric adams rikers island", "eric adams conservative", "eric adams platform"], "eric adams background": ["eric adams parents", "eric adams wife", "eric adams family", "eric adams son", "eric adams' education", "eric adams nyc mayor", "eric adams height"], "eric adams net worth": ["eric adams wife", "eric adams son", "eric adams salary", "andrew yang net worth", "eric adams partner", "eric adams age", "eric adams manowar height", "eric adams wife manowar", "eric adams", "joey demaio net worth"], "curtis sliwa nyc": ["curtis sliwa debate", "curtis sliwa net worth", "curtis sliwa netflix", "curtis sliwa platform", "curtis sliwa trump", "curtis sliwa guardian angels", "curtis sliwa radio show", "curtis sliwa cats"], "curtis sliwa mayoral election": ["curtis sliwa trump", "curtis sliwa for mayor polls", "curtis sliwa mayor 2021", "curtis sliwa political party", "curtis sliwa for mayor website", "curtis sliwa party", "nyc mayoral race", "curtis sliwa cats"], "curtis sliwa for mayor": ["curtis sliwa for mayor website", "curtis sliwa for mayor polls", "curtis sliwa netflix", "curtis sliwa mayor 2021", "curtis sliwa guardian angels", "curtis sliwa trump", "curtis sliwa net worth", "curtis sliwa debate", "eric adams"], "curtis sliwa partner": ["curtis sliwa net worth", "curtis sliwa netflix", "what is the nationality of curtis sliwa", "curtis sliwa parents", "curtis sliwa guardian angels", "curtis sliwa trump", "curtis sliwa mayor", "curtis sliwa cats"], "curtis sliwa race": ["curtis sliwa netflix", "curtis sliwa net worth", "curtis sliwa guardian angels", "curtis sliwa debate", "curtis sliwa trump", "curtis sliwa martial arts", "curtis sliwa cats", "curtis sliwa policies"], "curtis sliwa endorsement": ["curtis sliwa trump", "curtis sliwa net worth", "curtis sliwa policies", "curtis sliwa platform", "curtis sliwa debate", "curtis sliwa campaign", "curtis sliwa netflix", "curtis sliwa for mayor"], "curtis sliwa covid": ["curtis sliwa covid"], "curtis sliwa transportation": ["curtis sliwa mayor", "curtis sliwa platform", "curtis sliwa trump", "curtis sliwa net worth", "curtis sliwa cats", "nyc mayoral election", "nyc mayoral polls", "guardian angels nyc"], "curtis sliwa MTA": ["curtis sliwa refund the police", "curtis sliwa mayor", "nypost curtis sliwa", "curtis sliwa popularity", "guardian angels", "guardian angel", "what is a guardian angel"], "curtis sliwa education": ["curtis sliwa net worth", "curtis sliwa netflix", "curtis sliwa education policy", "curtis sliwa platform", "curtis sliwa for mayor", "curtis sliwa wife nancy regula", "what ethnicity is curtis sliwa", "curtis sliwa salary"], "curtis sliwa LGBT": ["guardian angels", "guardian angels", "guardian angel", "when was lgbtq created", "what is a guardian angel"], "curtis sliwa background": ["curtis sliwa platform", "curtis sliwa netflix", "curtis sliwa net worth", "curtis sliwa parents", "curtis sliwa mayor", "curtis sliwa wife nancy regula", "curtis sliwa policies", "curtis sliwa guardian angels"], "curtis sliwa net worth": ["curtis sliwa netflix", "curtis sliwa parents", "what is the nationality of curtis sliwa", "curtis sliwa trump", "curtis sliwa height", "curtis sliwa for mayor", "curtis sliwa martial arts", "curtis sliwa platform", "curtis sliwa wife"], "curtis sliwa": ["curtis sliwa netflix", "curtis sliwa net worth", "curtis sliwa trump", "curtis sliwa debate", "curtis sliwa mayor", "curtis sliwa cats", "curtis sliwa wiki", "curtis sliwa platform", "eric adams"]}