{"boston mayoral election": ["boston mayoral election 2020", "boston mayoral election results", "boston mayoral candidates 2021", "boston mayoral election 2021 primary", "boston mayoral election primary", "boston mayoral election polls", "boston mayoral polls", "boston mayoral election candidates", "boston mayoral election 2021"], "boston mayor candidates": ["boston mayoral election 2020", "boston mayoral election candidates", "boston mayoral election 2021 primary", "boston mayoral primary 2021", "boston elections, 2021", "boston mayoral race candidates 2021", "boston mayoral election results", "boston mayoral primary 2021 date", "boston mayor"], "eric adams nyc": ["eric adams", "nyc mayoral race", "eric adams policies", "eric adams platform", "eric adams wife", "Kathryn Garcia", "kathryn garcia nyc", "scott stringer nyc", "eric adams nyc"], "eric adams mayoral election": ["eric adams mayoral election", "nyc mayoral election eric adams"], "eric adams for mayor": ["eric adams", "nyc mayoral candidates", "eric adams platform", "maya wiley for mayor", "andrew yang for mayor", "Kathryn Garcia", "eric adams wife", "eric adams for mayor commercial", "eric adams for mayor new york city"], "eric adams partner": ["eric adams wife", "eric adams family", "eric adams", "eric adams mother", "tracey collins", "eric adams is he married", "eric adams children", "is eric adams married", "tracey collins eric adams", "eric adams wife manowar"], "eric adams race": ["nyc mayoral race eric adams", "new york mayoral race eric adams", "eric adams mayor race"], "eric adams endorsement": ["eric adams endorsements", "new york post eric adams endorsement", "eric adams mayor endorsements", "eric adams union endorsement", "eric adams labor endorsements", "eric adams nypd endorsement", "eric adams police endorsement"], "eric adams covid": [], "eric adams transportation": [], "eric adams MTA": ["eric adams mta"], "eric adams education": ["eric adams", "Kathryn Garcia", "eric adams wife", "eric adams family", "Chrisena Coleman", "eric adams education policy", "tracey collins eric adams", "new york city police academy", "eric adams children"], "eric adams LGBT": [], "eric adams background": ["eric adams background", "eric adams ethnic background", "eric adams mayor background", "eric adams education background"], "curtis sliwa": ["eric adams", "curtis sliwa net worth", "nancy regula", "curtis sliwa for mayor", "curtis sliwa cats", "curtis sliwa wife", "Fernando Mateo", "curtis sliwa trump", "guardian angels nyc"], "curtis sliwa nyc": ["curtis sliwa nyc mayor", "curtis sliwa nyc", "curtis sliwa running for nyc mayor", "nyc mayoral race curtis sliwa"], "curtis sliwa for mayor": ["Curtis Sliwa", "curtis sliwa net worth", "eric adams", "curtis sliwa for mayor website", "nancy regula", "Fernando Mateo", "curtis sliwa for mayor", "curtis sliwa for mayor address", "curtis sliwa for mayor facebook", "curtis sliwa for mayor t shirt"], "curtis sliwa partner": ["curtis sliwa partner", "curtis sliwa radio partner"], "curtis sliwa race": ["curtis sliwa race", "nyc mayoral race curtis sliwa", "new york mayoral race curtis sliwa", "curtis sliwa mayor race"], "curtis sliwa endorsement": ["curtis sliwa endorsements"], "curtis sliwa covid": ["curtis sliwa covid"], "curtis sliwa transportation": ["curtis.sliwa"], "curtis sliwa education": ["curtis sliwa education", "curtis sliwa education policy", "curtis sliwa education background"], "curtis sliwa LGBT": [], "curtis sliwa background": ["curtis sliwa background"], "curtis sliwa net worth": ["curtis sliwa for mayor", "nancy regula", "curtis sliwa children", "curtis sliwa trump", "lisa evers net worth", "curtis sliwa salary", "curtis sliwa wife nancy regula", "curtis sliwa netflix", "curtis sliwa martial arts"], "eric adams net worth": ["eric adams", "eric adams wife", "andrew yang net worth", "joey demaio net worth", "karl logan net worth", "eric adams net worth", "eric adams manowar net worth", "eric adams politician net worth", "eric l adams net worth"], "curtis sliwa mayoral election": [], "curtis sliwa MTA": []}