{"nyc mayoral election": ["nyc mayoral polls 2021", "nyc mayoral election 2021", "nyc mayoral election results", "nyc mayoral election primary", "nyc mayoral candidates platforms", "nyc mayoral candidates republican", "nyc primary candidates 2021", "new york city elections 2021", "eric adams"], "new york mayor candidates": ["nyc mayoral candidates 2021", "nyc mayoral candidates 2021 polls", "new york mayoral election polls", "new york city elections 2021", "nyc primary candidates 2021", "nyc mayoral candidates platforms", "nyc mayoral candidates republican", "nyc mayoral candidates compare"], "eric adams": ["eric adams manowar", "eric adams police", "eric adams wife", "eric adams mayor", "eric adams twitter", "eric adams platform", "eric adams wiki", "eric adams partner", "nyc mayoral race"], "eric adams nyc": ["eric adams wife", "eric adams partner", "eric adams education", "eric adams twitter", "eric adams platform", "eric adams police", "eric adams son", "eric adams", "nyc mayoral race"], "eric adams mayoral election": ["eric adams partner", "eric adams wife", "eric adams son", "eric adams twitter", "eric adams mayor policies", "eric adams family", "eric adams mayor website", "eric adams polls"], "eric adams for mayor": ["eric adams mayor website", "eric adams mayor wife", "eric adams education", "eric adams partner", "eric adams twitter", "eric adams campaign", "eric adams platform", "eric adams parents", "eric adams"], "eric adams partner": ["eric adams son", "eric adams mayor wife", "eric adams family", "eric adams son jordan", "eric adams wife picture", "eric adams height", "eric adams partner fort lee", "eric adams wife", "eric adams", "tracey collins eric adams"], "eric adams race": ["eric adams wife", "eric adams wiki", "eric adams family", "eric adams education", "eric adams partner", "eric adams platform", "eric adams son"], "eric adams endorsement": ["eric adams wife", "eric adams police", "eric adams political views", "eric adams policies", "eric adams platform", "eric adams twitter", "eric adams partner", "eric adams campaign"], "eric adams covid": ["eric adams vaccine", "nyc shut down 2021"], "eric adams transportation": ["eric adams mta", "eric adams beliefs", "eric adams education", "eric adams interview", "eric adams ranked-choice voting", "eric adams outdoor dining"], "eric adams MTA": ["eric adams twitter", "eric adams mayor", "eric adams statement", "eric adams email", "is eric adams good", "eric adams bitcoin", "eric adams education", "eric adams today"], "eric adams education": ["eric adams wife", "eric adams partner", "eric adams salary", "eric adams family", "eric adams is he married", "eric adams son", "eric adams nyc mayor", "eric adams", "Kathryn Garcia"], "eric adams LGBT": ["eric adams wife", "eric adams partner", "eric adams son", "eric adams family", "eric adams profile", "eric adams is he married", "eric adams wife picture"], "eric adams background": ["eric adams parents", "eric adams wife", "eric adams family", "eric adams son", "eric adams education", "eric adams nyc mayor", "eric adams height"], "eric adams net worth": ["eric adams wife", "eric adams son", "eric adams salary", "andrew yang net worth", "eric adams age", "eric adams manowar height", "eric adams parents", "eric adams family", "eric adams", "joey demaio net worth"], "curtis sliwa": ["curtis sliwa netflix", "curtis sliwa net worth", "curtis sliwa trump", "curtis sliwa mayor", "curtis sliwa debate", "curtis sliwa cats", "curtis sliwa wiki", "curtis sliwa poll", "eric adams"], "curtis sliwa nyc": ["curtis sliwa debate", "curtis sliwa net worth", "curtis sliwa netflix", "curtis sliwa trump", "curtis sliwa platform", "curtis sliwa cats", "curtis sliwa radio show", "curtis sliwa parents"], "curtis sliwa mayoral election": ["curtis sliwa trump", "curtis sliwa for mayor polls", "curtis sliwa political party", "curtis sliwa mayor 2021", "curtis sliwa for mayor website", "nyc mayoral election", "can curtis sliwa win", "curtis sliwa party"], "curtis sliwa for mayor": ["curtis sliwa for mayor website", "curtis sliwa for mayor polls", "curtis sliwa netflix", "curtis sliwa mayor 2021", "curtis sliwa trump", "curtis sliwa net worth", "curtis sliwa guardian angels", "curtis sliwa political party", "eric adams"], "curtis sliwa partner": ["curtis sliwa net worth", "curtis sliwa netflix", "what is the nationality of curtis sliwa", "curtis sliwa parents", "curtis sliwa trump", "curtis sliwa guardian angels", "curtis sliwa mayor", "curtis sliwa cats"], "curtis sliwa race": ["curtis sliwa netflix", "curtis sliwa net worth", "curtis sliwa guardian angels", "curtis sliwa trump", "curtis sliwa cats", "curtis sliwa martial arts", "curtis sliwa policies", "curtis sliwa parents"], "curtis sliwa endorsement": ["curtis sliwa trump", "curtis sliwa net worth", "curtis sliwa policies", "curtis sliwa platform", "curtis sliwa campaign", "curtis sliwa netflix", "curtis sliwa for mayor", "curtis sliwa wife nancy regula", "curtis sliwa endorsements"], "curtis sliwa covid": ["mandatory covid vaccine new york", "new york city vaccine mandate"], "curtis sliwa transportation": ["curtis sliwa mayor", "curtis sliwa for mayor website", "curtis sliwa trump", "curtis sliwa net worth", "curtis sliwa poll numbers", "curtis sliwa cats", "nyt curtis sliwa", "can curtis sliwa win"], "curtis sliwa MTA": ["curtis sliwa mayor", "curtis sliwa popularity", "nyt curtis sliwa", "nypost curtis sliwa", "nyc mayoral polls", "curtis sliwa refund the police", "curtis sliwa netflix", "curtis sliwa platform"], "curtis sliwa education": ["curtis sliwa net worth", "curtis sliwa netflix", "curtis sliwa platform", "curtis sliwa education policy", "curtis sliwa for mayor", "curtis sliwa wife nancy regula", "what ethnicity is curtis sliwa", "curtis sliwa trump"], "curtis sliwa LGBT": ["guardian angels", "guardian angels", "guardian angel", "when was lgbtq created", "what is a guardian angel"], "curtis sliwa background": ["curtis sliwa platform", "curtis sliwa netflix", "curtis sliwa net worth", "curtis sliwa parents", "curtis sliwa sister", "curtis sliwa policies", "what ethnicity is curtis sliwa?", "curtis sliwa wife nancy regula"], "curtis sliwa net worth": ["curtis sliwa netflix", "curtis sliwa parents", "what is the nationality of curtis sliwa", "curtis sliwa trump", "curtis sliwa height", "curtis sliwa for mayor", "curtis sliwa martial arts", "curtis sliwa net worth 2018", "curtis sliwa cats"]}