{"nyc mayoral election": ["nyc mayoral polls 2021", "nyc mayoral debate", "nyc republican mayoral candidates", "nyc mayoral candidates platforms", "nyc primary candidates 2021", "2001 nyc mayoral election", "2009 nyc mayoral election", "1997 nyc mayoral election", "eric adams"], "new york mayor candidates": ["nyc mayoral candidates 2021 polls", "nyc primary candidates 2021", "nyc republican mayoral candidates", "nyc mayoral candidates platforms", "new york mayoral race andrew yang", "new york mayoral race polls 538", "nyc mayoral debate", "eric adams mayor"], "eric adams": ["eric adams police", "eric adams wife", "eric adams mayor", "eric adams twitter", "eric adams platform", "eric adams wiki", "eric adams partner", "eric adams height", "eric adams policies"], "eric adams nyc": ["eric adams nyc mayor", "eric adams partner", "eric adams wife", "eric adams twitter", "eric adams education", "eric adams height", "eric adams platform", "eric adams police", "eric adams"], "eric adams mayoral election": ["eric adams mayor wife", "eric adams partner", "eric adams son", "eric adams twitter", "eric adams mayor policies", "eric adams mayor website", "eric adams polls", "eric adams campaign"], "eric adams for mayor": ["eric adams mayor website", "eric adams mayor wife", "eric adams mayor policies", "eric adams campaign", "eric adams partner", "eric adams education", "eric adams twitter", "eric adams platform", "eric adams"], "eric adams race": ["eric adams parents", "eric adams wife", "eric adams wiki", "eric adams family", "eric adams education", "eric adams partner", "eric adams book"], "eric adams endorsement": ["eric adams policies", "nyc mayoral candidates 2021", "eric adams platform", "aoc endorsements 2021", "eric adams mayor", "new york times endorsements 2021", "eric adams pastor", "nyc mayoral candidates 2021 polls"], "eric adams covid": ["eric adams covid"], "eric adams transportation": ["eric adams obama", "eric adams mta", "eric adams open streets", "eric adams 3rd person", "eric adams beliefs", "eric adams education", "eric adams interview", "eric adams nytimes interview"], "eric adams MTA": ["eric adams twitter", "eric adams 3rd person", "eric adams statement", "how to contact eric adams", "eric adams schedule", "eric adams bitcoin", "eric adams education", "eric adams today"], "eric adams education": ["eric adams wife", "eric adams partner", "eric adams height", "eric adams son", "eric adams family", "eric adams nyc mayor", "eric adams wiki", "eric adams parents", "eric adams"], "eric adams background": ["eric adams parents", "eric adams wife", "eric adams family", "eric adams son", "eric adams education", "eric adams nyc mayor", "eric adams height"], "eric adams net worth": ["eric adams wife", "eric adams son", "eric adams salary", "andrew yang net worth", "eric adams age", "eric adams partner", "eric adams manowar height", "eric adams wife manowar", "eric adams", "joey demaio net worth"], "curtis sliwa": ["curtis sliwa netflix", "curtis sliwa net worth", "curtis sliwa trump", "curtis sliwa cats", "curtis sliwa mayor", "curtis sliwa events", "curtis sliwa wiki", "curtis sliwa platform", "eric adams"], "curtis sliwa nyc": ["curtis sliwa net worth", "curtis sliwa netflix", "curtis sliwa platform", "curtis sliwa trump", "curtis sliwa cats", "curtis sliwa parents", "curtis sliwa radio show", "curtis sliwa martial arts"], "curtis sliwa mayoral election": ["eric adams", "nyc mayoral polls 2021", "curtis sliwa cats", "curtis sliwa poll numbers"], "curtis sliwa for mayor": ["curtis sliwa for mayor website", "curtis sliwa for mayor polls", "curtis sliwa mayor 2021", "curtis sliwa netflix", "curtis sliwa net worth", "curtis sliwa trump", "curtis sliwa mayor campaign", "curtis sliwa martial arts", "eric adams"], "curtis sliwa race": ["curtis sliwa netflix", "curtis sliwa net worth", "curtis sliwa trump", "curtis sliwa cats", "curtis sliwa policies", "curtis sliwa martial arts", "curtis sliwa parents", "curtis sliwa platform"], "curtis sliwa endorsement": ["curtis sliwa trump", "curtis sliwa net worth", "curtis sliwa policies", "curtis sliwa platform", "curtis sliwa campaign", "curtis sliwa wife nancy regula", "curtis sliwa poll", "curtis sliwa for mayor"], "curtis sliwa covid": ["curtis sliwa covid"], "curtis sliwa transportation": ["curtis sliwa mayor", "curtis sliwa events", "curtis sliwa vs eric adams polls", "curtis sliwa contact", "curtis sliwa issues", "curtis sliwa net worth", "curtis sliwa fundraiser", "curtis sliwa commercial"], "curtis sliwa MTA": ["curtis sliwa refund the police", "curtis sliwa mayor", "nypost curtis sliwa", "curtis sliwa popularity", "nyt curtis sliwa", "guardian angels"], "curtis sliwa education": ["curtis sliwa net worth", "curtis sliwa education policy", "curtis sliwa platform", "curtis sliwa netflix", "curtis sliwa trump", "curtis sliwa for mayor", "curtis sliwa wife nancy regula", "what ethnicity is curtis sliwa"], "curtis sliwa LGBT": ["guardian angels", "can curtis sliwa win mayor", "guardian angels", "guardian angel"], "curtis sliwa background": ["curtis sliwa platform", "curtis sliwa netflix", "curtis sliwa net worth", "curtis sliwa parents", "curtis sliwa wife nancy regula", "curtis sliwa policies", "curtis sliwa sister", "what ethnicity is curtis sliwa"], "curtis sliwa net worth": ["curtis sliwa netflix", "curtis sliwa net worth 2021", "what is the nationality of curtis sliwa", "curtis sliwa parents", "curtis sliwa trump", "curtis sliwa height", "curtis sliwa net worth 2018", "curtis sliwa for mayor", "lisa evers net worth"], "eric adams partner": ["eric adams son", "eric adams mayor wife", "eric adams family", "eric adams son jordan", "eric adams wife picture", "eric adams height", "eric adams parents", "eric adams wife", "eric adams", "tracey collins"], "eric adams LGBT": ["eric adams wife", "eric adams partner", "eric adams son", "eric adams is he married", "eric adams family", "eric adams profile", "eric adams wife picture"], "curtis sliwa partner": ["curtis sliwa net worth", "what is the nationality of curtis sliwa", "curtis sliwa netflix", "curtis sliwa parents", "curtis sliwa trump", "curtis sliwa cats", "curtis sliwa net worth 2021", "nancy sliwa"]}