{"nyc mayoral election": ["nyc mayoral polls 2021", "nyc mayoral election 2021", "nyc mayoral election results", "nyc mayoral election primary", "nyc mayoral candidates platforms", "nyc mayoral candidates republican", "new york city elections 2021", "nyc mayoral candidates compare", "eric adams"], "new york mayor candidates": ["nyc mayoral candidates 2021", "nyc mayoral candidates 2021 polls", "nyc election candidates 2021", "new york mayoral election polls", "new york city elections 2021", "new york mayoral race", "nyc mayoral candidates platforms", "nyc mayoral candidates compare", "current nyc mayoral polls", "nyc mayoral polls 2021"], "eric adams": ["eric adams manowar", "eric adams wife", "eric adams twitter", "eric adams nyc mayor", "eric adams police", "eric adams partner", "eric adams platform", "eric adams' education", "nyc mayoral race"], "eric adams nyc": ["eric adams nyc mayor", "eric adams wife", "eric adams partner", "eric adams twitter", "eric adams' education", "eric adams platform", "eric adams police", "eric adams son", "eric adams endorsements"], "eric adams mayoral election": ["eric adams partner", "eric adams mayor policies", "when is nyc mayoral election 2021", "eric adams mayor website", "new york mayoral race", "when does eric adams take office", "mayor of new york", "new york mayoral race results"], "eric adams for mayor": ["eric adams mayor website", "eric adams wife", "eric adams twitter", "eric adams campaign", "eric adams partner", "eric adams' education", "eric adams platform", "eric adams parents", "eric adams"], "eric adams partner": ["eric adams son", "eric adams family", "eric adams married", "eric adams son jordan", "eric adams wife picture", "eric adams height", "eric adams parents", "eric adams wife", "eric adams nyc mayor", "eric adams girlfriend"], "eric adams race": ["eric adams parents", "eric adams wife", "eric adams wiki", "eric adams family", "eric adams' education", "eric adams partner", "eric adams book"], "eric adams endorsement": ["eric adams police", "eric adams political views", "eric adams' policies", "eric adams twitter", "eric adams platform", "eric adams partner", "eric adams campaign", "eric adams son"], "eric adams covid": ["eric adams vaccine mandate", "nyc shut down 2021"], "eric adams transportation": ["eric adams mta", "eric adams for mayor", "eric adams' education", "eric adams beliefs", "eric adams interview", "eric adams ny times", "eric adams brooklyn borough president", "eric adams ranked-choice voting"], "eric adams MTA": ["eric adams twitter", "eric adams mayor", "eric adams ny times", "eric adams statement", "eric adams email", "eric adams' education", "eric adams bitcoin", "is eric adams good"], "eric adams education": ["eric adams wife", "eric adams partner", "eric adams salary", "eric adams son", "eric adams family", "eric adams is he married", "eric adams nyc mayor", "eric adams", "Kathryn Garcia"], "eric adams LGBT": ["eric adams wife", "eric adams partner", "eric adams son", "eric adams profile", "eric adams rikers island", "eric adams conservative", "eric adams platform", "eric adams' policies"], "eric adams background": ["eric adams parents", "eric adams wife", "eric adams family", "eric adams son", "eric adams' education", "eric adams nyc mayor", "eric adams height"], "eric adams net worth": ["eric adams wife", "eric adams son", "eric adams salary", "andrew yang net worth", "eric adams partner", "eric adams age", "eric adams manowar height", "eric adams wife manowar", "eric adams politician net worth", "eric adams house"], "curtis sliwa": ["curtis sliwa netflix", "curtis sliwa net worth", "curtis sliwa trump", "curtis sliwa debate", "curtis sliwa cats", "curtis sliwa wiki", "curtis sliwa fundraiser", "curtis sliwa platform", "eric adams"], "curtis sliwa nyc": ["curtis sliwa debate", "curtis sliwa net worth", "curtis sliwa netflix", "curtis sliwa platform", "curtis sliwa trump", "curtis sliwa radio show", "curtis sliwa guardian angels", "curtis sliwa cats"], "curtis sliwa mayoral election": ["curtis sliwa trump", "curtis sliwa netflix", "curtis sliwa for mayor polls", "curtis sliwa net worth", "curtis sliwa mayor 2021", "curtis sliwa political party", "curtis sliwa for mayor website", "nyc mayoral election", "curtis sliwa platform", "curtis sliwa hat"], "curtis sliwa for mayor": ["curtis sliwa for mayor website", "curtis sliwa for mayor polls", "curtis sliwa netflix", "curtis sliwa mayor 2021", "curtis sliwa trump", "curtis sliwa net worth", "curtis sliwa guardian angels", "curtis sliwa debate", "eric adams"], "curtis sliwa partner": ["curtis sliwa partner", "curtis sliwa radio partner"], "curtis sliwa race": ["curtis sliwa netflix", "curtis sliwa net worth", "curtis sliwa debate", "curtis sliwa trump", "curtis sliwa cats", "curtis sliwa martial arts", "curtis sliwa policies", "curtis sliwa platform"], "curtis sliwa endorsement": ["curtis sliwa trump", "curtis sliwa net worth", "curtis sliwa policies", "curtis sliwa platform", "curtis sliwa campaign", "curtis sliwa debate", "curtis sliwa netflix", "curtis sliwa wife nancy regula"], "curtis sliwa covid": ["mandatory covid vaccine new york", "new york city vaccine mandate"], "curtis sliwa transportation": ["curtis sliwa platform", "curtis sliwa mayor", "curtis sliwa trump", "curtis sliwa net worth", "curtis sliwa cats", "nyc mayoral election", "nyc mayoral polls", "guardian angels nyc"], "curtis sliwa MTA": [], "curtis sliwa education": ["curtis sliwa education", "curtis sliwa education policy", "curtis sliwa education background"], "curtis sliwa LGBT": ["guardian angels", "guardian angel", "when was lgbtq created", "what is a guardian angel"], "curtis sliwa background": ["curtis sliwa platform", "curtis sliwa netflix", "curtis sliwa net worth", "curtis sliwa parents", "curtis sliwa mayor", "curtis sliwa policies", "curtis sliwa wife nancy regula", "what ethnicity is curtis sliwa"], "curtis sliwa net worth": ["curtis sliwa netflix", "curtis sliwa net worth 2021", "curtis sliwa parents", "what is the nationality of curtis sliwa", "curtis sliwa trump", "curtis sliwa height", "curtis sliwa net worth 2018", "curtis sliwa for mayor", "lisa evers net worth"]}