{"curtis sliwa background": ["curtis sliwa parents", "what ethnicity is curtis sliwa?", "curtis sliwa net worth", "curtis sliwa apartment", "curtis sliwa mayor campaign", "curtis sliwa radio show", "curtis sliwa red beret", "curtis sliwa platform"], "curtis sliwa covid": ["mandatory covid vaccine new york", "new york city vaccine mandate"], "curtis sliwa education": ["curtis sliwa net worth", "what ethnicity is curtis sliwa", "curtis sliwa martial arts", "curtis sliwa salary", "curtis sliwa policies", "curtis sliwa political party", "curtis sliwa netflix"], "curtis sliwa endorsement": ["curtis sliwa net worth", "curtis sliwa trump", "can curtis sliwa win", "curtis sliwa policies", "curtis sliwa wife nancy regula", "curtis sliwa poll", "curtis sliwa platform", "curtis sliwa for mayor"], "curtis sliwa for mayor": ["curtis sliwa for mayor website", "curtis sliwa campaign", "curtis sliwa wife nancy regula", "curtis sliwa for mayor polls", "curtis sliwa parents", "curtis sliwa for mayor address", "curtis sliwa trump", "curtis sliwa mayor 2021"], "curtis sliwa LGBT": ["guardian angels", "what is a guardian angel", "when was lgbtq created", "guardian angel"], "curtis sliwa mayoral election": ["curtis sliwa trump", "curtis sliwa for mayor polls", "curtis sliwa net worth", "curtis sliwa mayor 2021", "curtis sliwa political party", "nyc mayoral election", "curtis sliwa for mayor website", "can curtis sliwa win"], "curtis sliwa MTA": ["curtis sliwa netflix", "curtis sliwa platform", "curtis sliwa wife nancy regula", "curtis sliwa campaign", "curtis sliwa mayor", "curtis sliwa debate", "curtis sliwa phone number", "curtis sliwa giuliani"], "curtis sliwa net worth": ["curtis sliwa net worth 2021", "curtis sliwa trump", "curtis sliwa apartment", "curtis sliwa netflix", "curtis sliwa wife nancy regula", "what is the nationality of curtis sliwa", "curtis sliwa height"], "curtis sliwa nyc": ["curtis sliwa net worth", "curtis sliwa platform", "curtis sliwa twitter", "curtis sliwa debate", "curtis sliwa parents", "curtis sliwa guardian angels", "curtis sliwa trump", "curtis sliwa apartment"], "curtis sliwa partner": ["curtis sliwa net worth", "curtis sliwa netflix", "curtis sliwa parents", "curtis sliwa guardian angels", "curtis sliwa trump", "curtis sliwa red beret", "curtis sliwa mayor", "curtis sliwa for mayor polls"], "curtis sliwa race": ["curtis sliwa netflix", "curtis sliwa net worth", "curtis sliwa trump", "curtis sliwa guardian angels", "curtis sliwa debate", "curtis sliwa cats", "curtis sliwa policies", "curtis sliwa martial arts"], "curtis sliwa transportation": ["curtis sliwa mayor", "nyt curtis sliwa", "eric adams", "guardian angels", "curtis sliwa climate change"], "curtis sliwa": ["curtis sliwa net worth", "curtis sliwa netflix", "curtis sliwa trump", "curtis sliwa debate", "curtis sliwa mayor", "curtis sliwa cats", "curtis sliwa wiki", "curtis sliwa contact"], "eric adams background": ["eric adams children", "eric adams parents", "eric adams wife", "eric adams family", "eric adams son", "eric adams is he married", "eric adams wiki", "eric adams nyc mayor"], "eric adams covid": ["nyc shut down 2021", "eric adams vaccine"], "eric adams education": ["eric adams wife", "eric adams partner", "eric adams salary", "eric adams son", "eric adams is he married", "eric adams mayor policies", "eric adams police", "eric adams political views"], "eric adams endorsement": ["eric adams wife", "eric adams police", "eric adams political views", "eric adams policies", "eric adams platform", "eric adams twitter", "eric adams partner", "eric adams campaign"], "eric adams for mayor": ["eric adams mayor wife", "eric adams mayor website", "eric adams campaign", "eric adams platform", "eric adams partner", "eric adams family", "eric adams book", "eric adams education"], "eric adams LGBT": ["eric adams children", "eric adams profile", "eric adams wife", "eric adams partner", "eric adams wife picture", "eric adams mayor", "eric adams son", "eric adams rikers island"], "eric adams mayoral election": ["eric adams partner", "eric adams wife", "eric adams son", "eric adams twitter", "eric adams mayor policies", "eric adams family", "eric adams mayor website", "eric adams political views"], "eric adams MTA": ["eric adams twitter", "eric adams statement", "eric adams email", "is eric adams good", "eric adams bitcoin", "eric adams education", "eric adams today"], "eric adams net worth": ["eric adams salary", "eric adams wife", "andrew yang net worth", "eric adams age", "eric adams son", "eric adams family", "eric adams manowar height", "how old is eric adams son"], "eric adams nyc": ["eric adams nyc mayor", "eric adams wife", "eric adams partner", "eric adams platform", "eric adams twitter", "eric adams education", "eric adams police", "eric adams son"], "eric adams partner": ["eric adams wife picture", "eric adams children", "eric adams mayor wife", "eric adams is he married", "eric adams son", "eric adams family", "tracey collins", "eric adams son jordan"], "eric adams race": ["eric adams wife", "eric adams wiki", "eric adams family", "eric adams partner", "eric adams platform", "eric adams views", "eric adams son", "when does eric adams take office"], "eric adams transportation": ["eric adams mta", "eric adams beliefs", "eric adams education", "eric adams interview", "eric adams ranked-choice voting", "eric adams outdoor dining"], "eric adams": ["eric adams manowar", "eric adams wife", "eric adams police", "eric adams mayor", "eric adams twitter", "eric adams platform", "eric adams partner", "eric adams wiki"], "new york mayor candidates": ["nyc mayoral candidates 2021", "nyc mayoral candidates 2021 polls", "new york mayoral election polls", "nyc primary candidates 2021", "nyc mayoral candidates platforms", "nyc mayoral candidates compare", "new york city elections 2021", "nyc mayoral candidates republican"], "nyc mayoral election": ["nyc mayoral polls 2021", "nyc mayoral election 2021", "nyc mayoral election results", "nyc mayoral election primary", "nyc mayoral candidates republican", "nyc primary candidates 2021", "nyc mayoral candidates platforms", "mayoral candidates 2021"]}