{"boston mayoral election": ["boston mayoral election 2020", "boston mayoral election results", "boston mayoral candidates 2021", "boston mayoral election 2021 primary", "boston mayoral election polls", "boston mayoral election primary", "boston mayoral election candidates", "2017 boston mayoral election", "boston mayoral election 2021"], "eric adams": ["nyc mayoral candidates", "eric adams policies", "nyc mayoral polls", "eric adams mayor", "kathryn garcia", "nyc mayoral election", "eric adams platform", "tracey collins eric adams", "eric adams wife"], "eric adams nyc": ["eric adams", "nyc mayoral race", "eric adams policies", "eric adams nyc mayor", "eric adams platform", "eric adams wife", "kathryn garcia", "eric adams partner", "kathryn garcia nyc"], "eric adams mayoral election": ["eric adams mayoral election", "nyc mayoral election eric adams"], "eric adams for mayor": ["eric adams", "nyc mayoral candidates", "eric adams platform", "maya wiley for mayor", "andrew yang for mayor", "kathryn garcia", "eric adams for mayor commercial", "eric adams for mayor new york city", "eric adams for mayor of nyc"], "eric adams partner": ["eric adams wife", "eric adams family", "eric adams", "tracey collins", "eric adams is he married", "eric adams children", "tracey collins eric adams", "is eric adams married", "eric adams spouse", "eric adams wife manowar"], "eric adams race": ["nyc mayoral race eric adams", "new york mayoral race eric adams", "eric adams mayor race"], "eric adams endorsement": ["eric adams endorsements", "new york post eric adams endorsement", "eric adams mayor endorsements", "eric adams union endorsement", "eric adams labor endorsements", "eric adams nypd endorsement", "eric adams police endorsement"], "eric adams covid": [], "eric adams transportation": [], "eric adams MTA": ["eric adams mta"], "eric adams education": ["eric adams", "kathryn garcia", "eric adams wife", "eric adams family", "Chrisena Coleman", "eric adams education policy", "tracey collins eric adams", "new york city police academy", "eric adams children"], "eric adams LGBT": [], "eric adams background": ["eric adams background", "eric adams ethnic background", "eric adams mayor background", "eric adams education background"], "eric adams net worth": ["eric adams", "eric adams wife", "andrew yang net worth", "joey demaio net worth", "eric adams net worth", "karl logan net worth", "eric adams manowar net worth", "eric adams politician net worth", "eric l adams net worth"], "curtis sliwa": ["eric adams", "curtis sliwa net worth", "nancy regula", "curtis sliwa cats", "curtis sliwa for mayor", "curtis sliwa wife", "Fernando Mateo", "curtis sliwa trump", "guardian angels nyc"], "curtis sliwa nyc": ["curtis sliwa nyc mayor", "curtis sliwa nyc", "curtis sliwa running for nyc mayor", "nyc mayoral race curtis sliwa"], "curtis sliwa mayoral election": [], "curtis sliwa for mayor": ["Curtis Sliwa", "curtis sliwa net worth", "eric adams", "curtis sliwa for mayor website", "nancy regula", "Fernando Mateo", "curtis sliwa for mayor", "curtis sliwa for mayor polls", "curtis sliwa for mayor address", "curtis sliwa for mayor facebook"], "curtis sliwa partner": ["curtis sliwa partner", "curtis sliwa radio partner"], "curtis sliwa race": ["curtis sliwa race", "nyc mayoral race curtis sliwa", "new york mayoral race curtis sliwa", "curtis sliwa mayor race"], "curtis sliwa endorsement": ["curtis sliwa endorsements"], "curtis sliwa covid": ["curtis sliwa covid"], "curtis sliwa transportation": ["curtis.sliwa"], "curtis sliwa MTA": [], "curtis sliwa education": ["curtis sliwa education", "curtis sliwa education policy", "curtis sliwa education background"], "curtis sliwa LGBT": [], "curtis sliwa background": ["curtis sliwa background"], "curtis sliwa net worth": ["curtis sliwa for mayor", "nancy regula", "curtis sliwa children", "lisa evers net worth", "curtis sliwa trump", "curtis sliwa salary", "curtis sliwa wife nancy regula", "curtis sliwa netflix", "curtis sliwa martial arts"], "boston mayor candidates": ["boston mayoral election 2020", "boston mayoral election candidates", "boston elections, 2021", "boston mayoral race candidates 2021", "boston mayoral primary 2021", "boston mayoral poll 2021", "boston mayoral election results", "boston mayoral primary election", "boston mayor"]}