{"boston mayor candidates": ["boston mayoral election candidates", "boston mayoral election 2020", "boston elections, 2021", "boston mayoral election results", "boston mayoral primary election", "boston mayoral candidates on the issues", "boston mayoral race candidates", "boston mayoral race poll"], "boston mayoral election": ["boston mayoral election 2020", "boston mayoral election results", "boston mayoral polls", "boston mayoral election primary", "boston mayoral election polls", "boston mayoral election candidates", "2017 boston mayoral election", "boston mayoral primary 2021"], "curtis sliwa background": ["what ethnicity is curtis sliwa", "curtis sliwa wife nancy regula", "curtis sliwa parents", "curtis sliwa sister", "curtis sliwa policies", "curtis sliwa political party", "curtis sliwa cats", "curtis sliwa mayor campaign"], "curtis sliwa covid": false, "curtis sliwa education": ["curtis sliwa net worth", "curtis sliwa education policy", "curtis sliwa platform", "curtis sliwa parents", "curtis sliwa for mayor website", "curtis sliwa martial arts", "curtis sliwa policies", "curtis sliwa political party"], "curtis sliwa endorsement": ["curtis sliwa trump", "curtis sliwa net worth", "curtis sliwa for mayor website", "fernando mateo", "can curtis sliwa win", "nancy regula", "curtis sliwa schedule today", "curtis sliwa fundraiser"], "curtis sliwa for mayor": ["curtis sliwa for mayor website", "curtis sliwa for mayor polls", "curtis sliwa netflix", "curtis sliwa platform", "curtis sliwa net worth", "curtis sliwa contact", "curtis sliwa mayor 2021 website", "curtis sliwa wife nancy regula"], "curtis sliwa LGBT": ["guardian angels", "guardian angel"], "curtis sliwa mayoral election": ["curtis sliwa fear city", "curtis sliwa trump", "curtis sliwa netflix", "curtis sliwa net worth", "curtis sliwa mayor 2021", "curtis sliwa mayor 2021 website", "curtis sliwa political party", "curtis sliwa platform"], "curtis sliwa MTA": ["curtis sliwa refund the police", "curtis sliwa mayor", "curtis sliwa stop-and-frisk", "nypost curtis sliwa", "curtis sliwa nypd", "guardian angels", "guardian angel"], "curtis sliwa net worth": ["curtis sliwa netflix", "curtis sliwa net worth 2021", "curtis sliwa trump", "curtis sliwa height and weight", "curtis sliwa parents", "what is the nationality of curtis sliwa", "nancy regula sliwa", "curtis sliwa wife age"], "curtis sliwa nyc": ["curtis sliwa net worth", "curtis sliwa debate", "curtis sliwa trump", "curtis sliwa platform", "curtis sliwa wife nancy regula", "curtis sliwa for mayor", "curtis sliwa cats", "curtis sliwa for mayor website"], "curtis sliwa partner": ["curtis sliwa parents", "curtis sliwa wife nancy regula", "curtis sliwa netflix", "curtis sliwa sister", "curtis sliwa policies", "how much does curtis sliwa make a year", "lisa sliwa", "curtis sliwa trump"], "curtis sliwa race": ["curtis sliwa netflix", "curtis sliwa net worth", "curtis sliwa debate", "curtis sliwa cats", "curtis sliwa trump", "curtis sliwa policies", "curtis sliwa mayor", "curtis sliwa, martial arts"], "curtis sliwa transportation": ["curtis sliwa mayor"], "curtis sliwa": ["curtis sliwa net worth", "curtis sliwa netflix", "curtis sliwa trump", "what ethnicity is curtis sliwa", "curtis sliwa cats", "curtis sliwa debate", "curtis sliwa mayor", "curtis sliwa wiki"], "eric adams background": ["eric adams parents nationality", "eric adams parents", "eric adams wife", "eric adams family", "eric adams son", "eric adams mother", "eric adams nyc mayor", "eric adams height"], "eric adams covid": false, "eric adams education": ["eric adams partner", "eric adams is he married", "eric adams education plan", "eric adams education platform", "eric adams education policy", "eric adams parents"], "eric adams endorsement": ["eric adams wife", "eric adams political views", "eric adams mayor policies", "eric adams partner", "eric adams policies", "eric adams campaign", "eric adams platform", "eric adams police"], "eric adams for mayor": ["eric adams mayor website", "eric adams wife", "eric adams mother", "eric adams partner", "eric adams mayor policies", "eric adams is he married", "eric adams parents", "nyc mayoral race: eric adams"], "eric adams LGBT": ["eric adams wife", "eric adams partner", "eric adams promises", "eric adams profile", "eric adams cuomo", "eric adams platform", "eric adams bernie", "eric adams rikers island"], "eric adams mayoral election": ["eric adams partner", "eric adams wife", "eric adams children", "eric adams son", "eric adams twitter", "eric adams mayor policies", "eric adams mother", "eric adams family"], "eric adams MTA": ["eric adams platform", "eric adams interview", "eric adams ranked-choice voting"], "eric adams net worth": ["eric adams salary", "eric adams politician net worth", "eric adams wife", "eric adams son", "andrew yang net worth", "eric adams wife manowar", "eric adams age", "eric adams height"], "eric adams nyc": ["eric adams cuomo", "eric adams partner", "eric adams wife", "eric adams education", "eric adams twitter", "eric adams platform", "eric adams son jordan", "eric adams police"], "eric adams partner": ["eric adams married", "eric adams family", "eric adams children", "eric adams son", "eric adams wife picture", "eric adams wife tracey collins", "eric adams partner fort lee", "eric adams son jordan"], "eric adams race": ["eric adams wife", "eric adams family", "eric adams education", "eric adams mother", "eric adams children", "eric adams parents", "eric adams partner", "eric adams book"], "eric adams transportation": ["eric adams platform", "eric adams corruption' allegations", "eric adams interview", "maya wiley", "eric adams ranked-choice voting"], "eric adams": ["eric adams cuomo", "eric adams nyc mayor", "eric adams wife", "eric adams twitter", "eric adams partner", "eric adams police", "eric adams platform", "eric adams son jordan"]}