{"boston mayor candidates": ["boston mayoral election 2020", "boston mayoral candidates quiz", "boston mayoral primary", "boston mayoral election results", "boston mayoral candidates on the issues", "boston mayoral candidates party affiliation", "boston mayoral candidates policies", "boston mayoral debate"], "boston mayoral election": ["boston mayoral election 2020", "boston mayoral election results", "boston mayoral primary", "boston mayoral election polls", "boston mayoral election 2021 polls", "boston mayoral candidates on the issues", "boston mayoral debate", "boston globe mayoral race"], "curtis sliwa background": ["curtis sliwa parents", "curtis sliwa net worth", "what is the nationality of curtis sliwa", "curtis sliwa policies", "curtis sliwa apartment", "curtis sliwa twitter", "curtis sliwa radio show", "curtis sliwa mayor 2021"], "curtis sliwa covid": ["mandatory covid vaccine new york", "new york city vaccine mandate"], "curtis sliwa education": ["curtis sliwa net worth", "what ethnicity is curtis sliwa", "curtis sliwa for mayor", "curtis sliwa education policy", "curtis sliwa platform", "curtis sliwa apartment", "curtis sliwa political party", "curtis sliwa martial arts"], "curtis sliwa endorsement": ["curtis sliwa trump", "curtis sliwa net worth", "curtis sliwa platform", "curtis sliwa policies", "curtis sliwa netflix", "curtis sliwa wife nancy regula", "can curtis sliwa win", "curtis sliwa for mayor"], "curtis sliwa for mayor": ["curtis sliwa for mayor website", "curtis sliwa for mayor polls", "curtis sliwa net worth", "curtis sliwa netflix", "curtis sliwa policies", "curtis sliwa campaign", "can curtis sliwa win", "curtis sliwa mayor 2021"], "curtis sliwa LGBT": ["what is a guardian angel", "when was lgbtq created", "guardian angels", "guardian angel"], "curtis sliwa mayoral election": ["curtis sliwa for mayor polls", "curtis sliwa trump", "nyc mayoral election", "curtis sliwa for mayor website", "curtis sliwa net worth", "can curtis sliwa win mayor", "curtis sliwa mayor 2021", "eric adams vs curtis sliwa"], "curtis sliwa MTA": ["curtis sliwa refund the police", "curtis sliwa mayor", "nypost curtis sliwa", "guardian angels", "guardian angel", "what is a guardian angel"], "curtis sliwa net worth": ["curtis sliwa netflix", "curtis sliwa net worth 2021", "curtis sliwa height", "curtis sliwa trump", "curtis sliwa martial arts", "curtis sliwa parents", "what is the nationality of curtis sliwa", "curtis sliwa platform"], "curtis sliwa nyc": ["curtis sliwa debate", "curtis sliwa net worth", "curtis sliwa platform", "curtis sliwa apartment", "curtis sliwa guardian angels", "curtis sliwa netflix", "curtis sliwa policies", "curtis sliwa height"], "curtis sliwa partner": ["curtis sliwa net worth 2021", "curtis sliwa wife nancy regula", "curtis sliwa netflix", "curtis sliwa parents", "what ethnicity is curtis sliwa", "curtis sliwa trump"], "curtis sliwa race": ["curtis sliwa netflix", "curtis sliwa net worth", "curtis sliwa debate", "curtis sliwa trump", "curtis sliwa guardian angels", "curtis sliwa cats", "curtis sliwa policies", "curtis sliwa martial arts"], "curtis sliwa transportation": ["curtis sliwa mayor", "nypost curtis sliwa", "curtis sliwa refund the police", "eric adams", "guardian angels"], "curtis sliwa": ["curtis sliwa net worth", "curtis sliwa netflix", "curtis sliwa trump", "curtis sliwa mayor", "curtis sliwa cats", "curtis sliwa debate", "curtis sliwa twitter", "curtis sliwa fundraiser"], "eric adams background": ["eric adams parents", "eric adams wife", "eric adams nyc mayor", "eric adams son", "eric adams family", "eric adams political views", "eric adams height", "eric adams salary"], "eric adams covid": ["nyc shut down 2021"], "eric adams education": ["eric adams wife", "eric adams partner", "eric adams is he married", "eric adams son", "eric adams nyc mayor", "eric adams summer school", "eric adams parents"], "eric adams endorsement": ["eric adams platform", "current nyc mayoral polls", "eric adams mayor", "nyc mayoral candidates 2021", "scott stringer", "nyc mayoral endorsements", "aoc endorsements 2021", "eric adams' policies"], "eric adams for mayor": ["eric adams mayor website", "eric adams mayor policies", "eric adams partner", "eric adams campaign", "eric adams is he married", "eric adams nypd", "eric adams parents", "eric adams' education"], "eric adams LGBT": ["eric adams wife", "eric adams partner", "eric adams son", "eric adams profile", "eric adams platform", "eric adams mayor 2021", "eric adams' voting record", "eric adams brooklyn borough president email"], "eric adams MTA": ["eric adams twitter", "eric adams ny times", "eric adams for mayor", "eric adams' education", "eric adams email", "eric adams statement", "is eric adams good"], "eric adams net worth": ["eric adams salary", "eric adams wife", "eric adams son", "andrew yang net worth", "eric adams partner", "eric adams age", "eric adams manowar height", "eric adams children"], "eric adams partner": ["eric adams children", "eric adams son", "eric adams family", "eric adams wife picture", "eric adams height", "eric adams son jordan", "tracey collins", "eric adams vegan"], "eric adams race": ["eric adams wife", "eric adams' education", "eric adams wiki", "eric adams book", "eric adams partner", "eric adams platform", "eric adams nyc mayor", "eric adams' policies"], "eric adams transportation": ["eric adams for mayor", "eric adams mta", "eric adams ny times", "eric adams' education", "eric adams beliefs", "eric adams ranked-choice voting", "eric adams outdoor dining"], "eric adams": ["eric adams nyc mayor", "eric adams wife", "eric adams twitter", "eric adams platform", "eric adams partner", "eric adams police", "eric adams is he married", "eric adams manowar"], "eric adams mayoral election": ["eric adams partner", "eric adams children", "eric adams twitter", "eric adams son", "eric adams mayor policies", "eric adams family", "eric adams mayor website", "eric adams political views"], "eric adams nyc": ["eric adams nyc mayor", "eric adams wife", "eric adams partner", "eric adams' education", "eric adams twitter", "eric adams platform", "eric adams police", "eric adams son"]}