{"curtis sliwa background": ["curtis sliwa parents", "what ethnicity is curtis sliwa", "curtis sliwa apartment", "curtis sliwa net worth", "curtis sliwa mayor campaign", "curtis sliwa for mayor polls", "curtis sliwa wife age", "curtis sliwa platform"], "curtis sliwa covid": false, "curtis sliwa education": ["curtis sliwa net worth", "what ethnicity is curtis sliwa", "curtis sliwa for mayor polls", "curtis sliwa cats", "curtis sliwa vs eric adams", "curtis sliwa salary", "curtis sliwa policies", "curtis sliwa height"], "curtis sliwa endorsement": ["curtis sliwa trump", "curtis sliwa net worth", "curtis sliwa platform", "curtis sliwa policies", "curtis sliwa poll", "curtis sliwa campaign", "curtis sliwa wife nancy regula", "what ethnicity is curtis sliwa"], "curtis sliwa for mayor": ["curtis sliwa for mayor website", "curtis sliwa for mayor polls", "curtis sliwa mayor 2021", "curtis sliwa netflix", "curtis sliwa trump", "curtis sliwa net worth", "curtis sliwa debate", "curtis sliwa mayor campaign"], "curtis sliwa LGBT": ["curtis sliwa platform", "curtis sliwa political party", "curtis sliwa poll", "curtis sliwa policies", "can curtis sliwa win", "why does curtis sliwa wear a beret", "curtis sliwa views", "curtis sliwa apartment"], "curtis sliwa mayoral election": ["nyc mayoral election 2021", "nyc mayoral race polls", "nyc mayoral race 2021 results", "nyc election candidates 2021", "new york mayoral race polls 538"], "curtis sliwa MTA": ["curtis sliwa trump", "curtis sliwa net worth", "curtis sliwa for mayor website", "curtis sliwa mayor", "curtis sliwa cats", "curtis sliwa party", "curtis sliwa events", "curtis sliwa for mayor polls"], "curtis sliwa net worth": ["curtis sliwa net worth 2021", "curtis sliwa salary", "curtis sliwa trump", "curtis sliwa apartment", "curtis sliwa height", "curtis sliwa wife age", "curtis sliwa netflix", "what is the nationality of curtis sliwa"], "curtis sliwa nyc": ["curtis sliwa net worth", "curtis sliwa vs eric adams", "curtis sliwa parents", "curtis sliwa for mayor", "curtis sliwa debate", "curtis sliwa platform", "curtis sliwa poll", "curtis sliwa netflix"], "curtis sliwa partner": ["curtis sliwa net worth", "curtis sliwa wife age", "curtis sliwa parents", "curtis sliwa netflix", "curtis sliwa wife nancy regula", "curtis sliwa policies", "curtis sliwa guardian angels", "curtis sliwa trump"], "curtis sliwa race": ["curtis sliwa netflix", "curtis sliwa net worth", "curtis sliwa debate", "curtis sliwa trump", "curtis sliwa cats", "curtis sliwa platform", "curtis sliwa policies", "curtis sliwa for mayor"], "curtis sliwa transportation": ["curtis sliwa mayor", "curtis sliwa for mayor website", "curtis sliwa net worth", "curtis sliwa party", "curtis sliwa trump", "can curtis sliwa win", "fernando mateo", "nyc mayoral polls"], "curtis sliwa": ["curtis sliwa net worth", "curtis sliwa netflix", "curtis sliwa trump", "curtis sliwa cats", "curtis sliwa mayor", "curtis sliwa debate", "curtis sliwa policies", "what ethnicity is curtis sliwa"], "eric adams background": ["eric adams parents", "eric adams wife", "eric adams family", "eric adams mayor policies", "eric adams son", "eric adams salary", "eric adams wiki", "eric adams nyc mayor"], "eric adams covid": false, "eric adams education": ["eric adams wife", "eric adams partner", "eric adams salary", "eric adams is he married", "eric adams mayor policies", "eric adams son", "eric adams police"], "eric adams endorsement": ["eric adams policies", "eric adams platform", "nyc mayoral candidates 2021 polls", "eric adams pastor", "maya wiley endorsements", "kathryn garcia endorsements", "nyc mayoral endorsements", "nyc mayoral candidates platforms"], "eric adams for mayor": ["eric adams mayor wife", "eric adams mayor website", "eric adams campaign", "eric adams children", "eric adams mayor policies", "eric adams platform", "eric adams vegan", "eric adams partner"], "eric adams LGBT": ["eric adams partner", "eric adams jamaica", "eric adams is he married", "eric adams eyesight", "eric adams business", "eric adams jobs", "eric adams wife", "eric adams profile"], "eric adams mayoral election": ["nyc mayoral candidates", "nyc mayoral race polls", "curtis sliwa", "nyc mayoral race 2021 results", "new york mayoral race polls 538", "nyc election candidates 2021", "nyc mayoral polls 2021", "eric adams platform"], "eric adams MTA": ["eric adams twitter", "eric adams 3rd person", "how to contact eric adams", "eric adams statement", "eric adams schedule", "eric adams bitcoin", "eric adams education", "eric adams today"], "eric adams net worth": ["eric adams wife", "eric adams height", "eric adams partner", "eric adams son jordan", "eric adams son", "eric adams children", "eric adams police", "eric adams family"], "eric adams nyc": ["eric adams nyc mayor", "eric adams wife", "eric adams partner", "eric adams twitter", "eric adams education", "eric adams platform", "eric adams police", "eric adams children"], "eric adams partner": ["eric adams wife picture", "eric adams family", "eric adams children", "eric adams son", "eric adams son jordan", "eric adams parents nationality", "eric adams mayor wife", "eric adams is he married"], "eric adams race": ["eric adams wife", "eric adams family", "eric adams children", "eric adams parents", "eric adams education", "eric adams campaign", "eric adams vegan", "eric adams partner"], "eric adams transportation": ["eric adams obama", "eric adams for mayor", "eric adams education", "eric adams 3rd person", "eric adams interview", "eric adams nytimes interview", "eric adams goals"], "eric adams": ["eric adams police", "eric adams wife", "eric adams mayor", "eric adams twitter", "eric adams platform", "eric adams partner", "eric adams family", "eric adams son"], "new york mayor candidates": ["nyc mayoral candidates platforms", "nyc republican mayoral candidates", "nyc mayoral race 2021 results", "new york mayoral race polls 538", "june primary new york 2021", "eric adams nyc mayor", "nyc mayoral debate", "new york state primary elections, 2021 date"], "nyc mayoral election": ["nyc mayoral polls 2021", "nyc mayoral election results", "nyc republican mayoral candidates", "nyc mayoral candidates platforms", "2017 nyc mayoral election", "2001 nyc mayoral election", "nyc mayoral race 2021 results", "new york mayoral race polls 538"]}