{"boston mayor candidates": ["boston mayoral election 2020", "boston mayoral race candidates 2021", "boston mayoral candidates quiz", "boston mayoral election 2021 primary", "boston mayoral candidates on the issues", "boston mayoral candidates party affiliation", "boston mayoral poll 2021", "boston mayoral candidates comparison"], "boston mayoral election": ["boston mayoral election 2020", "boston mayoral election results", "boston mayoral primary", "boston mayoral election 2021 primary", "boston mayoral polls", "boston mayoral poll 2021", "boston mayoral election 2021 polls", "boston mayoral candidates on the issues"], "curtis sliwa background": ["what ethnicity is curtis sliwa", "curtis sliwa net worth", "curtis sliwa parents", "curtis sliwa political party", "curtis sliwa cats", "curtis sliwa mayor campaign", "curtis sliwa radio show", "curtis sliwa platform"], "curtis sliwa covid": false, "curtis sliwa education": ["curtis sliwa net worth", "what ethnicity is curtis sliwa", "curtis sliwa education policy", "curtis sliwa platform", "curtis sliwa parents", "curtis sliwa for mayor website", "curtis sliwa martial arts", "curtis sliwa political party"], "curtis sliwa endorsement": ["curtis sliwa trump", "curtis sliwa net worth", "curtis sliwa policies", "curtis sliwa platform", "curtis sliwa netflix", "curtis sliwa for mayor website", "curtis sliwa wife nancy regula", "curtis sliwa guardian angels"], "curtis sliwa for mayor": ["curtis sliwa for mayor website", "curtis sliwa for mayor polls", "curtis sliwa for mayor republican or democrat", "curtis sliwa for mayor political party", "curtis sliwa platform", "curtis sliwa net worth", "curtis sliwa netflix", "curtis sliwa political party"], "curtis sliwa LGBT": ["guardian angel", "what is a guardian angel", "when was lgbtq created", "guardian angels"], "curtis sliwa mayoral election": ["curtis sliwa trump", "curtis sliwa mayor 2021", "curtis sliwa for mayor polls", "curtis sliwa political party", "curtis sliwa mayor 2021 website", "curtis sliwa net worth", "curtis sliwa platform", "nyc mayoral election"], "curtis sliwa MTA": ["curtis sliwa netflix", "curtis sliwa platform", "curtis sliwa for mayor website", "curtis sliwa net worth", "curtis sliwa cats", "curtis sliwa debate", "curtis sliwa mayor"], "curtis sliwa net worth": ["curtis sliwa net worth 2021", "curtis sliwa netflix", "curtis sliwa trump", "curtis sliwa parents", "what is the nationality of curtis sliwa", "curtis sliwa net worth 2018", "curtis sliwa height and weight", "curtis sliwa height"], "curtis sliwa nyc": ["curtis sliwa debate", "curtis sliwa net worth", "curtis sliwa platform", "curtis sliwa trump", "curtis sliwa wife nancy regula", "curtis sliwa political party", "curtis sliwa guardian angels", "nyc mayoral polls"], "curtis sliwa partner": ["curtis sliwa parents", "curtis sliwa wife nancy regula", "curtis sliwa net worth 2021", "curtis sliwa netflix", "nancy regula wikipedia", "curtis sliwa trump"], "curtis sliwa race": ["curtis sliwa netflix", "curtis sliwa net worth", "curtis sliwa debate", "curtis sliwa guardian angels", "curtis sliwa trump", "curtis sliwa cats", "curtis sliwa, martial arts", "curtis sliwa policies"], "curtis sliwa transportation": ["curtis sliwa mayor", "curtis sliwa for mayor website", "curtis sliwa platform", "curtis sliwa debate", "curtis sliwa trump", "curtis sliwa net worth", "curtis sliwa political party", "curtis sliwa mayor 2021"], "curtis sliwa": ["curtis sliwa net worth", "curtis sliwa netflix", "curtis sliwa trump", "curtis sliwa martial arts", "curtis sliwa political party", "curtis sliwa cats", "what ethnicity is curtis sliwa", "curtis sliwa debate"], "eric adams background": ["eric adams parents nationality", "eric adams parents", "eric adams wife", "eric adams family", "eric adams son", "eric adams political views", "eric adams salary", "eric adams wiki"], "eric adams covid": ["nyc shut down 2021"], "eric adams education": ["eric adams wife", "eric adams salary", "eric adams partner", "eric adams education platform", "eric adams is he married", "eric adams education plan", "eric adams education policy", "eric adams son"], "eric adams for mayor": ["eric adams mayor website", "eric adams mayor policies", "eric adams partner", "eric adams campaign", "eric adams views", "eric adams is he married", "eric adams' education", "eric adams parents"], "eric adams LGBT": ["eric adams wife", "eric adams partner", "eric adams son", "eric adams profile", "eric adams platform", "eric adams mayor 2021", "eric adams' voting record", "eric adams is he married"], "eric adams mayoral election": ["eric adams partner", "eric adams children", "eric adams twitter", "eric adams son", "eric adams mayor policies", "eric adams family", "eric adams mayor website", "eric adams wiki"], "eric adams MTA": ["eric adams mayor", "eric adams twitter", "eric adams platform", "eric adams statement", "eric adams email", "eric adams bitcoin", "eric adams' education"], "eric adams net worth": ["eric adams salary", "eric adams wife", "eric adams son", "eric adams manowar net worth", "eric adams wife manowar", "eric adams manowar height", "eric adams age", "eric leroy adams net worth"], "eric adams nyc": ["eric adams nyc mayor", "eric adams wife", "eric adams partner", "eric adams' education", "eric adams twitter", "eric adams platform", "eric adams police", "eric adams son"], "eric adams partner": ["eric adams children", "eric adams wife picture", "eric adams son", "eric adams son jordan", "eric adams wiki", "tracey collins", "eric adams is he married"], "eric adams race": ["eric adams wife", "eric adams wiki", "eric adams family", "eric adams' education", "eric adams children", "eric adams parents", "eric adams partner", "eric adams book"], "eric adams transportation": ["eric adams platform", "eric adams mta", "eric adams' education", "eric adams beliefs", "eric adams interview", "eric adams ranked-choice voting", "eric adams outdoor dining"], "eric adams endorsement": ["eric adams platform", "eric adams mayor", "eric adams policies", "nyc mayoral candidates 2021", "nyc mayoral candidates 2021 polls", "new york times endorsements 2021", "eric adams pastor", "kathryn garcia endorsements"], "eric adams": ["eric adams manowar", "eric adams nyc mayor", "eric adams wife", "eric adams twitter", "eric adams police", "eric adams partner", "eric adams platform", "eric adams parents"]}