{"boston mayor candidates": ["boston mayoral election 2020", "boston mayoral election candidates", "boston elections, 2021", "boston mayoral race candidates 2021", "boston mayoral primary 2021", "boston mayoral election results", "boston mayoral primary election", "boston mayoral candidates on the issues"], "boston mayoral election": ["boston mayoral election results", "boston mayoral election 2020", "boston mayoral candidates 2021", "boston mayoral election primary", "boston mayoral election polls", "boston mayoral polls", "boston mayoral election candidates", "boston mayoral primary 2021"], "curtis sliwa background": ["what ethnicity is curtis sliwa", "curtis sliwa wife nancy regula", "curtis sliwa parents", "curtis sliwa sister", "curtis sliwa policies", "curtis sliwa political party", "curtis sliwa cats", "curtis sliwa mayor campaign"], "curtis sliwa covid": false, "curtis sliwa education": ["curtis sliwa net worth", "curtis sliwa education policy", "curtis sliwa parents", "curtis sliwa platform", "curtis sliwa martial arts", "curtis sliwa policies", "curtis sliwa political party", "curtis sliwa mayor campaign"], "curtis sliwa endorsement": ["curtis sliwa trump", "curtis sliwa net worth", "curtis sliwa for mayor website", "fernando mateo", "can curtis sliwa win", "kathryn garcia", "nancy regula", "curtis sliwa schedule today"], "curtis sliwa for mayor": ["curtis sliwa for mayor website", "curtis sliwa for mayor polls", "curtis sliwa net worth", "curtis sliwa platform", "curtis sliwa mayor 2021 website", "curtis sliwa guardian angels", "curtis sliwa mayor 2021", "curtis sliwa netflix"], "curtis sliwa LGBT": ["guardian angels", "guardian angel"], "curtis sliwa mayoral election": ["curtis sliwa trump", "curtis sliwa mayor 2021", "curtis sliwa net worth", "curtis sliwa mayor 2021 website", "curtis sliwa political party", "can curtis sliwa win mayor", "curtis sliwa for mayor website", "curtis sliwa platform"], "curtis sliwa MTA": ["curtis sliwa refund the police", "curtis sliwa mayor", "curtis sliwa stop-and-frisk", "nypost curtis sliwa", "curtis sliwa nypd", "guardian angels", "guardian angel"], "curtis sliwa net worth": ["curtis sliwa net worth 2021", "curtis sliwa netflix", "curtis sliwa trump", "curtis sliwa parents", "curtis sliwa height and weight", "what is the nationality of curtis sliwa", "curtis sliwa sister", "curtis sliwa political party"], "curtis sliwa nyc": ["curtis sliwa debate", "curtis sliwa net worth", "curtis sliwa trump", "curtis sliwa platform", "curtis sliwa , nyc mayor", "curtis sliwa wife nancy regula", "what ethnicity is curtis sliwa", "curtis sliwa for mayor website"], "curtis sliwa partner": ["curtis sliwa wife nancy regula", "curtis sliwa sister", "curtis sliwa parents", "curtis sliwa netflix", "lisa sliwa", "how much does curtis sliwa make a year", "curtis sliwa trump", "curtis sliwa cats"], "curtis sliwa race": ["curtis sliwa netflix", "curtis sliwa net worth", "curtis sliwa debate", "curtis sliwa cats", "curtis sliwa trump", "curtis sliwa mayor", "curtis sliwa, martial arts", "curtis sliwa policies"], "curtis sliwa transportation": ["curtis sliwa mayor"], "curtis sliwa": ["curtis sliwa net worth", "curtis sliwa netflix", "curtis sliwa trump", "curtis sliwa cats", "what ethnicity is curtis sliwa", "curtis sliwa debate", "curtis sliwa martial arts", "curtis sliwa mayor"], "eric adams background": ["eric adams parents nationality", "eric adams parents", "eric adams wife", "eric adams mother", "eric adams family", "eric adams height", "eric adams nyc mayor", "eric adams son"], "eric adams covid": false, "eric adams education": ["eric adams partner", "eric adams is he married", "eric adams education plan", "eric adams education platform", "eric adams son", "eric adams education policy", "eric adams parents"], "eric adams endorsement": ["eric adams mayor", "nyc mayoral candidates 2021", "nyc mayoral candidates 2021 polls", "eric adams policies", "new york times endorsements 2021", "kathryn garcia endorsements", "nyc mayoral polls 2021", "current nyc mayoral polls"], "eric adams for mayor": ["eric adams mayor website", "eric adams wife", "eric adams mayor policies", "eric adams partner", "eric adams mother", "eric adams is he married", "eric adams parents", "eric adams platform"], "eric adams LGBT": ["eric adams wife", "eric adams son", "eric adams partner", "eric adams platform", "eric adams is he married", "eric adams partner fort lee", "eric adams on the issues"], "eric adams mayoral election": ["eric adams partner", "eric adams wife", "eric adams children", "eric adams son", "eric adams twitter", "eric adams mayor policies", "eric adams mother", "eric adams family"], "eric adams MTA": ["eric adams platform", "eric adams interview", "eric adams ranked-choice voting"], "eric adams net worth": ["eric adams politician net worth", "eric adams salary", "eric adams wife", "eric adams son", "andrew yang net worth", "eric adams wife manowar", "eric adams age", "eric adams height"], "eric adams nyc": ["eric adams partner", "eric adams wife", "eric adams education", "eric adams twitter", "nyc mayoral candidates", "eric adams vs andrew yang", "eric adams platform", "eric adams political views"], "eric adams partner": ["eric adams married", "eric adams children", "eric adams family", "eric adams son", "eric adams wife picture", "eric adams partner fort lee", "eric adams son jordan", "eric adams is he married"], "eric adams race": ["eric adams wife", "eric adams family", "eric adams education", "eric adams mother", "eric adams children", "eric adams parents", "eric adams partner", "eric adams book"], "eric adams transportation": ["eric adams platform", "eric adams corruption' allegations", "eric adams interview", "maya wiley", "eric adams ranked-choice voting"], "eric adams": ["eric adams nyc mayor", "eric adams wife", "eric adams twitter", "eric adams partner", "eric adams police", "eric adams platform", "eric adams son jordan", "eric adams mother"]}