{"nyc mayoral election": ["nyc mayoral election results", "nyc republican mayoral candidates", "nyc mayoral candidates platforms", "nyc mayoral race yang", "nyc mayoral race 2021 results", "2013 nyc mayoral election", "2009 nyc mayoral election", "1997 nyc mayoral election", "eric adams"], "new york mayor candidates": ["nyc mayoral candidates 2021", "nyc mayoral candidates 2021 polls", "nyc election candidates 2021", "new york mayoral election polls", "new york city elections 2021", "new york mayoral race", "nyc mayoral candidates platforms", "nyc mayoral candidates republican"], "eric adams": ["eric adams manowar", "eric adams wife", "eric adams twitter", "eric adams nyc mayor", "eric adams police", "eric adams partner", "eric adams platform", "eric adams' education", "nyc mayoral race"], "eric adams nyc": ["eric adams nyc mayor", "eric adams wife", "eric adams partner", "eric adams twitter", "eric adams' education", "eric adams platform", "eric adams police", "eric adams son", "eric adams"], "eric adams mayoral election": ["eric adams mayor policies", "eric adams mayor website", "new york mayoral race", "nyc mayoral race results", "eric adams platform", "nyc republican mayoral candidates", "nyc mayoral polls 2021", "nyc mayoral race yang"], "eric adams for mayor": ["eric adams mayor website", "eric adams wife", "eric adams partner", "eric adams twitter", "eric adams campaign", "eric adams' education", "eric adams platform", "eric adams parents", "eric adams"], "eric adams partner": ["eric adams son", "eric adams family", "eric adams married", "eric adams son jordan", "eric adams wife picture", "eric adams height", "eric adams parents", "eric adams wife", "eric adams", "tracey collins eric adams"], "eric adams race": ["eric adams parents", "eric adams wife", "eric adams wiki", "eric adams family", "eric adams' education", "eric adams partner", "eric adams platform", "eric adams book"], "eric adams endorsement": ["eric adams wife", "eric adams police", "eric adams political views", "eric adams' policies", "eric adams twitter", "eric adams platform", "eric adams partner", "eric adams campaign"], "eric adams covid": ["eric adams vaccine mandate", "nyc shut down 2021"], "eric adams transportation": ["eric adams mta", "eric adams for mayor", "eric adams' education", "eric adams beliefs", "eric adams interview", "eric adams ny times", "eric adams brooklyn borough president", "eric adams ranked-choice voting"], "eric adams MTA": ["eric adams twitter", "eric adams mayor", "eric adams ny times", "eric adams statement", "eric adams email", "eric adams' education", "eric adams bitcoin", "is eric adams good", "eric adams wife", "eric adams for mayor"], "eric adams education": ["eric adams wife", "eric adams partner", "eric adams salary", "eric adams son", "eric adams family", "eric adams is he married", "eric adams nyc mayor", "eric adams", "Kathryn Garcia"], "eric adams LGBT": ["eric adams wife", "eric adams partner", "eric adams son", "eric adams profile", "eric adams rikers island", "eric adams conservative", "eric adams platform", "eric adams' policies"], "eric adams background": ["eric adams parents", "eric adams wife", "eric adams family", "eric adams son", "eric adams' education", "eric adams nyc mayor", "eric adams height"], "eric adams net worth": ["eric adams wife", "eric adams son", "eric adams salary", "andrew yang net worth", "eric adams partner", "eric adams age", "eric adams manowar height", "eric adams parents", "eric adams", "joey demaio net worth"], "curtis sliwa": ["curtis sliwa netflix", "curtis sliwa net worth", "curtis sliwa trump", "curtis sliwa debate", "curtis sliwa mayor", "curtis sliwa cats", "curtis sliwa wiki", "curtis sliwa fundraiser", "eric adams"], "curtis sliwa nyc": ["curtis sliwa debate", "curtis sliwa net worth", "curtis sliwa netflix", "curtis sliwa platform", "curtis sliwa trump", "curtis sliwa radio show", "curtis sliwa guardian angels", "curtis sliwa cats"], "curtis sliwa mayoral election": ["curtis sliwa trump", "curtis sliwa for mayor polls", "curtis sliwa net worth", "curtis sliwa political party", "curtis sliwa for mayor website", "nyc mayoral election", "can curtis sliwa win", "curtis sliwa party"], "curtis sliwa for mayor": ["curtis sliwa for mayor website", "curtis sliwa for mayor polls", "curtis sliwa netflix", "curtis sliwa mayor 2021", "curtis sliwa trump", "curtis sliwa net worth", "curtis sliwa guardian angels", "curtis sliwa debate", "eric adams"], "curtis sliwa partner": ["curtis sliwa net worth", "what is the nationality of curtis sliwa", "curtis sliwa netflix", "curtis sliwa parents", "curtis sliwa trump", "curtis sliwa cats", "nancy sliwa", "curtis sliwa wife nancy regula"], "curtis sliwa race": ["curtis sliwa netflix", "curtis sliwa net worth", "curtis sliwa debate", "curtis sliwa trump", "curtis sliwa cats", "curtis sliwa martial arts", "curtis sliwa policies", "curtis sliwa platform"], "curtis sliwa endorsement": ["curtis sliwa trump", "curtis sliwa net worth", "curtis sliwa policies", "curtis sliwa platform", "curtis sliwa campaign", "curtis sliwa debate", "curtis sliwa netflix", "curtis sliwa wife nancy regula"], "curtis sliwa covid": ["curtis sliwa covid"], "curtis sliwa transportation": ["curtis sliwa platform", "curtis sliwa mayor", "curtis sliwa trump", "curtis sliwa net worth", "curtis sliwa cats", "nyc mayoral election", "nyc mayoral polls", "curtis sliwa wiki"], "curtis sliwa MTA": ["curtis sliwa mayor", "curtis sliwa refund the police", "nypost curtis sliwa", "curtis sliwa netflix", "curtis sliwa platform", "curtis sliwa net worth", "curtis sliwa guardian angels", "curtis sliwa trump"], "curtis sliwa education": ["curtis sliwa net worth", "curtis sliwa netflix", "curtis sliwa education policy", "curtis sliwa platform", "curtis sliwa for mayor", "curtis sliwa trump", "curtis sliwa wife nancy regula", "what ethnicity is curtis sliwa"], "curtis sliwa background": ["curtis sliwa platform", "curtis sliwa netflix", "curtis sliwa net worth", "curtis sliwa parents", "curtis sliwa mayor", "curtis sliwa policies", "curtis sliwa wife nancy regula", "what ethnicity is curtis sliwa"], "curtis sliwa net worth": ["curtis sliwa netflix", "curtis sliwa net worth 2021", "curtis sliwa parents", "what is the nationality of curtis sliwa", "curtis sliwa trump", "curtis sliwa height", "curtis sliwa net worth 2018", "curtis sliwa for mayor", "lisa evers net worth"], "curtis sliwa LGBT": ["guardian angels", "guardian angel", "when was lgbtq created", "what is a guardian angel"]}