{"nyc mayoral election": ["nyc mayoral polls 2021", "nyc mayoral debate", "nyc republican mayoral candidates", "nyc mayoral candidates platforms", "2001 nyc mayoral election", "2009 nyc mayoral election", "1997 nyc mayoral election", "andrew yang nyc mayor", "eric adams"], "new york mayor candidates": ["nyc mayoral candidates 2021", "nyc mayoral candidates 2021 polls", "new york mayoral election polls", "new york city elections 2021", "nyc mayoral candidates platforms", "nyc mayoral candidates compare", "nyc mayoral election primary", "nyc election candidates 2021"], "eric adams": ["eric adams (manowar)", "eric adams police", "eric adams wife", "eric adams twitter", "eric adams platform", "eric adams wiki", "eric adams partner", "eric adams education", "eric adams mayor"], "eric adams nyc": ["eric adams wife", "eric adams partner", "eric adams twitter", "eric adams education", "eric adams platform", "eric adams police", "eric adams son", "eric adams mayor website", "eric adams"], "eric adams mayoral election": ["eric adams mayor wife", "eric adams partner", "eric adams twitter", "eric adams son", "eric adams mayor policies", "eric adams mayor website", "eric adams polls", "eric adams campaign"], "eric adams for mayor": ["eric adams mayor website", "eric adams mayor wife", "eric adams mayor policies", "eric adams campaign", "eric adams partner", "eric adams education", "eric adams twitter", "eric adams platform", "eric adams"], "eric adams partner": ["eric adams son", "eric adams mayor wife", "eric adams family", "eric adams son jordan", "eric adams wife picture", "eric adams height", "eric adams parents", "eric adams wife", "eric adams", "tracey collins"], "eric adams race": ["eric adams parents", "eric adams wife", "eric adams wiki", "eric adams family", "eric adams education", "eric adams partner", "eric adams book"], "eric adams endorsement": ["eric adams police", "eric adams political views", "eric adams policies", "eric adams platform", "eric adams twitter", "eric adams campaign", "eric adams son", "eric adams mayor"], "eric adams covid": ["eric adams covid", "eric adams covid mandate", "eric adams covid vaccine"], "eric adams transportation": ["eric adams obama", "eric adams mta", "eric adams brooklyn", "eric adams beliefs", "eric adams interview", "eric adams youtube", "eric adams for mayor youtube", "eric adams mayor"], "eric adams MTA": ["eric adams twitter", "eric adams 3rd person", "eric adams statement", "eric adams schedule", "eric adams brooklyn", "eric adams email", "eric adams bitcoin", "is eric adams good"], "eric adams education": ["eric adams wife", "eric adams partner", "eric adams salary", "eric adams family", "eric adams son", "eric adams wiki", "eric adams platform", "eric adams", "Kathryn Garcia"], "eric adams LGBT": ["eric adams wife", "eric adams partner", "eric adams son", "eric adams is he married", "eric adams profile", "eric adams nyc mayor", "eric adams rikers island", "eric adams conservative"], "eric adams background": ["eric adams parents", "eric adams wife", "eric adams family", "eric adams son", "eric adams education", "eric adams nyc mayor", "eric adams height"], "eric adams net worth": ["eric adams wife", "eric adams son", "eric adams salary", "andrew yang net worth", "eric adams age", "maya wiley net worth", "eric adams partner", "eric adams manowar height", "eric adams", "joey demaio net worth"], "curtis sliwa": ["curtis sliwa netflix", "curtis sliwa net worth", "curtis sliwa trump", "curtis sliwa mayor", "curtis sliwa cats", "curtis sliwa wiki", "curtis sliwa poll", "what ethnicity is curtis sliwa", "eric adams"], "curtis sliwa nyc": ["curtis sliwa net worth", "curtis sliwa netflix", "curtis sliwa trump", "curtis sliwa platform", "curtis sliwa parents", "curtis sliwa radio show", "curtis sliwa cats", "curtis sliwa martial arts"], "curtis sliwa mayoral election": ["eric adams", "bill de blasio", "nyc mayoral race polls"], "curtis sliwa for mayor": ["curtis sliwa for mayor website", "curtis sliwa for mayor polls", "curtis sliwa netflix", "curtis sliwa net worth", "curtis sliwa trump", "curtis sliwa mayor campaign", "curtis sliwa radio show", "curtis sliwa martial arts", "eric adams"], "curtis sliwa partner": ["curtis sliwa net worth", "curtis sliwa netflix", "what is the nationality of curtis sliwa", "curtis sliwa parents", "curtis sliwa trump", "curtis sliwa wife nancy regula", "curtis sliwa cats", "nancy sliwa"], "curtis sliwa race": ["curtis sliwa netflix", "curtis sliwa net worth", "curtis sliwa trump", "curtis sliwa policies", "curtis sliwa cats", "curtis sliwa martial arts", "curtis sliwa parents", "curtis sliwa for mayor"], "curtis sliwa endorsement": ["curtis sliwa trump", "curtis sliwa net worth", "curtis sliwa policies", "curtis sliwa campaign", "curtis sliwa platform", "curtis sliwa netflix", "curtis sliwa wife nancy regula", "curtis sliwa poll"], "curtis sliwa covid": ["curtis sliwa covid"], "curtis sliwa transportation": ["curtis sliwa mayor", "nyt curtis sliwa"], "curtis sliwa MTA": ["curtis sliwa refund the police", "curtis sliwa mayor", "nypost curtis sliwa", "curtis sliwa popularity", "nyt curtis sliwa", "guardian angels"], "curtis sliwa education": ["curtis sliwa net worth", "curtis sliwa netflix", "curtis sliwa platform", "curtis sliwa education policy", "curtis sliwa trump", "curtis sliwa for mayor", "what ethnicity is curtis sliwa", "curtis sliwa wife nancy regula"], "curtis sliwa LGBT": ["curtis sliwa mayor 2021 website", "guardian angels", "guardian angel"], "curtis sliwa background": ["curtis sliwa platform", "curtis sliwa netflix", "curtis sliwa net worth", "curtis sliwa parents", "curtis sliwa wife nancy regula", "curtis sliwa policies", "curtis sliwa sister", "what ethnicity is curtis sliwa"], "curtis sliwa net worth": ["curtis sliwa netflix", "curtis sliwa net worth 2021", "curtis sliwa salary", "curtis sliwa parents", "curtis sliwa trump", "what is the nationality of curtis sliwa", "curtis sliwa height", "curtis sliwa net worth 2018", "curtis sliwa for mayor"]}