{"curtis sliwa background": ["curtis sliwa parents", "what ethnicity is curtis sliwa", "curtis sliwa apartment", "curtis sliwa mayor campaign", "curtis sliwa for mayor polls", "curtis sliwa wife age", "curtis sliwa platform", "curtis sliwa for mayor"], "curtis sliwa covid": false, "curtis sliwa education": ["curtis sliwa net worth", "what ethnicity is curtis sliwa", "curtis sliwa cats", "curtis sliwa vs eric adams", "curtis sliwa salary", "curtis sliwa height", "curtis sliwa policies", "curtis sliwa parents"], "curtis sliwa endorsement": ["curtis sliwa trump", "curtis sliwa net worth", "curtis sliwa platform", "curtis sliwa policies", "curtis sliwa poll", "curtis sliwa campaign", "curtis sliwa wife nancy regula", "what ethnicity is curtis sliwa"], "curtis sliwa for mayor": ["curtis sliwa for mayor website", "curtis sliwa for mayor polls", "curtis sliwa parents", "curtis sliwa trump", "what ethnicity is curtis sliwa", "curtis sliwa mayor 2021", "can curtis sliwa win", "curtis sliwa net worth"], "curtis sliwa LGBT": ["curtis sliwa platform", "curtis sliwa party", "curtis sliwa policies", "curtis sliwa poll", "why does curtis sliwa wear a beret", "curtis sliwa views", "curtis sliwa apartment", "curtis sliwa vs eric adams polls"], "curtis sliwa mayoral election": ["curtis sliwa mayoral candidate", "curtis sliwa for mayor website", "can curtis sliwa win", "curtis sliwa cats", "curtis sliwa poll", "curtis sliwa stance", "eric adams nyc mayor", "curtis sliwa commercial"], "curtis sliwa MTA": ["curtis sliwa platform", "where is curtis sliwa today", "curtis sliwa trump", "curtis sliwa net worth", "curtis sliwa mayor", "curtis sliwa cats", "curtis sliwa wife nancy regula", "curtis sliwa commercial"], "curtis sliwa net worth": ["curtis sliwa net worth 2021", "curtis sliwa salary", "curtis sliwa trump", "curtis sliwa apartment", "curtis sliwa height", "curtis sliwa wife age", "curtis sliwa netflix", "what is the nationality of curtis sliwa"], "curtis sliwa nyc": ["curtis sliwa net worth", "curtis sliwa vs eric adams", "curtis sliwa for mayor", "curtis sliwa debate", "curtis sliwa platform", "curtis sliwa poll", "curtis sliwa netflix", "curtis sliwa cats"], "curtis sliwa partner": ["curtis sliwa net worth", "curtis sliwa wife nancy regula", "lisa sliwa", "curtis sliwa parents", "nancy regula wikipedia", "curtis sliwa netflix", "curtis sliwa trump", "curtis sliwa cats"], "curtis sliwa race": ["curtis sliwa trump", "curtis sliwa party", "does curtis sliwa have a chance", "curtis sliwa cats", "curtis sliwa policies", "curtis sliwa poll", "curtis sliwa platform", "curtis sliwa vs eric adams polls"], "curtis sliwa transportation": ["curtis sliwa for mayor website", "where is curtis sliwa today", "curtis sliwa contact", "curtis sliwa events", "curtis sliwa issues", "curtis sliwa fundraiser", "curtis sliwa housing", "curtis sliwa shsat"], "curtis sliwa": ["curtis sliwa net worth", "curtis sliwa trump", "curtis sliwa cats", "curtis sliwa debate", "curtis sliwa mayor", "curtis sliwa poll", "curtis sliwa platform", "what ethnicity is curtis sliwa"], "eric adams background": ["eric adams parents", "eric adams wife", "eric adams family", "eric adams mayor policies", "eric adams son", "eric adams salary", "eric adams wiki", "eric adams nyc mayor"], "eric adams covid": false, "eric adams education": ["eric adams wife", "eric adams partner", "eric adams mayor policies", "eric adams son", "eric adams police", "eric adams vegan", "eric adams twitter"], "eric adams endorsement": ["eric adams police", "eric adams policies", "aoc endorsements 2021", "nyc mayoral candidates 2021 polls", "eric adams platform", "eric adams son", "eric adams parents", "new york times endorsements 2021"], "eric adams for mayor": ["eric adams mayor wife", "eric adams mayor website", "eric adams campaign", "eric adams children", "eric adams mayor policies", "eric adams platform", "eric adams vegan", "nyc mayoral candidates"], "eric adams LGBT": ["eric adams partner", "eric adams is he married", "eric adams wife", "eric adams profile", "eric adams son", "eric adams rikers island", "eric adams platform", "eric adams conservative"], "eric adams mayoral election": ["eric adams son", "eric adams mayor policies", "eric adams mayor website", "eric adams campaign", "eric adams platform", "curtis sliwa mayor", "eric adams police", "can curtis sliwa win"], "eric adams MTA": ["eric adams twitter", "eric adams 3rd person", "how to contact eric adams", "eric adams statement", "eric adams schedule", "eric adams bitcoin", "eric adams education", "eric adams today"], "eric adams net worth": ["eric adams wife", "eric adams height", "eric adams partner", "eric adams son jordan", "eric adams son", "eric adams children", "eric adams police", "eric adams family"], "eric adams nyc": ["eric adams nyc mayor", "eric adams wife", "eric adams partner", "eric adams twitter", "eric adams education", "eric adams platform", "eric adams children", "eric adams police"], "eric adams partner": ["eric adams wife", "eric adams wife picture", "eric adams family", "eric adams children", "eric adams son", "eric adams parents", "eric adams education", "eric adams platform"], "eric adams race": ["eric adams wife", "eric adams family", "eric adams children", "eric adams education", "eric adams campaign", "eric adams vegan", "eric adams partner", "eric adams book"], "eric adams transportation": ["eric adams obama", "eric adams for mayor", "eric adams education", "eric adams 3rd person", "eric adams interview", "eric adams nytimes interview", "eric adams goals"], "eric adams": ["eric adams wife", "eric adams police", "eric adams twitter", "eric adams platform", "eric adams partner", "eric adams family", "eric adams son", "eric adams policies"], "new york mayor candidates": ["new york city elections 2021", "nyc mayoral candidates platforms", "nyc republican mayoral candidates", "nyc election candidates 2021", "nyc mayoral debate", "nyc mayoral race 2021 results", "curtis sliwa mayor", "new york mayoral race polls 538"], "nyc mayoral election": ["nyc republican mayoral candidates", "nyc mayoral candidates platforms", "2017 nyc mayoral election", "2001 nyc mayoral election", "nyc election candidates 2021", "nyc mayoral race 2021 results", "nyc mayoral election prediction", "2017 nyc mayoral election by borough"]}