{"nyc mayoral election": ["nyc mayoral polls 2021", "nyc mayoral election results", "nyc republican mayoral candidates", "nyc mayoral candidates platforms", "nyc mayoral debate", "2009 nyc mayoral election", "1997 nyc mayoral election", "nyc mayoral candidates compare", "eric adams"], "new york mayor candidates": ["nyc mayoral candidates 2021", "nyc mayoral candidates 2021 polls", "new york mayoral election polls", "new york city elections 2021", "nyc primary candidates 2021", "new york mayoral race", "nyc mayoral candidates platforms", "nyc mayoral candidates compare"], "eric adams": ["eric adams (manowar)", "eric adams police", "eric adams wife", "eric adams mayor", "eric adams twitter", "eric adams platform", "eric adams wiki", "eric adams partner", "nyc mayoral race"], "eric adams nyc": ["eric adams nyc mayor", "eric adams wife", "eric adams partner", "eric adams twitter", "eric adams education", "eric adams platform", "eric adams police", "eric adams son", "eric adams"], "eric adams mayoral election": ["eric adams mayor wife", "eric adams son", "eric adams twitter", "eric adams family", "eric adams mayor website", "eric adams polls", "nyc mayoral candidates 2021", "eric adams platform"], "eric adams for mayor": ["eric adams mayor website", "eric adams mayor wife", "eric adams partner", "eric adams family", "eric adams twitter", "eric adams campaign", "eric adams education", "eric adams platform", "eric adams"], "eric adams partner": ["eric adams son", "eric adams mayor wife", "eric adams family", "eric adams son jordan", "eric adams wife picture", "eric adams height", "eric adams parents", "eric adams", "tracey collins eric adams", "is eric adams married"], "eric adams race": ["eric adams wife", "eric adams family", "eric adams education", "eric adams partner", "eric adams book", "eric adams platform", "eric adams son"], "eric adams endorsement": ["eric adams policies", "eric adams platform", "nyc mayoral candidates 2021", "aoc endorsements 2021", "eric adams mayor", "new york times endorsements 2021", "nyc mayoral candidates 2021 polls", "eric adams pastor"], "eric adams covid": ["nyc shut down 2021", "eric adams book"], "eric adams transportation": ["eric adams obama", "eric adams mta", "eric adams 3rd person", "eric adams beliefs", "eric adams education", "eric adams nyt", "eric adams interview", "eric adams nytimes interview"], "eric adams MTA": ["eric adams twitter", "eric adams 3rd person", "eric adams statement", "eric adams email", "eric adams bitcoin", "is eric adams good", "eric adams education", "eric adams today"], "eric adams education": ["eric adams wife", "eric adams partner", "eric adams salary", "eric adams family", "eric adams son", "eric adams is he married", "eric adams nyc mayor", "eric adams", "eric adams education policy"], "eric adams LGBT": ["eric adams wife", "eric adams partner", "eric adams son", "eric adams profile", "eric adams mayor", "eric adams rikers island", "eric adams conservative", "eric adams platform"], "eric adams background": ["eric adams parents", "eric adams wife", "eric adams family", "eric adams son", "eric adams education", "eric adams nyc mayor", "eric adams height"], "eric adams net worth": ["eric adams wife", "eric adams son", "eric adams salary", "andrew yang net worth", "eric adams age", "eric adams partner", "maya wiley net worth", "eric adams manowar height", "eric adams", "joey demaio net worth"], "curtis sliwa": ["curtis sliwa netflix", "curtis sliwa net worth", "curtis sliwa trump", "curtis sliwa mayor", "curtis sliwa cats", "curtis sliwa wiki", "curtis sliwa poll", "what ethnicity is curtis sliwa", "eric adams"], "curtis sliwa nyc": ["curtis sliwa net worth", "curtis sliwa netflix", "curtis sliwa trump", "curtis sliwa platform", "curtis sliwa parents", "curtis sliwa cats", "curtis sliwa radio show", "curtis sliwa martial arts"], "curtis sliwa mayoral election": ["curtis sliwa trump", "curtis sliwa netflix", "curtis sliwa net worth", "curtis sliwa for mayor polls", "curtis sliwa mayor 2021", "curtis sliwa mayor 2021 website", "can curtis sliwa win", "curtis sliwa twitter"], "curtis sliwa for mayor": ["curtis sliwa for mayor website", "curtis sliwa for mayor polls", "curtis sliwa netflix", "curtis sliwa trump", "curtis sliwa net worth", "curtis sliwa debate", "curtis sliwa parents", "curtis sliwa radio show", "eric adams"], "curtis sliwa partner": ["curtis sliwa net worth", "what is the nationality of curtis sliwa", "curtis sliwa netflix", "curtis sliwa parents", "curtis sliwa trump", "curtis sliwa cats", "nancy sliwa", "curtis sliwa wife nancy regula"], "curtis sliwa race": ["curtis sliwa netflix", "curtis sliwa net worth", "curtis sliwa trump", "curtis sliwa debate", "curtis sliwa cats", "curtis sliwa policies", "curtis sliwa martial arts", "curtis sliwa for mayor"], "curtis sliwa endorsement": ["curtis sliwa trump", "curtis sliwa net worth", "curtis sliwa policies", "curtis sliwa platform", "curtis sliwa campaign", "curtis sliwa netflix", "curtis sliwa wife nancy regula", "curtis sliwa for mayor"], "curtis sliwa covid": ["curtis sliwa covid"], "curtis sliwa transportation": ["curtis sliwa mayor", "curtis sliwa popularity", "nyt curtis sliwa", "curtis sliwa refund the police", "nypost curtis sliwa"], "curtis sliwa MTA": ["curtis sliwa refund the police", "curtis sliwa mayor", "nypost curtis sliwa", "curtis sliwa popularity", "nyt curtis sliwa", "guardian angels"], "curtis sliwa education": ["curtis sliwa net worth", "curtis sliwa netflix", "curtis sliwa platform", "curtis sliwa education policy", "curtis sliwa for mayor", "curtis sliwa wife nancy regula", "what ethnicity is curtis sliwa", "curtis sliwa trump"], "curtis sliwa LGBT": ["guardian angels", "guardian angels", "guardian angel"], "curtis sliwa background": ["curtis sliwa platform", "curtis sliwa netflix", "curtis sliwa net worth", "curtis sliwa parents", "curtis sliwa wife nancy regula", "curtis sliwa policies", "what ethnicity is curtis sliwa", "curtis sliwa mayor"], "curtis sliwa net worth": ["curtis sliwa netflix", "curtis sliwa net worth 2021", "curtis sliwa parents", "what is the nationality of curtis sliwa", "curtis sliwa trump", "curtis sliwa height", "curtis sliwa net worth 2018", "curtis sliwa for mayor", "lisa evers net worth"]}