{"eric adams": ["eric adams police", "eric adams wife", "eric adams mayor", "eric adams twitter", "eric adams platform", "eric adams partner", "eric adams education", "eric adams policies", "nyc mayoral race"], "eric adams mayoral election": ["nyc mayoral candidates", "nyc mayoral race polls", "curtis sliwa", "nyc mayoral race 2021 results", "new york mayoral race polls 538", "nyc election candidates 2021", "nyc mayoral polls 2021", "eric adams platform"], "eric adams for mayor": ["eric adams mayor website", "eric adams mayor wife", "eric adams mayor policies", "eric adams partner", "eric adams campaign", "eric adams education", "eric adams twitter", "eric adams family", "eric adams"], "eric adams partner": ["eric adams son", "eric adams mayor wife", "eric adams family", "eric adams son jordan", "eric adams wife picture", "eric adams height", "eric adams parents", "eric adams wife", "eric adams", "tracey collins"], "eric adams race": ["eric adams parents", "eric adams wife", "eric adams family", "eric adams education", "eric adams campaign", "eric adams partner", "eric adams platform"], "eric adams endorsement": ["eric adams policies", "eric adams platform", "nyc mayoral candidates 2021", "eric adams mayor", "nyc mayoral candidates 2021 polls", "eric adams pastor", "maya wiley endorsements", "kathryn garcia endorsements"], "eric adams covid": ["eric adams covid"], "eric adams transportation": ["eric adams obama", "eric adams for mayor", "eric adams education", "eric adams 3rd person", "eric adams interview", "eric adams nytimes interview", "eric adams goals", "eric adams brooklyn borough president"], "eric adams MTA": ["eric adams twitter", "eric adams 3rd person", "how to contact eric adams", "eric adams statement", "eric adams schedule", "eric adams bitcoin", "eric adams education", "eric adams today"], "eric adams education": ["eric adams wife", "eric adams partner", "eric adams salary", "eric adams family", "eric adams is he married", "eric adams son", "eric adams nyc mayor", "eric adams", "Chrisena Coleman"], "eric adams LGBT": ["eric adams partner", "eric adams wife", "eric adams son", "eric adams is he married", "eric adams jamaica", "eric adams profile", "eric adams conservative", "eric adams eyesight"], "eric adams background": ["eric adams parents", "eric adams wife", "eric adams family", "eric adams son", "eric adams education", "eric adams nyc mayor", "eric adams height"], "eric adams net worth": ["eric adams wife", "eric adams son", "eric adams partner", "eric adams height", "eric adams son jordan", "eric adams wiki", "eric adams parents", "eric adams", "andrew yang net worth", "joey demaio net worth"], "curtis sliwa": ["curtis sliwa netflix", "curtis sliwa net worth", "curtis sliwa trump", "curtis sliwa cats", "curtis sliwa mayor", "curtis sliwa debate", "curtis sliwa platform", "curtis sliwa poll", "eric adams"], "curtis sliwa nyc": ["curtis sliwa debate", "curtis sliwa net worth", "curtis sliwa netflix", "curtis sliwa platform", "curtis sliwa trump", "curtis sliwa cats", "curtis sliwa parents", "curtis sliwa for mayor"], "curtis sliwa mayoral election": ["nyc mayoral election 2021", "nyc mayoral race polls", "nyc mayoral race 2021 results", "nyc election candidates 2021", "new york mayoral race polls 538"], "curtis sliwa for mayor": ["curtis sliwa for mayor website", "curtis sliwa for mayor polls", "curtis sliwa mayor 2021", "curtis sliwa netflix", "curtis sliwa trump", "curtis sliwa net worth", "curtis sliwa debate", "curtis sliwa mayor campaign", "eric adams"], "curtis sliwa partner": ["curtis sliwa net worth", "what is the nationality of curtis sliwa", "curtis sliwa netflix", "curtis sliwa parents", "curtis sliwa guardian angels", "curtis sliwa trump", "nancy sliwa", "curtis sliwa cats", "Nancy Regula"], "curtis sliwa race": ["curtis sliwa netflix", "curtis sliwa net worth", "curtis sliwa debate", "curtis sliwa trump", "curtis sliwa cats", "curtis sliwa platform", "curtis sliwa policies", "curtis sliwa for mayor"], "curtis sliwa endorsement": ["curtis sliwa trump", "curtis sliwa net worth", "curtis sliwa policies", "curtis sliwa platform", "curtis sliwa campaign", "curtis sliwa poll", "curtis sliwa wife nancy regula", "curtis sliwa for mayor"], "curtis sliwa covid": ["curtis sliwa covid"], "curtis sliwa MTA": ["curtis sliwa trump", "curtis sliwa mayor", "curtis sliwa events", "curtis sliwa fundraiser", "curtis sliwa commercial", "nyt curtis sliwa", "how tall is curtis sliwa", "curtis sliwa press conference"], "curtis sliwa education": ["curtis sliwa net worth", "curtis sliwa education college", "curtis sliwa education policy", "curtis sliwa platform", "curtis sliwa netflix", "curtis sliwa for mayor", "curtis sliwa trump", "curtis sliwa parents"], "curtis sliwa LGBT": ["curtis sliwa trump", "curtis sliwa net worth", "curtis sliwa platform", "curtis sliwa for mayor polls", "curtis sliwa mayor", "curtis sliwa political party", "curtis sliwa poll", "curtis sliwa policies"], "curtis sliwa background": ["curtis sliwa platform", "curtis sliwa netflix", "curtis sliwa net worth", "curtis sliwa parents", "curtis sliwa wife nancy regula", "curtis sliwa mayor", "curtis sliwa policies", "what ethnicity is curtis sliwa"], "curtis sliwa net worth": ["curtis sliwa netflix", "curtis sliwa net worth 2021", "curtis sliwa salary", "curtis sliwa parents", "what is the nationality of curtis sliwa", "curtis sliwa trump", "curtis sliwa height", "curtis sliwa net worth 2018", "curtis sliwa for mayor"], "nyc mayoral election": ["nyc mayoral polls 2021", "nyc mayoral election results", "nyc republican mayoral candidates", "nyc mayoral candidates platforms", "2017 nyc mayoral election", "2001 nyc mayoral election", "nyc mayoral race 2021 results", "new york mayoral race polls 538", "eric adams"], "new york mayor candidates": ["nyc republican mayoral candidates", "nyc mayoral race 2021 results", "nyc mayoral candidates platforms", "new york mayoral race polls 538", "june primary new york 2021", "eric adams nyc mayor", "nyc mayoral debate", "new york state primary elections, 2021 date"], "eric adams nyc": ["eric adams nyc mayor", "eric adams wife", "eric adams partner", "eric adams twitter", "eric adams education", "eric adams platform", "eric adams police", "eric adams", "nyc mayoral race"], "curtis sliwa transportation": ["curtis sliwa mayor", "curtis sliwa for mayor website", "curtis sliwa net worth", "curtis sliwa party", "curtis sliwa trump", "can curtis sliwa win", "fernando mateo", "nyc mayoral polls"]}