{"curtis sliwa background": ["curtis sliwa parents", "what ethnicity is curtis sliwa?", "curtis sliwa net worth", "curtis sliwa apartment", "curtis sliwa red beret", "curtis sliwa platform", "curtis sliwa mayor 2021", "curtis sliwa policies"], "curtis sliwa covid": ["mandatory covid vaccine new york", "new york city vaccine mandate"], "curtis sliwa education": ["curtis sliwa net worth", "curtis sliwa martial arts", "what ethnicity is curtis sliwa", "curtis sliwa salary", "curtis sliwa for mayor", "curtis sliwa policies", "curtis sliwa political party"], "curtis sliwa endorsement": ["curtis sliwa net worth", "curtis sliwa trump", "can curtis sliwa win", "curtis sliwa policies", "curtis sliwa wife nancy regula", "curtis sliwa platform", "curtis sliwa for mayor", "curtis sliwa guardian angels"], "curtis sliwa for mayor": ["curtis sliwa for mayor website", "curtis sliwa campaign", "curtis sliwa wife nancy regula", "curtis sliwa for mayor polls", "curtis sliwa for mayor address", "curtis sliwa height", "curtis sliwa guardian angels", "curtis sliwa trump"], "curtis sliwa LGBT": ["guardian angels", "what is a guardian angel", "when was lgbtq created", "guardian angel"], "curtis sliwa mayoral election": ["curtis sliwa trump", "curtis sliwa for mayor polls", "curtis sliwa net worth", "curtis sliwa political party", "curtis sliwa mayor 2021", "nyc mayoral election", "curtis sliwa for mayor website", "can curtis sliwa win"], "curtis sliwa MTA": ["curtis sliwa refund the police", "curtis sliwa mayor", "nypost curtis sliwa", "curtis sliwa popularity", "guardian angels", "guardian angel", "what is a guardian angel"], "curtis sliwa net worth": ["curtis sliwa trump", "what is the nationality of curtis sliwa", "curtis sliwa apartment", "curtis sliwa netflix", "curtis sliwa wife nancy regula", "curtis sliwa height", "curtis sliwa for mayor", "nancy sliwa"], "curtis sliwa nyc": ["curtis sliwa net worth", "curtis sliwa platform", "curtis sliwa twitter", "curtis sliwa debate", "curtis sliwa guardian angels", "curtis sliwa trump", "curtis sliwa apartment", "curtis sliwa phone number"], "curtis sliwa partner": ["curtis sliwa net worth", "curtis sliwa netflix", "curtis sliwa parents", "curtis sliwa trump", "curtis sliwa red beret", "curtis sliwa for mayor polls", "curtis sliwa cats", "nancy sliwa"], "curtis sliwa race": ["curtis sliwa netflix", "curtis sliwa net worth", "curtis sliwa trump", "curtis sliwa guardian angels", "curtis sliwa debate", "curtis sliwa cats", "curtis sliwa policies", "curtis sliwa martial arts"], "curtis sliwa transportation": ["curtis sliwa mayor", "guardian angels nyc", "eric adams", "curtis sliwa climate change", "guardian angels"], "curtis sliwa": ["curtis sliwa net worth", "curtis sliwa netflix", "curtis sliwa trump", "curtis sliwa height", "curtis sliwa phone number", "curtis sliwa salary", "curtis sliwa debate", "curtis sliwa cats"], "eric adams background": ["eric adams children", "eric adams parents", "eric adams wife", "eric adams family", "eric adams son", "eric adams vegan", "eric adams son jordan", "eric adams is he married"], "eric adams covid": ["nyc shut down 2021", "eric adams vaccine"], "eric adams education": ["eric adams wife", "eric adams salary", "eric adams partner", "eric adams is he married", "eric adams son", "eric adams summer school", "eric adams mayor policies", "eric adams police"], "eric adams endorsement": ["eric adams wife", "eric adams police", "eric adams political views", "eric adams policies", "eric adams platform", "eric adams twitter", "eric adams partner", "eric adams campaign"], "eric adams for mayor": ["eric adams wife", "eric adams mayor website", "eric adams campaign", "eric adams platform", "eric adams partner", "eric adams family", "when does eric adams take office", "nyc mayoral candidates"], "eric adams LGBT": ["eric adams children", "eric adams profile", "eric adams wife", "eric adams partner", "eric adams wife picture", "eric adams son", "eric adams mayor", "eric adams rikers island"], "eric adams mayoral election": ["eric adams partner", "eric adams wife", "eric adams son", "eric adams twitter", "eric adams mayor policies", "eric adams mayor website", "when is nyc mayoral election 2021", "who won mayor of new york"], "eric adams MTA": ["eric adams twitter", "eric adams statement", "eric adams email", "is eric adams good", "eric adams bitcoin", "eric adams' education", "eric adams today"], "eric adams net worth": ["eric adams salary", "eric adams wife", "andrew yang net worth", "eric adams age", "eric adams son", "eric adams family", "eric adams wife manowar", "eric adams manowar height"], "eric adams nyc": ["eric adams nyc mayor", "eric adams wife", "eric adams partner", "eric adams' education", "eric adams twitter", "eric adams platform", "eric adams police", "eric adams son"], "eric adams partner": ["eric adams wife picture", "eric adams married", "eric adams children", "eric adams is he married", "eric adams son", "eric adams salary", "tracey collins"], "eric adams race": ["eric adams wife", "eric adams parents", "eric adams wiki", "eric adams family", "eric adams' education", "eric adams children", "eric adams partner", "eric adams platform"], "eric adams transportation": ["eric adams mta", "eric adams beliefs", "eric adams' education", "eric adams interview", "eric adams ranked-choice voting", "eric adams outdoor dining"], "eric adams": ["eric adams manowar", "eric adams wife", "eric adams police", "eric adams mayor", "eric adams twitter", "eric adams platform", "eric adams wiki", "eric adams partner"], "new york mayor candidates": ["nyc mayoral candidates 2021", "nyc mayoral candidates 2021 polls", "new york mayoral election polls", "nyc primary candidates 2021", "nyc mayoral candidates platforms", "nyc mayoral candidates compare", "new york city elections 2021", "nyc mayoral candidates republican"], "nyc mayoral election": ["nyc mayoral polls 2021", "nyc mayoral election results", "nyc mayoral election primary", "nyc mayoral election 2021", "nyc mayoral candidates republican", "nyc mayoral candidates platforms", "when is bill de blasio term up", "nyc mayoral election results 2021"]}