{"nyc mayoral election": ["nyc mayoral polls 2021", "nyc mayoral election results", "nyc republican mayoral candidates", "nyc mayoral candidates platforms", "nyc mayoral debate", "2009 nyc mayoral election", "1997 nyc mayoral election", "nyc mayoral candidates compare", "eric adams"], "new york mayor candidates": ["nyc mayoral candidates 2021", "nyc mayoral candidates 2021 polls", "new york mayoral election polls", "new york city elections 2021", "nyc primary candidates 2021", "new york mayoral race", "nyc mayoral candidates platforms", "nyc mayoral candidates compare"], "eric adams": ["eric adams (manowar)", "eric adams police", "eric adams wife", "eric adams mayor", "eric adams twitter", "eric adams platform", "eric adams wiki", "eric adams partner", "eric adams policies"], "eric adams nyc": ["eric adams nyc mayor", "eric adams wife", "eric adams partner", "eric adams twitter", "eric adams education", "eric adams platform", "eric adams police", "eric adams son", "eric adams"], "eric adams mayoral election": ["eric adams mayor wife", "eric adams son", "eric adams family", "eric adams mayor website", "eric adams polls", "nyc mayoral election", "eric adams platform", "nyc mayoral race results"], "eric adams for mayor": ["eric adams mayor website", "eric adams mayor wife", "eric adams campaign", "eric adams partner", "eric adams family", "eric adams twitter", "eric adams education", "eric adams platform", "eric adams"], "eric adams partner": ["eric adams son", "eric adams mayor wife", "eric adams family", "eric adams son jordan", "eric adams wife picture", "eric adams height", "eric adams parents", "eric adams", "tracey collins eric adams", "is eric adams married"], "eric adams race": ["eric adams parents", "eric adams wife", "eric adams family", "eric adams education", "eric adams partner", "eric adams book", "eric adams platform"], "eric adams endorsement": ["eric adams policies", "eric adams platform", "nyc mayoral candidates 2021", "aoc endorsements 2021", "eric adams mayor", "new york times endorsements 2021", "nyc mayoral candidates 2021 polls", "eric adams pastor"], "eric adams covid": ["eric adams vaccine passport", "nyc shut down 2021", "eric adams book"], "eric adams transportation": ["eric adams obama", "eric adams mta", "eric adams 3rd person", "eric adams beliefs", "eric adams education", "eric adams nyt", "eric adams interview", "eric adams nytimes interview"], "eric adams MTA": ["eric adams twitter", "eric adams 3rd person", "eric adams statement", "eric adams email", "eric adams bitcoin", "is eric adams good", "eric adams education", "eric adams today"], "eric adams education": ["eric adams wife", "eric adams partner", "eric adams salary", "eric adams family", "eric adams is he married", "eric adams son", "eric adams nyc mayor", "eric adams", "eric adams education policy"], "eric adams LGBT": ["eric adams wife", "eric adams partner", "eric adams son", "eric adams profile", "eric adams mayor", "eric adams rikers island", "eric adams conservative", "eric adams platform"], "eric adams background": ["eric adams parents", "eric adams wife", "eric adams family", "eric adams son", "eric adams education", "eric adams nyc mayor", "eric adams height"], "eric adams net worth": ["eric adams wife", "eric adams son", "eric adams salary", "andrew yang net worth", "eric adams partner", "eric adams age", "eric adams manowar height", "eric adams wife manowar", "eric adams", "joey demaio net worth"], "curtis sliwa": ["curtis sliwa netflix", "curtis sliwa net worth", "curtis sliwa trump", "curtis sliwa mayor", "curtis sliwa cats", "curtis sliwa wiki", "curtis sliwa poll", "what ethnicity is curtis sliwa", "eric adams"], "curtis sliwa nyc": ["curtis sliwa net worth", "curtis sliwa netflix", "curtis sliwa trump", "curtis sliwa platform", "curtis sliwa parents", "curtis sliwa cats", "curtis sliwa radio show", "curtis sliwa martial arts"], "curtis sliwa mayoral election": ["curtis sliwa trump", "curtis sliwa for mayor polls", "curtis sliwa mayor 2021", "curtis sliwa for mayor website", "can curtis sliwa win", "curtis sliwa cats", "curtis sliwa contact", "nyc mayoral election"], "curtis sliwa for mayor": ["curtis sliwa for mayor website", "curtis sliwa for mayor polls", "curtis sliwa netflix", "curtis sliwa trump", "curtis sliwa net worth", "curtis sliwa guardian angels", "curtis sliwa parents", "curtis sliwa radio show", "eric adams"], "curtis sliwa partner": ["curtis sliwa net worth", "what is the nationality of curtis sliwa", "curtis sliwa netflix", "curtis sliwa parents", "curtis sliwa trump", "curtis sliwa cats", "nancy sliwa", "curtis sliwa wife nancy regula"], "curtis sliwa race": ["curtis sliwa netflix", "curtis sliwa trump", "curtis sliwa cats", "curtis sliwa policies", "curtis sliwa for mayor", "curtis sliwa martial arts", "curtis sliwa parents", "curtis sliwa platform"], "curtis sliwa endorsement": ["curtis sliwa trump", "curtis sliwa net worth", "curtis sliwa policies", "curtis sliwa platform", "curtis sliwa campaign", "curtis sliwa netflix", "curtis sliwa wife nancy regula", "curtis sliwa for mayor"], "curtis sliwa covid": ["curtis sliwa covid"], "curtis sliwa transportation": ["curtis sliwa mayor", "curtis sliwa popularity", "nyt curtis sliwa", "guardian angels nyc", "curtis sliwa refund the police", "eric adams", "nypost curtis sliwa"], "curtis sliwa MTA": ["curtis sliwa refund the police", "curtis sliwa mayor", "nypost curtis sliwa", "curtis sliwa popularity", "nyt curtis sliwa", "guardian angels", "guardian angel"], "curtis sliwa education": ["curtis sliwa net worth", "curtis sliwa netflix", "curtis sliwa education policy", "curtis sliwa platform", "curtis sliwa for mayor", "curtis sliwa wife nancy regula", "curtis sliwa trump", "what ethnicity is curtis sliwa"], "curtis sliwa background": ["curtis sliwa platform", "curtis sliwa netflix", "curtis sliwa net worth", "curtis sliwa parents", "curtis sliwa policies", "curtis sliwa wife nancy regula", "curtis sliwa mayor", "what ethnicity is curtis sliwa"], "curtis sliwa net worth": ["curtis sliwa netflix", "curtis sliwa net worth 2021", "curtis sliwa parents", "what is the nationality of curtis sliwa", "curtis sliwa trump", "curtis sliwa height", "curtis sliwa net worth 2018", "curtis sliwa for mayor", "lisa evers net worth"], "curtis sliwa LGBT": ["guardian angels", "guardian angels", "guardian angel"]}