{"boston mayor candidates": ["boston mayoral election 2020", "boston mayoral election candidates", "boston mayoral poll 2021", "boston elections, 2021", "boston mayoral race candidates 2021", "boston mayoral election results", "who is running for mayor of boston 2021", "boston mayoral candidates poll"], "boston mayoral election": ["boston mayoral election 2020", "boston mayoral candidates 2021", "boston mayoral election results", "boston mayoral election 2021 primary", "boston mayoral election primary", "boston mayoral election polls", "boston mayoral polls", "boston mayoral poll 2021"], "curtis sliwa background": ["curtis sliwa parents", "what ethnicity is curtis sliwa", "curtis sliwa wife nancy regula", "curtis sliwa political party", "curtis sliwa platform", "curtis sliwa mayor campaign", "curtis sliwa net worth 2021", "curtis sliwa cats"], "curtis sliwa covid": false, "curtis sliwa education": ["curtis sliwa net worth", "curtis sliwa education policy", "curtis sliwa parents", "curtis sliwa platform", "how much does curtis sliwa make a year", "curtis sliwa martial arts", "curtis sliwa political party", "curtis sliwa mayor campaign"], "curtis sliwa endorsement": ["curtis sliwa trump", "curtis sliwa net worth", "curtis sliwa polling", "fernando mateo", "curtis sliwa for mayor website", "curtis sliwa wife nancy regula", "curtis sliwa policies", "curtis sliwa giuliani"], "curtis sliwa for mayor": ["curtis sliwa for mayor website", "curtis sliwa for mayor polls", "curtis sliwa net worth", "curtis sliwa platform", "curtis sliwa netflix", "curtis sliwa guardian angels", "curtis sliwa mayor 2021 website", "curtis sliwa wife nancy regula"], "curtis sliwa LGBT": ["curtis sliwa for mayor website", "curtis sliwa for mayor polls", "curtis sliwa net worth", "guardian angels", "guardian angel"], "curtis sliwa mayoral election": ["curtis sliwa trump", "curtis sliwa for mayor polls", "curtis sliwa net worth", "curtis sliwa mayor 2021", "curtis sliwa mayor 2021 website", "can curtis sliwa win mayor", "nyc mayoral election", "curtis sliwa platform"], "curtis sliwa MTA": ["curtis sliwa refund the police", "curtis sliwa mayor", "nypost curtis sliwa", "curtis sliwa nypd", "guardian angels", "guardian angel"], "curtis sliwa net worth": ["curtis sliwa net worth 2021", "curtis sliwa netflix", "curtis sliwa trump", "curtis sliwa parents", "curtis sliwa height and weight", "what is the nationality of curtis sliwa", "curtis sliwa radio show", "curtis sliwa mayor campaign"], "curtis sliwa nyc": ["curtis sliwa debate", "curtis sliwa net worth", "curtis sliwa trump", "curtis sliwa platform", "curtis sliwa for mayor website", "curtis sliwa wife nancy regula", "curtis sliwa netflix", "curtis sliwa and juliet"], "curtis sliwa partner": ["curtis sliwa wife nancy regula", "curtis sliwa sister", "curtis sliwa parents", "curtis sliwa netflix", "curtis sliwa net worth 2021", "lisa sliwa", "nancy regula wikipedia", "how much does curtis sliwa make a year"], "curtis sliwa race": ["curtis sliwa netflix", "curtis sliwa net worth", "curtis sliwa debate", "curtis sliwa trump", "curtis sliwa cats", "curtis sliwa parents", "curtis sliwa and juliet", "curtis sliwa martial arts"], "curtis sliwa transportation": ["curtis sliwa mayor", "curtis sliwa climate change"], "curtis sliwa": ["curtis sliwa net worth", "what is the nationality of curtis sliwa", "curtis sliwa netflix", "curtis sliwa trump", "curtis sliwa cats", "curtis sliwa mayor", "curtis sliwa debate", "curtis sliwa and juliet"], "eric adams background": ["eric adams parents nationality", "eric adams parents", "eric adams wife", "eric adams family", "eric adams son", "eric adams nyc mayor", "eric adams political views", "eric adams salary"], "eric adams covid": ["nyc shut down 2021"], "eric adams education": ["eric adams partner", "eric adams education plan", "eric adams is he married", "eric adams education platform", "eric adams son", "eric adams education policy", "eric adams parents"], "eric adams endorsement": ["eric adams policies", "eric adams mayor", "nyc mayoral candidates 2021", "eric adams platform", "nyc mayoral candidates 2021 polls", "eric adams pastor", "new york times endorsements 2021", "kathryn garcia endorsements"], "eric adams for mayor": ["eric adams wife", "eric adams mayor policies", "eric adams partner", "eric adams is he married", "eric adams party", "eric adams parents", "eric adams vegan", "eric adams platform"], "eric adams LGBT": ["eric adams wife", "eric adams son", "eric adams partner", "eric adams apartment", "eric adams platform", "eric adams is he married", "eric adams partner fort lee"], "eric adams mayoral election": ["eric adams partner", "eric adams wife", "eric adams children", "eric adams twitter", "eric adams son", "eric adams mayor policies", "eric adams family", "eric adams mayor website"], "eric adams MTA": ["eric adams brooklyn", "eric adams twitter", "eric adams platform", "eric adams statement", "eric adams rao's", "eric adams email", "eric adams bitcoin", "eric adams' education"], "eric adams net worth": ["eric adams salary", "eric adams wife", "eric adams son", "eric adams wife manowar", "eric l adams net worth", "eric leroy adams net worth", "eric adams age", "eric adams parents"], "eric adams nyc": ["eric adams wife", "eric adams partner", "eric adams twitter", "eric adams' education", "eric adams platform", "eric adams police", "eric adams son", "eric adams mayor website"], "eric adams partner": ["eric adams married", "eric adams children", "eric adams family", "eric adams son", "eric adams wife picture", "eric adams partner fort lee", "eric adams son jordan", "eric adams is he married"], "eric adams race": ["eric adams wife", "eric adams wiki", "eric adams family", "eric adams' education", "eric adams partner", "eric adams book", "eric adams platform", "eric adams son"], "eric adams transportation": ["eric adams platform", "eric adams corruption' allegations", "eric adams' education", "eric adams mta", "eric adams beliefs", "eric adams nyt", "eric adams interview", "eric adams ranked-choice voting"], "eric adams": ["eric adams nyc mayor", "eric adams wife", "eric adams partner", "eric adams twitter", "eric adams is he married", "eric adams parents", "eric adams police", "eric adams book"]}