{"nyc mayoral election": ["nyc mayoral debate", "nyc republican mayoral candidates", "nyc mayoral candidates platforms", "nyc primary candidates 2021", "nyc mayoral race 2021 results", "2017 nyc mayoral election", "2001 nyc mayoral election", "n.y.c. mayoral election new york times", "eric adams"], "new york mayor candidates": ["nyc primary candidates 2021", "nyc republican mayoral candidates", "nyc mayoral candidates platforms", "nyc mayoral debate", "nyc election candidates 2021", "new york mayoral race polls 538", "nyc mayoral race 2021 results", "eric adams nyc mayor"], "eric adams": ["eric adams police", "eric adams wife", "eric adams mayor", "eric adams twitter", "eric adams wiki", "eric adams platform", "eric adams partner", "eric adams education", "eric adams policies"], "eric adams nyc": ["eric adams nyc mayor", "eric adams partner", "eric adams wife", "eric adams education", "eric adams twitter", "eric adams platform", "eric adams police", "eric adams son", "eric adams"], "eric adams mayoral election": ["eric adams mayor wife", "eric adams partner", "eric adams son", "eric adams twitter", "eric adams mayor policies", "eric adams family", "eric adams mayor website", "eric adams campaign"], "eric adams for mayor": ["eric adams mayor website", "eric adams mayor wife", "eric adams mayor policies", "eric adams campaign", "eric adams partner", "eric adams education", "eric adams parents", "eric adams family", "eric adams"], "eric adams partner": ["eric adams son", "eric adams mayor wife", "eric adams family", "eric adams son jordan", "eric adams wife picture", "eric adams height", "eric adams parents", "eric adams wife", "eric adams", "tracey collins"], "eric adams race": ["eric adams parents", "eric adams wife", "eric adams family", "eric adams education", "eric adams campaign", "eric adams partner", "eric adams book"], "eric adams endorsement": ["eric adams police", "eric adams policies", "nyc mayoral candidates 2021", "aoc endorsements 2021", "eric adams son", "eric adams platform", "eric adams parents", "eric adams mayor"], "eric adams covid": ["eric adams covid", "eric adams covid mandate"], "eric adams transportation": ["eric adams obama", "eric adams for mayor", "eric adams education", "eric adams 3rd person", "eric adams interview", "eric adams nytimes interview", "eric adams brooklyn borough president", "eric adams goals"], "eric adams MTA": ["eric adams twitter", "eric adams 3rd person", "how to contact eric adams", "eric adams statement", "eric adams schedule", "eric adams bitcoin", "eric adams education", "eric adams today"], "eric adams education": ["eric adams wife", "eric adams partner", "eric adams is he married", "eric adams son", "eric adams family", "eric adams nyc mayor", "eric adams parents", "eric adams", "Kathryn Garcia"], "eric adams LGBT": ["eric adams partner", "eric adams wife", "eric adams is he married", "eric adams son", "eric adams jamaica", "eric adams profile", "eric adams conservative", "eric adams rikers island"], "eric adams background": ["eric adams parents", "eric adams wife", "eric adams family", "eric adams son", "eric adams education", "eric adams nyc mayor", "eric adams height"], "eric adams net worth": ["eric adams wife", "eric adams son", "eric adams partner", "eric adams height", "eric adams wiki", "eric adams family", "eric adams parents", "eric adams", "andrew yang net worth", "joey demaio net worth"], "curtis sliwa": ["curtis sliwa netflix", "curtis sliwa net worth", "curtis sliwa trump", "curtis sliwa cats", "curtis sliwa debate", "curtis sliwa mayor", "curtis sliwa platform", "curtis sliwa poll", "eric adams"], "curtis sliwa nyc": ["curtis sliwa debate", "curtis sliwa net worth", "curtis sliwa netflix", "curtis sliwa trump", "curtis sliwa platform", "curtis sliwa cats", "curtis sliwa for mayor", "curtis sliwa parents"], "curtis sliwa mayoral election": ["eric adams", "curtis sliwa hat"], "curtis sliwa for mayor": ["curtis sliwa for mayor website", "curtis sliwa for mayor polls", "curtis sliwa mayor 2021", "curtis sliwa netflix", "curtis sliwa trump", "curtis sliwa net worth", "curtis sliwa debate", "curtis sliwa mayor campaign", "eric adams"], "curtis sliwa race": ["curtis sliwa netflix", "curtis sliwa net worth", "curtis sliwa debate", "curtis sliwa trump", "curtis sliwa cats", "curtis sliwa policies", "curtis sliwa platform", "curtis sliwa for mayor"], "curtis sliwa endorsement": ["curtis sliwa trump", "curtis sliwa net worth", "curtis sliwa policies", "curtis sliwa platform", "curtis sliwa campaign", "curtis sliwa poll", "curtis sliwa wife nancy regula", "curtis sliwa debate"], "curtis sliwa covid": ["curtis sliwa covid"], "curtis sliwa transportation": ["where is curtis sliwa today", "curtis sliwa stance", "curtis sliwa vs eric adams polls", "curtis sliwa contact", "curtis sliwa events", "curtis sliwa issues", "current nyc mayoral polls", "curtis sliwa fundraiser"], "curtis sliwa MTA": ["where is curtis sliwa today", "curtis sliwa stance", "curtis sliwa mayor", "curtis sliwa platform", "curtis sliwa issues", "curtis sliwa events", "nyt curtis sliwa", "curtis sliwa fundraiser"], "curtis sliwa education": ["curtis sliwa net worth", "curtis sliwa education college", "curtis sliwa platform", "curtis sliwa education policy", "curtis sliwa netflix", "curtis sliwa for mayor", "curtis sliwa trump", "what ethnicity is curtis sliwa"], "curtis sliwa LGBT": ["curtis sliwa trump", "curtis sliwa net worth", "curtis sliwa platform", "curtis sliwa for mayor polls", "curtis sliwa mayor", "curtis sliwa party", "curtis sliwa poll", "curtis sliwa policies"], "curtis sliwa background": ["curtis sliwa platform", "curtis sliwa netflix", "curtis sliwa net worth", "curtis sliwa parents", "curtis sliwa wife nancy regula", "curtis sliwa mayor", "what ethnicity is curtis sliwa", "curtis sliwa policies"], "curtis sliwa net worth": ["curtis sliwa netflix", "curtis sliwa net worth 2021", "curtis sliwa salary", "what is the nationality of curtis sliwa", "curtis sliwa parents", "curtis sliwa trump", "curtis sliwa height", "curtis sliwa for mayor", "lisa evers net worth"], "curtis sliwa partner": ["curtis sliwa net worth", "what is the nationality of curtis sliwa", "curtis sliwa netflix", "curtis sliwa parents", "curtis sliwa trump", "curtis sliwa cats", "curtis sliwa platform", "curtis sliwa mayor"]}