{"nyc mayoral election": ["nyc mayoral polls 2021", "nyc mayoral election 2021", "nyc mayoral election results", "nyc mayoral election primary", "nyc mayoral candidates platforms", "nyc mayoral candidates republican", "nyc primary candidates 2021", "new york city elections 2021", "eric adams"], "new york mayor candidates": ["nyc mayoral candidates 2021", "nyc mayoral candidates 2021 polls", "new york mayoral election polls", "new york city elections 2021", "nyc primary candidates 2021", "new york mayoral race", "nyc mayoral candidates platforms", "nyc mayoral candidates republican"], "eric adams": ["eric adams manowar", "eric adams police", "eric adams wife", "eric adams twitter", "eric adams platform", "eric adams wiki", "eric adams partner", "eric adams education", "nyc mayoral race"], "eric adams nyc": ["eric adams wife", "eric adams partner", "eric adams twitter", "eric adams education", "eric adams platform", "eric adams police", "eric adams son", "eric adams mayor website", "eric adams"], "eric adams mayoral election": ["eric adams partner", "eric adams wife", "eric adams mayor policies", "eric adams mayor website", "new york mayoral race", "nyc mayoral candidates 2021", "eric adams political views", "eric adams platform"], "eric adams for mayor": ["eric adams mayor website", "eric adams mayor wife", "eric adams partner", "eric adams education", "eric adams twitter", "eric adams campaign", "eric adams parents", "nyc mayoral candidates", "eric adams"], "eric adams partner": ["eric adams son", "eric adams mayor wife", "eric adams family", "eric adams son jordan", "eric adams wife picture", "eric adams height", "eric adams parents", "eric adams", "tracey collins eric adams", "is eric adams married"], "eric adams race": ["eric adams education", "eric adams wife", "eric adams family", "eric adams wiki", "eric adams book", "eric adams partner", "eric adams platform"], "eric adams endorsement": ["eric adams policies", "eric adams platform", "nyc mayoral candidates 2021", "eric adams mayor", "aoc endorsements 2021", "nyc mayoral candidates 2021 polls", "eric adams pastor", "new york times endorsements 2021"], "eric adams covid": ["eric adams vaccine", "nyc shut down 2021"], "eric adams transportation": ["eric adams mta", "eric adams education", "eric adams beliefs", "eric adams outdoor dining", "eric adams ranked-choice voting"], "eric adams MTA": ["eric adams twitter", "eric adams email", "eric adams, brooklyn", "eric adams education", "eric adams statement", "is eric adams good", "eric adams bitcoin", "eric adams today"], "eric adams education": ["eric adams wife", "eric adams partner", "eric adams salary", "eric adams nyc mayor", "eric adams son", "eric adams family", "eric adams is he married", "eric adams", "Kathryn Garcia"], "eric adams LGBT": ["eric adams wife", "eric adams partner", "eric adams son", "eric adams profile", "eric adams mayor", "eric adams conservative", "eric adams rikers island", "eric adams platform"], "eric adams background": ["eric adams parents", "eric adams nyc mayor", "eric adams education", "eric adams wife", "eric adams family", "eric adams son", "eric adams height"], "eric adams net worth": ["eric adams wife", "eric adams son", "eric adams salary", "andrew yang net worth", "eric adams age", "eric adams manowar height", "eric adams family", "eric adams parents", "eric adams", "joey demaio net worth"], "curtis sliwa": ["curtis sliwa netflix", "curtis sliwa net worth", "curtis sliwa trump", "curtis sliwa debate", "curtis sliwa cats", "curtis sliwa wiki", "curtis sliwa platform", "what ethnicity is curtis sliwa", "eric adams"], "curtis sliwa nyc": ["curtis sliwa net worth", "curtis sliwa netflix", "curtis sliwa trump", "curtis sliwa platform", "curtis sliwa parents", "curtis sliwa cats", "curtis sliwa radio show", "curtis sliwa martial arts"], "curtis sliwa mayoral election": ["curtis sliwa for mayor polls", "curtis sliwa trump", "nyc mayoral election", "curtis sliwa for mayor website", "curtis sliwa mayor 2021", "can curtis sliwa win", "curtis sliwa cats", "curtis sliwa for mayor address"], "curtis sliwa for mayor": ["curtis sliwa for mayor website", "curtis sliwa netflix", "curtis sliwa for mayor polls", "curtis sliwa mayor 2021", "curtis sliwa trump", "curtis sliwa net worth", "curtis sliwa guardian angels", "curtis sliwa political party", "eric adams"], "curtis sliwa partner": ["curtis sliwa net worth", "what ethnicity is curtis sliwa?", "curtis sliwa parents", "curtis sliwa netflix", "curtis sliwa wife nancy regula", "curtis sliwa cats", "curtis sliwa trump", "nancy sliwa"], "curtis sliwa race": ["curtis sliwa netflix", "curtis sliwa net worth", "curtis sliwa trump", "curtis sliwa guardian angels", "curtis sliwa debate", "curtis sliwa policies", "curtis sliwa cats", "curtis sliwa martial arts"], "curtis sliwa endorsement": ["curtis sliwa trump", "curtis sliwa net worth", "curtis sliwa wife nancy regula", "curtis sliwa platform", "curtis sliwa for mayor", "curtis sliwa netflix", "curtis sliwa for mayor polls", "curtis sliwa policies"], "curtis sliwa covid": ["curtis sliwa covid"], "curtis sliwa MTA": ["curtis sliwa netflix", "curtis sliwa platform", "curtis sliwa net worth", "curtis sliwa trump", "curtis sliwa wife nancy regula", "curtis sliwa cats", "curtis sliwa debate", "curtis sliwa campaign"], "curtis sliwa education": ["curtis sliwa net worth", "curtis sliwa netflix", "curtis sliwa education policy", "curtis sliwa platform", "curtis sliwa for mayor", "curtis sliwa wife nancy regula", "curtis sliwa parents", "what ethnicity is curtis sliwa"], "curtis sliwa LGBT": ["guardian angels", "guardian angels", "guardian angel"], "curtis sliwa background": ["curtis sliwa netflix", "curtis sliwa platform", "curtis sliwa net worth", "curtis sliwa sister", "curtis sliwa policies", "curtis sliwa parents", "curtis sliwa martial arts", "what is the nationality of curtis sliwa"], "curtis sliwa net worth": ["curtis sliwa netflix", "curtis sliwa parents", "curtis sliwa trump", "what is the nationality of curtis sliwa", "curtis sliwa for mayor", "curtis sliwa height", "curtis sliwa martial arts", "curtis sliwa platform", "lisa evers net worth"], "curtis sliwa transportation": ["nyt curtis sliwa", "curtis sliwa for mayor website", "curtis sliwa net worth", "curtis sliwa cats", "can curtis sliwa win", "curtis sliwa trump"]}