{"eric adams": ["eric adams", "eric adams wife", "eric adams mayor", "eric adams policies", "eric adams son", "eric adams platform", "eric adams nyc", "eric adams twitter", "eric adams family", "eric adams republican", "eric adams wife tracey collins", "eric adams wife manowar", "eric adams wife photo", "eric adams wife picture", "eric adams wife name", "eric adams married", "eric adams spouse", "eric adams marriage", "eric adams singer wife", "eric adams mayor candidate", "eric adams mayor policies", "eric adams mayor website", "eric adams mayor endorsements", "eric adams mayoral debate", "eric adams mayor new york", "eric adams mayor education", "eric adams mayor results", "eric adams mayor 2021", "eric adams policies on education", "eric adams policies reddit", "eric adams nyc policies", "eric adams housing policies", "eric adams nyc mayor policies", "kathryn garcia vs eric adams policies", "eric adams son jordan", "eric adams son jordan coleman", "eric adams son killed", "eric adams sons apartment", "eric adams son age", "eric adams education platform", "eric adams nyc mayor", "eric adams nyc mayor race", "eric adams nyc mayoral candidate", "eric adams nyc schools", "eric adams nyc platform", "eric adams nyc apartment", "eric adams nyc police", "eric adams nyc primary", "eric adams nyc twitter", "eric adams twitter israel", "eric adams apartment twitter", "brooklyn borough president eric adams twitter", "eric adams family background", "eric adams family history", "eric adams manowar family", "eric adams political views", "eric adams political party", "eric adams political positions", "eric adams political affiliation"], "eric adams nyc": ["eric adams nyc", "eric adams nyc mayor race", "eric adams nyc mayoral candidate", "eric adams nyc schools", "eric adams nyc platform", "eric adams nyc apartment", "eric adams nyc police", "eric adams nyc twitter", "eric adams nyc primary", "eric adams nyc mayor views", "eric adams new york mayor race", "eric adams new york city mayoral race", "nyc mayoral candidates 2021 eric adams"], "eric adams mayoral election": ["eric adams mayoral election", "eric adams mayor race", "eric adams nyc mayoral race", "eric adams nyc mayor race"], "eric adams for mayor": ["eric adams for mayor", "eric adams for mayor facebook", "eric adams for mayor commercial", "eric adams for mayor twitter", "eric adams for mayor new york city", "eric adams for mayor of nyc", "eric adams for mayor shirt", "eric adams for mayor platform", "eric adams for mayor t shirt", "eric adams new york city mayoral candidate", "eric adams new york city mayoral race", "eric adams nyc mayor platform"], "eric adams partner": ["eric adams partner", "eric adams partner new jersey", "eric adams partner fort lee"], "eric adams race": ["eric adams race", "eric adams nyc mayor race", "eric adams new york mayoral race", "eric adams new york mayor race", "eric adams new york city mayoral race"], "eric adams endorsement": ["eric adams endorsement", "eric adams endorsements", "eric adams mayor endorsements", "eric adams union endorsement", "eric adams police endorsement", "eric adams nypd endorsement", "eric adams labor endorsements", "eric adams ny post endorsement", "eric adams union endorsements"], "eric adams covid": ["eric adams covid", "eric adams covid vaccine", "who vaccine update covid", "who update covid 19 vaccine", "who covid vaccine update today", "who vaccine update covid 19", "who covid 19 vaccine list", "who covid 19 vaccine tracker", "who covid 19 vaccine trials", "who covid 19 vaccine efficacy", "who covid 19 vaccine candidates", "who covid-19 vaccine research", "who covid 19 vaccine approval", "who covid 19 vaccine status", "update covid 19 vaccine in philippines"], "eric adams transportation": ["eric adams transportation"], "eric adams MTA": ["eric adams MTA", "eric adams mta"], "eric adams education": ["eric adams education", "eric adams education policy", "eric adams educational background", "eric adams education advisor", "eric adams education agenda", "eric adams mayor education", "eric adams college education", "eric adams nyc education", "eric adams position on education"], "eric adams LGBT": ["eric adams LGBT"], "eric adams background": ["eric adams background", "eric adams mayor background"], "eric adams net worth": ["eric adams net worth", "eric adams manowar net worth", "eric adams politician net worth", "eric l adams net worth", "eric adams salary", "what is stacy adams net worth", "how much is gerry adams worth", "how much is orny adams worth", "eric adams brooklyn salary", "what is steven adams salary", "what is davante adams net worth", "how much is valerie adams worth"], "curtis sliwa": ["curtis sliwa", "curtis sliwa net worth", "curtis sliwa mayor", "curtis sliwa wife", "curtis sliwa cats", "curtis sliwa trump", "curtis sliwa twitter", "curtis sliwa guardian angels", "curtis sliwa platform", "curtis sliwa vs eric adams", "curtis sliwa net worth 2021", "curtis sliwa net worth 2018", "curtis sliwa net worth forbes", "how much is curtis sliwa worth", "how much does curtis sliwa make a year", "curtis sliwa mayor campaign", "curtis sliwa mayoral debate", "curtis sliwa mayor nyc", "curtis sliwa mayor race", "curtis sliwa mayor run", "curtis sliwa mayor platform", "curtis sliwa mayor chances", "curtis sliwa mayoral candidate", "curtis sliwa mayor twitter", "curtis sliwa wife nancy regula", "curtis sliwa wife lisa", "curtis sliwa wife nancy", "curtis sliwa spouse", "curtis sliwa ex wife", "how old is curtis sliwa wife", "who was curtis sliwa first wife", "what is curtis sliwa net worth", "curtis sliwa cats gracie mansion", "curtis sliwa and his cats", "curtis sliwa vs eric adams polls"], "curtis sliwa nyc": ["curtis sliwa nyc", "curtis sliwa nyc mayor", "curtis sliwa running for nyc mayor"], "curtis sliwa mayoral election": ["curtis sliwa mayoral election", "curtis sliwa mayor race"], "curtis sliwa for mayor": ["curtis sliwa for mayor", "curtis sliwa for mayor 2021", "curtis sliwa for mayor polls", "curtis sliwa for mayor address", "curtis sliwa for mayor facebook", "curtis sliwa for mayor contact", "curtis sliwa for mayor t shirt", "curtis sliwa for mayor website", "curtis sliwa for mayor youtube"], "curtis sliwa partner": ["curtis sliwa partner", "curtis sliwa radio partner"], "curtis sliwa race": ["curtis sliwa race", "curtis sliwa ethnicity", "curtis sliwa mayor race", "is curtis sliwa italian"], "curtis sliwa endorsement": ["curtis sliwa endorsement", "curtis sliwa endorsements"], "curtis sliwa covid": ["curtis sliwa covid", "what states have reopened from covid", "what states have reopened after covid 19", "what states have reopened since covid", "what states have reopened due to covid 19"], "curtis sliwa transportation": ["curtis sliwa transportation", "curtis sliwa transportation committee", "curtis sliwa transportation committee members"], "curtis sliwa MTA": ["curtis sliwa MTA"], "curtis sliwa education": ["curtis sliwa education", "curtis sliwa education policy", "curtis sliwa education background"], "curtis sliwa LGBT": ["curtis sliwa LGBT"], "curtis sliwa background": ["curtis sliwa background"], "curtis sliwa net worth": ["curtis sliwa net worth", "curtis sliwa net worth 2021", "curtis sliwa net worth 2018", "curtis sliwa net worth forbes", "how much is curtis sliwa worth", "how much does curtis sliwa make a year", "what is curtis sliwa net worth", "how much is curtis warren worth", "what is curtis snow net worth", "how much is forbes worth", "who is the richest now", "net worth of curtis sliwa", "how much is curtis snow worth", "how much is curtis martin worth"]}