{"curtis sliwa background": ["curtis sliwa parents", "what ethnicity is curtis sliwa", "curtis sliwa apartment", "curtis sliwa net worth", "curtis sliwa net worth 2021", "curtis sliwa mayor campaign", "curtis sliwa for mayor polls", "curtis sliwa platform"], "curtis sliwa covid": false, "curtis sliwa education": ["curtis sliwa net worth", "what ethnicity is curtis sliwa", "curtis sliwa cats", "curtis sliwa vs eric adams", "curtis sliwa salary", "curtis sliwa height", "curtis sliwa policies", "curtis sliwa for mayor"], "curtis sliwa endorsement": ["curtis sliwa trump", "curtis sliwa net worth", "curtis sliwa platform", "curtis sliwa policies", "curtis sliwa poll", "curtis sliwa campaign", "curtis sliwa wife nancy regula", "what ethnicity is curtis sliwa"], "curtis sliwa for mayor": ["curtis sliwa for mayor website", "curtis sliwa for mayor polls", "curtis sliwa mayor 2021", "curtis sliwa netflix", "curtis sliwa trump", "curtis sliwa net worth", "curtis sliwa debate", "curtis sliwa parents"], "curtis sliwa LGBT": ["curtis sliwa platform", "curtis sliwa party", "curtis sliwa poll", "curtis sliwa policies", "can curtis sliwa win", "why does curtis sliwa wear a beret", "curtis sliwa views", "curtis sliwa apartment"], "curtis sliwa mayoral election": ["eric adams", "curtis sliwa hat"], "curtis sliwa MTA": ["where is curtis sliwa today", "curtis sliwa stance", "curtis sliwa mayor", "curtis sliwa platform", "curtis sliwa issues", "curtis sliwa events", "nyt curtis sliwa", "curtis sliwa fundraiser"], "curtis sliwa net worth": ["curtis sliwa net worth 2021", "curtis sliwa salary", "curtis sliwa trump", "curtis sliwa apartment", "curtis sliwa height", "curtis sliwa wife age", "curtis sliwa netflix", "curtis sliwa parents"], "curtis sliwa nyc": ["curtis sliwa net worth", "curtis sliwa vs eric adams", "curtis sliwa for mayor", "curtis sliwa parents", "curtis sliwa debate", "curtis sliwa platform", "curtis sliwa poll", "curtis sliwa netflix"], "curtis sliwa partner": ["curtis sliwa net worth", "lisa sliwa", "curtis sliwa netflix", "curtis sliwa parents", "curtis sliwa wife nancy regula", "curtis sliwa policies", "curtis sliwa trump", "curtis sliwa for mayor polls"], "curtis sliwa race": ["curtis sliwa netflix", "curtis sliwa net worth", "curtis sliwa trump", "curtis sliwa debate", "curtis sliwa for mayor", "curtis sliwa cats", "curtis sliwa platform", "curtis sliwa policies"], "curtis sliwa transportation": ["where is curtis sliwa today", "curtis sliwa stance", "curtis sliwa vs eric adams polls", "curtis sliwa contact", "curtis sliwa events", "curtis sliwa issues", "current nyc mayoral polls", "curtis sliwa fundraiser"], "curtis sliwa": ["curtis sliwa net worth", "curtis sliwa netflix", "curtis sliwa trump", "curtis sliwa policies", "curtis sliwa martial arts", "curtis sliwa twitter", "curtis sliwa cats", "curtis sliwa for mayor polls"], "eric adams background": ["eric adams parents", "eric adams wife", "eric adams family", "eric adams mayor policies", "eric adams son", "eric adams salary", "eric adams wiki", "eric adams nyc mayor"], "eric adams covid": false, "eric adams education": ["eric adams wife", "eric adams partner", "eric adams is he married", "eric adams mayor policies", "eric adams son", "eric adams political views", "eric adams police", "eric adams family"], "eric adams endorsement": ["eric adams police", "eric adams policies", "nyc mayoral candidates 2021 polls", "aoc endorsements 2021", "eric adams son", "eric adams platform", "eric adams parents", "new york times endorsements 2021"], "eric adams for mayor": ["eric adams mayor wife", "eric adams mayor website", "eric adams campaign", "eric adams wiki", "eric adams platform", "eric adams mayor policies", "eric adams vegan", "nyc mayor"], "eric adams LGBT": ["eric adams partner", "eric adams jamaica", "eric adams is he married", "eric adams wife", "eric adams profile", "eric adams son", "eric adams rikers island", "eric adams platform"], "eric adams mayoral election": ["eric adams mayor wife", "eric adams partner", "eric adams son", "eric adams twitter", "eric adams mayor policies", "eric adams family", "eric adams mayor website", "eric adams campaign"], "eric adams MTA": ["eric adams twitter", "eric adams 3rd person", "how to contact eric adams", "eric adams statement", "eric adams schedule", "eric adams bitcoin", "eric adams education", "eric adams today"], "eric adams net worth": ["eric adams wife", "eric adams height", "eric adams partner", "eric adams son", "eric adams children", "eric adams police", "eric adams family", "eric adams policies"], "eric adams nyc": ["eric adams nyc mayor", "eric adams partner", "eric adams wife", "eric adams education", "eric adams twitter", "eric adams platform", "eric adams police", "eric adams son"], "eric adams partner": ["eric adams wife picture", "eric adams family", "eric adams children", "eric adams son", "eric adams son jordan", "eric adams parents nationality", "eric adams is he married", "eric adams mayor wife"], "eric adams race": ["eric adams wife", "eric adams family", "eric adams children", "eric adams parents", "eric adams education", "eric adams campaign", "eric adams partner", "eric adams vegan"], "eric adams transportation": ["eric adams obama", "eric adams for mayor", "eric adams education", "eric adams 3rd person", "eric adams interview", "eric adams nytimes interview", "eric adams goals"], "eric adams": ["eric adams wife", "eric adams police", "eric adams mayor", "eric adams twitter", "eric adams wiki", "eric adams platform", "eric adams partner", "eric adams family"], "new york mayor candidates": ["nyc primary candidates 2021", "nyc mayoral candidates platforms", "nyc republican mayoral candidates", "nyc mayoral debate", "nyc election candidates 2021", "new york mayoral race polls 538", "nyc mayoral race 2021 results", "eric adams nyc mayor"], "nyc mayoral election": ["nyc mayoral debate", "nyc republican mayoral candidates", "nyc mayoral candidates platforms", "nyc primary candidates 2021", "nyc mayoral race 2021 results", "2017 nyc mayoral election", "2001 nyc mayoral election", "n.y.c. mayoral election new york times"]}