{"boston mayor candidates": ["boston mayoral election 2020", "boston mayoral election candidates", "boston mayoral race candidates 2021", "boston mayoral primary 2021", "boston mayoral election 2021 primary", "boston mayoral election results", "boston mayoral primary 2021 date", "boston mayoral candidates on the issues"], "boston mayoral election": ["boston mayoral election results", "boston mayoral election 2020", "boston mayoral candidates 2021", "boston mayoral election 2021 primary", "boston mayoral election primary", "boston mayoral election polls", "boston mayoral polls", "boston mayoral election candidates"], "curtis sliwa background": ["curtis sliwa parents", "what ethnicity is curtis sliwa", "curtis sliwa wife nancy regula", "curtis sliwa political party", "curtis sliwa platform", "curtis sliwa mayor campaign", "curtis sliwa net worth 2021", "curtis sliwa cats"], "curtis sliwa covid": false, "curtis sliwa education": ["curtis sliwa net worth", "curtis sliwa education policy", "curtis sliwa platform", "curtis sliwa parents", "curtis sliwa martial arts", "curtis sliwa political party", "curtis sliwa mayor campaign", "curtis sliwa cats"], "curtis sliwa endorsement": ["curtis sliwa trump", "curtis sliwa net worth", "curtis sliwa platform", "curtis sliwa for mayor website", "curtis sliwa netflix", "curtis sliwa wife nancy regula", "curtis sliwa policies", "can curtis sliwa win"], "curtis sliwa for mayor": ["curtis sliwa for mayor website", "curtis sliwa for mayor polls", "curtis sliwa for mayor contact", "curtis sliwa netflix", "curtis sliwa net worth", "curtis sliwa platform", "curtis sliwa mayor 2021 website", "curtis sliwa debate"], "curtis sliwa LGBT": false, "curtis sliwa mayoral election": ["curtis sliwa trump", "nyc mayoral candidates 2021", "curtis sliwa for mayor polls", "curtis sliwa net worth", "curtis sliwa mayor 2021", "curtis sliwa mayor 2021 website", "can curtis sliwa win mayor", "curtis sliwa platform"], "curtis sliwa MTA": ["curtis sliwa refund the police", "curtis sliwa mayor", "nypost curtis sliwa", "curtis sliwa nypd", "guardian angels", "guardian angel"], "curtis sliwa net worth": ["curtis sliwa net worth 2021", "curtis sliwa netflix", "curtis sliwa trump", "curtis sliwa parents", "what is the nationality of curtis sliwa", "curtis sliwa radio show", "curtis sliwa wife nancy regula"], "curtis sliwa nyc": ["curtis sliwa debate", "curtis sliwa net worth", "curtis sliwa trump", "curtis sliwa platform", "curtis sliwa for mayor website", "curtis sliwa mayor", "curtis sliwa wife nancy regula", "curtis sliwa netflix"], "curtis sliwa partner": ["curtis sliwa wife nancy regula", "curtis sliwa parents", "curtis sliwa net worth 2021", "curtis sliwa netflix", "lisa sliwa", "nancy regula wikipedia", "how much does curtis sliwa make a year"], "curtis sliwa race": ["curtis sliwa netflix", "curtis sliwa net worth", "curtis sliwa debate", "curtis sliwa trump", "curtis sliwa cats", "curtis sliwa martial arts", "curtis sliwa and juliet", "curtis sliwa mayor"], "curtis sliwa transportation": ["curtis sliwa mayor", "eric adams", "curtis sliwa climate change"], "curtis sliwa": ["curtis sliwa net worth", "curtis sliwa netflix", "curtis sliwa trump", "curtis sliwa cats", "curtis sliwa debate", "curtis sliwa mayor", "what ethnicity is curtis sliwa", "curtis sliwa platform"], "eric adams background": ["eric adams parents nationality", "eric adams parents", "eric adams wife", "eric adams family", "eric adams son", "eric adams political views", "eric adams nyc mayor", "eric adams salary"], "eric adams covid": ["nyc shut down 2021"], "eric adams education": ["eric adams partner", "eric adams education plan", "eric adams is he married", "eric adams education platform", "eric adams son", "eric adams education policy", "eric adams parents"], "eric adams endorsement": ["eric adams policies", "eric adams mayor", "nyc mayoral candidates 2021", "eric adams platform", "nyc mayoral candidates 2021 polls", "eric adams pastor", "new york times endorsements 2021", "kathryn garcia endorsements"], "eric adams for mayor": ["eric adams wife", "eric adams mayor policies", "eric adams partner", "eric adams party", "eric adams parents", "eric adams platform", "eric adams political views", "eric adams is he married"], "eric adams LGBT": ["eric adams wife", "eric adams partner", "eric adams son", "eric adams profile", "eric adams platform", "eric adams mayor 2021", "eric adams rikers island", "eric adams' voting record"], "eric adams mayoral election": ["eric adams partner", "eric adams wife", "eric adams twitter", "eric adams son", "eric adams mayor policies", "eric adams family", "eric adams mayor website", "eric adams wiki"], "eric adams MTA": ["eric adams wife", "eric adams mayor", "eric adams brooklyn", "eric adams twitter", "eric adams platform", "eric adams statement", "eric adams rao's", "eric adams email"], "eric adams net worth": ["eric adams salary", "eric adams wife", "eric adams son", "eric adams wife manowar", "eric adams age", "eric leroy adams net worth", "eric adams parents", "eric adams parents nationality"], "eric adams nyc": ["eric adams wife", "eric adams partner", "eric adams twitter", "eric adams' education", "eric adams platform", "eric adams police", "eric adams son", "eric adams mayor website"], "eric adams partner": ["eric adams married", "eric adams children", "eric adams family", "eric adams son", "eric adams wife picture", "eric adams son jordan", "tracey collins", "eric adams is he married"], "eric adams race": ["eric adams wife", "eric adams wiki", "eric adams family", "eric adams' education", "eric adams children", "eric adams parents", "eric adams partner", "eric adams book"], "eric adams transportation": ["eric adams platform", "eric adams partner", "eric adams wife", "eric adams mayor", "eric adams twitter", "eric adams' education", "eric adams policy", "eric adams mta"], "eric adams": ["eric adams manowar", "eric adams wife", "eric adams nyc mayor", "eric adams twitter", "eric adams partner", "eric adams police", "eric adams platform", "eric adams is he married"]}