{"boston mayor candidates": ["boston mayoral primary", "boston mayoral candidates quiz", "boston mayoral candidates party affiliation", "boston mayoral candidates on the issues", "boston mayoral polls", "boston mayoral candidates positions", "boston mayoral election 2021 polls", "boston mayoral candidates endorsements"], "boston mayoral election": ["boston mayoral primary", "boston mayoral election results live", "boston mayoral election polls", "boston mayoral election 2021 polls", "2017 boston mayoral election", "boston mayoral candidates on the issues", "michelle wu boston mayor", "boston primary election 2021"], "curtis sliwa background": ["curtis sliwa parents", "what ethnicity is curtis sliwa", "curtis sliwa net worth", "curtis sliwa policies", "curtis sliwa mayor campaign", "curtis sliwa apartment", "curtis sliwa radio show", "curtis sliwa platform"], "curtis sliwa covid": ["mandatory covid vaccine new york"], "curtis sliwa education": ["curtis sliwa net worth", "what ethnicity is curtis sliwa", "curtis sliwa education policy", "curtis sliwa platform", "curtis sliwa for mayor", "curtis sliwa apartment", "curtis sliwa policies", "curtis sliwa political party"], "curtis sliwa endorsement": ["curtis sliwa trump", "curtis sliwa net worth", "curtis sliwa policies", "curtis sliwa platform", "curtis sliwa netflix", "curtis sliwa wife nancy regula", "can curtis sliwa win", "curtis sliwa for mayor"], "curtis sliwa for mayor": ["curtis sliwa for mayor website", "curtis sliwa for mayor polls", "curtis sliwa netflix", "curtis sliwa net worth", "curtis sliwa campaign", "curtis sliwa policies", "can curtis sliwa win", "curtis sliwa contact"], "curtis sliwa LGBT": ["what is a guardian angel", "when was lgbtq created", "guardian angel", "guardian angels"], "curtis sliwa mayoral election": ["curtis sliwa trump", "curtis sliwa for mayor polls", "curtis sliwa political party", "nyc mayoral election", "curtis sliwa net worth", "curtis sliwa for mayor website", "can curtis sliwa win", "curtis sliwa party"], "curtis sliwa MTA": ["curtis sliwa platform", "curtis sliwa net worth", "curtis sliwa mayor", "curtis sliwa refund the police", "can curtis sliwa win", "curtis sliwa trump", "curtis sliwa events", "nypost curtis sliwa"], "curtis sliwa net worth": ["curtis sliwa net worth 2021", "curtis sliwa netflix", "curtis sliwa height", "curtis sliwa trump", "curtis sliwa martial arts", "what is the nationality of curtis sliwa", "curtis sliwa parents", "curtis sliwa height and weight"], "curtis sliwa nyc": ["curtis sliwa debate", "curtis sliwa net worth", "curtis sliwa platform", "curtis sliwa trump", "curtis sliwa apartment", "curtis sliwa cats", "nyc mayoral election", "curtis sliwa netflix"], "curtis sliwa partner": ["curtis sliwa net worth 2021", "curtis sliwa wife nancy regula", "curtis sliwa netflix", "curtis sliwa parents", "curtis sliwa policies", "nancy regula wikipedia"], "curtis sliwa race": ["curtis sliwa netflix", "curtis sliwa net worth", "curtis sliwa debate", "curtis sliwa trump", "curtis sliwa cats", "curtis sliwa for mayor", "curtis sliwa policies", "curtis sliwa martial arts"], "curtis sliwa transportation": ["curtis sliwa platform", "curtis sliwa mayor", "curtis sliwa trump", "curtis sliwa net worth", "curtis sliwa cats", "can curtis sliwa win", "nyc mayoral election", "curtis sliwa ny post"], "curtis sliwa": ["curtis sliwa net worth", "curtis sliwa netflix", "curtis sliwa trump", "curtis sliwa debate", "curtis sliwa radio show", "curtis sliwa twitter", "curtis sliwa mayor", "curtis sliwa fundraiser"], "eric adams background": ["eric adams parents", "eric adams wife", "eric adams family", "eric adams son", "eric adams height", "eric adams political views", "eric adams salary", "eric adams nyc mayor"], "eric adams covid": ["eric adams vaccine mandate", "nyc shut down 2021"], "eric adams education": ["eric adams wife", "eric adams partner", "eric adams salary", "eric adams son", "eric adams is he married", "eric adams parents", "eric adams mayor policies"], "eric adams endorsement": ["eric adams platform", "nyc mayoral candidates 2021", "aoc endorsements 2021", "eric adams mayor", "nyc mayoral candidates 2021 polls", "eric adams' policies", "new york times endorsements 2021", "eric adams pastor"], "eric adams LGBT": ["eric adams wife", "eric adams partner", "eric adams profile", "eric adams platform", "eric adams mayor 2021", "eric adams' voting record", "eric adams brooklyn borough president email", "eric adams rikers island"], "eric adams MTA": ["eric adams mayor", "eric adams twitter", "eric adams ny times", "eric adams statement", "eric adams email", "eric adams' education", "eric adams bitcoin"], "eric adams net worth": ["eric adams salary", "eric adams wife", "eric adams son", "andrew yang net worth", "eric adams partner", "eric adams manowar height", "eric adams age", "eric adams parents"], "eric adams transportation": ["eric adams mta", "eric adams for mayor", "eric adams' education", "eric adams beliefs", "eric adams interview", "eric adams ny times", "eric adams ranked-choice voting"], "eric adams": ["eric adams manowar", "eric adams wife", "eric adams nyc mayor", "eric adams twitter", "eric adams partner", "eric adams platform", "eric adams wiki", "eric adams is he married"], "eric adams for mayor": ["eric adams mayor website", "eric adams wife", "eric adams partner", "eric adams campaign", "eric adams parents", "nyc mayoral election", "eric adams' education", "eric adams family"], "eric adams mayoral election": ["eric adams partner", "eric adams mayor policies", "eric adams mayor website", "new york mayoral race", "nyc mayoral race results", "eric adams platform", "nyc republican mayoral candidates", "nyc mayoral polls 2021"], "eric adams nyc": ["eric adams nyc mayor", "eric adams wife", "eric adams partner", "eric adams twitter", "eric adams' education", "eric adams platform", "eric adams son", "eric adams mayor website"], "eric adams partner": ["eric adams married", "eric adams children", "eric adams son", "eric adams wife picture", "eric adams height", "eric adams son jordan", "eric adams is he married"], "eric adams race": ["eric adams wife", "eric adams family", "eric adams' education", "eric adams partner", "eric adams book", "eric adams platform", "eric adams son", "eric adams' policies"]}