{"boston mayoral election": ["boston mayoral election 2020", "boston mayoral election results", "boston mayoral election 2021 primary", "boston mayoral polls", "boston mayoral election 2021 polls", "boston mayoral candidates on the issues", "boston mayoral debate", "boston mayoral primary 2021 date", "boston mayoral primary"], "boston mayor candidates": ["boston mayoral election 2020", "boston mayoral election 2021 primary", "boston mayoral election results", "boston mayoral primary 2021 date", "boston mayoral candidates on the issues", "boston mayoral polls", "boston mayoral candidates comparison", "boston mayoral candidates debate", "boston mayor"], "eric adams": ["nyc mayoral candidates", "eric adams policies", "Kathryn Garcia", "nyc mayoral election", "eric adams platform", "eric adams mayor", "tracey collins eric adams", "eric adams nyc mayor", "eric adams wife"], "eric adams nyc": ["eric adams", "nyc mayoral race", "eric adams policies", "eric adams platform", "eric adams wife", "Kathryn Garcia", "scott stringer nyc", "eric adams nyc", "eric adams nyc mayor race"], "eric adams mayoral election": ["eric adams mayoral election", "nyc mayoral election eric adams"], "eric adams for mayor": ["eric adams", "nyc mayoral candidates", "eric adams platform", "maya wiley for mayor", "andrew yang for mayor", "Kathryn Garcia", "eric adams wife", "kathryn garcia for mayor", "eric adams for mayor"], "eric adams partner": ["eric adams wife", "eric adams family", "is eric adams married", "eric adams", "eric adams mother", "tracey collins", "eric adams children", "tracey collins eric adams", "eric adams spouse", "eric adams wife manowar"], "eric adams race": ["nyc mayoral race eric adams", "new york mayoral race eric adams", "eric adams mayor race"], "eric adams endorsement": ["eric adams endorsements", "new york post eric adams endorsement", "eric adams mayor endorsements", "eric adams union endorsement", "eric adams labor endorsements", "eric adams nypd endorsement", "eric adams police endorsement"], "eric adams covid": [], "eric adams transportation": [], "eric adams MTA": ["eric adams mta"], "eric adams education": ["eric adams", "Kathryn Garcia", "eric adams wife", "eric adams family", "eric adams education policy", "Chrisena Coleman", "tracey collins eric adams", "new york city police academy", "andrew yang education"], "eric adams LGBT": [], "eric adams background": ["eric adams background", "eric adams ethnic background", "eric adams mayor background", "eric adams education background"], "eric adams net worth": ["eric adams", "eric adams wife", "andrew yang net worth", "joey demaio net worth", "karl logan net worth", "eric adams net worth", "eric adams manowar net worth", "eric adams politician net worth", "eric l adams net worth"], "curtis sliwa": ["eric adams", "curtis sliwa cats", "curtis sliwa for mayor", "curtis sliwa wife", "curtis sliwa net worth", "Fernando Mateo", "curtis sliwa for mayor website", "curtis sliwa hat", "curtis sliwa trump"], "curtis sliwa nyc": ["curtis sliwa nyc mayor", "curtis sliwa nyc", "curtis sliwa nyc mayor candidate", "curtis sliwa running for nyc mayor", "nyc mayoral race curtis sliwa"], "curtis sliwa mayoral election": [], "curtis sliwa for mayor": ["eric adams", "nyc mayoral polls", "curtis sliwa for mayor website", "curtis sliwa net worth", "Fernando Mateo", "curtis sliwa for mayor", "curtis sliwa for mayor polls", "curtis sliwa for mayor address", "curtis sliwa for mayor facebook"], "curtis sliwa partner": ["curtis sliwa partner", "curtis sliwa radio partner"], "curtis sliwa race": ["curtis sliwa race", "nyc mayoral race curtis sliwa", "new york mayoral race curtis sliwa", "curtis sliwa mayor race"], "curtis sliwa endorsement": ["curtis sliwa endorsements"], "curtis sliwa covid": ["curtis sliwa covid"], "curtis sliwa transportation": ["curtis.sliwa"], "curtis sliwa MTA": [], "curtis sliwa education": ["curtis sliwa education", "curtis sliwa education policy", "curtis sliwa education background"], "curtis sliwa LGBT": [], "curtis sliwa background": ["curtis sliwa background"], "curtis sliwa net worth": ["curtis sliwa for mayor", "curtis sliwa trump", "lisa evers net worth", "curtis sliwa cats", "curtis sliwa salary", "curtis sliwa netflix", "curtis sliwa net worth 2021", "curtis sliwa children", "curtis sliwa martial arts"]}