{"boston mayoral election": ["michelle wu", "boston mayoral election results live", "michelle wu boston mayor", "somerville mayor election", "andrea campbell boston", "andrea boston mayor", "boston black mayor", "what happened to the mayor of boston", "boston mayoral primary"], "boston mayor candidates": ["boston mayoral candidates quiz", "boston mayoral candidates party affiliation", "boston mayoral candidates on the issues", "boston mayoral candidates comparison", "boston mayoral candidates debate", "boston globe mayor quiz", "boston mayoral debate schedule", "boston globe mayoral race", "boston mayoral polls"], "eric adams": ["eric adams wife", "nyc mayoral race", "nyc mayoral candidates", "eric adams policies", "eric adams mayor", "nyc mayor", "nyc mayoral election", "Kathryn Garcia", "new york mayoral race"], "eric adams nyc": ["eric adams", "eric adams wife", "nyc mayoral race", "eric adams platform", "eric adams policies", "Kathryn Garcia", "kathryn garcia nyc", "scott stringer nyc", "eric adams nyc mayor"], "eric adams mayoral election": ["eric adams mayoral election", "nyc mayoral election eric adams"], "eric adams for mayor": ["eric adams", "nyc mayoral candidates", "eric adams platform", "eric adams wife", "maya wiley for mayor", "andrew yang for mayor", "Kathryn Garcia", "kathryn garcia for mayor", "eric adams for mayor"], "eric adams partner": ["eric adams wife", "eric adams", "eric adams is he married", "tracey collins eric adams", "eric adams family", "eric adams mother", "eric adams partner fort lee", "tracey collins eric adams partner", "eric mansell adams street partners", "eric adams domestic partner"], "eric adams race": ["eric adams race", "nyc mayoral race eric adams", "new york mayoral race eric adams", "eric adams mayor race"], "eric adams endorsement": ["eric adams endorsements", "new york post eric adams endorsement", "eric adams mayor endorsements", "eric adams union endorsement", "eric adams labor endorsements", "eric adams nypd endorsement", "eric adams police endorsement"], "eric adams covid": [], "eric adams transportation": [], "eric adams MTA": ["eric adams wife", "eric adams twitter", "eric adams for mayor", "eric adams ny times", "eric adams statement", "eric adams email", "is eric adams good", "mayor of new york", "eric adams mta"], "eric adams education": ["eric adams", "Kathryn Garcia", "eric adams wife", "eric adams education policy", "Chrisena Coleman", "tracey collins eric adams", "eric adams family", "new york city police academy", "andrew yang education"], "eric adams LGBT": [], "eric adams background": ["eric adams background", "eric adams ethnic background", "eric adams mayor background", "eric adams education background"], "eric adams net worth": ["eric adams", "eric adams wife", "andrew yang net worth", "joey demaio net worth", "karl logan net worth", "eric adams politician net worth", "eric adams manowar net worth", "eric l adams net worth"], "curtis sliwa": ["eric adams", "curtis sliwa mayor", "curtis sliwa cats", "nyc mayoral polls", "curtis sliwa wife", "curtis sliwa net worth", "Fernando Mateo", "curtis sliwa trump"], "curtis sliwa nyc": ["curtis sliwa nyc mayor", "curtis sliwa nyc", "curtis sliwa nyc mayor candidate", "curtis sliwa running for nyc mayor", "nyc mayoral race curtis sliwa"], "curtis sliwa mayoral election": ["curtis sliwa for mayor polls", "curtis sliwa for mayor website", "curtis sliwa net worth", "nyc mayoral election", "curtis sliwa political party", "curtis sliwa platform", "curtis sliwa hat", "curtis sliwa political views"], "curtis sliwa for mayor": ["eric adams", "curtis sliwa for mayor website", "curtis sliwa net worth", "Fernando Mateo", "curtis sliwa for mayor", "curtis sliwa for mayor polls", "curtis sliwa for mayor address", "curtis sliwa for mayor facebook", "curtis sliwa for mayor sign"], "curtis sliwa partner": ["curtis sliwa partner", "curtis sliwa radio partner"], "curtis sliwa race": ["curtis sliwa race", "nyc mayoral race curtis sliwa", "new york mayoral race curtis sliwa", "curtis sliwa mayor race"], "curtis sliwa endorsement": ["curtis sliwa endorsements"], "curtis sliwa covid": ["curtis sliwa covid"], "curtis sliwa transportation": ["curtis.sliwa"], "curtis sliwa MTA": [], "curtis sliwa education": ["curtis sliwa education", "curtis sliwa education policy", "curtis sliwa education background"], "curtis sliwa LGBT": [], "curtis sliwa background": ["curtis sliwa background"], "curtis sliwa net worth": ["curtis sliwa for mayor", "curtis sliwa trump", "lisa evers net worth", "curtis sliwa cats", "curtis sliwa net worth 2021", "curtis sliwa salary", "curtis sliwa netflix", "curtis sliwa children", "curtis sliwa martial arts"]}