{"nyc mayoral election": ["nyc mayoral election 2021 poll", "2013 nyc mayoral election", "nyc election candidates 2021", "nyc republican mayoral candidates", "nyc mayoral candidates platforms", "2017 nyc mayoral election", "2001 nyc mayoral election", "nyc mayoral race 2021 results", "eric adams"], "new york mayor candidates": ["nyc mayoral candidates 2021 polls", "nyc election candidates 2021", "nyc primary candidates 2021", "nyc republican mayoral candidates", "nyc mayoral race 2021 results", "nyc mayoral candidates platforms", "new york mayoral race polls 538", "eric adams nyc mayor"], "eric adams": ["eric adams police", "eric adams bitcoin", "eric adams mayor wife", "eric adams platform", "eric adams partner", "eric adams twitter", "eric adams education", "eric adams mayor", "eric adams policies"], "eric adams nyc": ["eric adams nyc mayor", "eric adams wife", "eric adams partner", "eric adams platform", "eric adams nyc mayor views", "eric adams police", "eric adams son", "eric adams", "nyc mayoral race"], "eric adams mayoral election": ["eric adams mayor wife", "eric adams mayor policies", "eric adams election results", "who ran against eric adams", "eric adams political party", "when does eric adams become mayor", "when does eric adams take office as mayor", "eric adams promises"], "eric adams for mayor": ["eric adams mayor website", "eric adams mayor wife", "eric adams mayor policies", "eric adams partner", "eric adams campaign", "eric adams platform", "eric adams family", "eric adams twitter", "eric adams"], "eric adams partner": ["eric adams wife", "eric adams son", "eric adams family", "eric adams wife picture", "eric adams education", "eric adams parents", "eric adams twitter", "eric adams", "tracey collins", "tracey collins eric adams"], "eric adams race": ["eric adams wife", "when does eric adams take office", "eric adams political party", "eric adams policies", "eric adams platform", "tracey collins eric adams", "eric adams views", "eric adams promises"], "eric adams endorsement": ["eric adams mayor policies", "eric adams police", "eric adams platform", "eric adams son", "eric adams mayor website", "eric adams is he married", "new york times endorsements 2021", "maya wiley endorsements"], "eric adams covid": ["eric adams covid", "eric adams covid mandate", "eric adams covid policy", "eric adams covid stance", "eric adams covid vaccine"], "eric adams transportation": ["eric adams open streets", "eric adams beliefs", "eric adams 3rd person", "eric adams interview", "eric adams nyt", "eric adams nytimes interview", "eric adams ranked-choice voting", "eric adams platform"], "eric adams MTA": ["eric adams twitter", "eric adams 3rd person", "how to contact eric adams", "eric adams statement", "eric adams schedule", "eric adams bitcoin", "eric adams brooklyn", "eric adams nytimes interview"], "eric adams education": ["eric adams wife", "eric adams partner", "eric adams son", "eric adams family", "eric adams nyc mayor", "eric adams mayor policies", "eric adams parents", "eric adams", "Chrisena Coleman"], "eric adams LGBT": ["eric adams partner", "eric adams wife", "eric adams is he married", "eric adams son", "eric adams family", "eric adams eyesight", "eric adams conservative", "eric adams iowa"], "eric adams background": ["eric adams parents", "eric adams wife", "eric adams family", "eric adams son", "eric adams education", "where is eric adams mother from", "eric adams height"], "eric adams net worth": ["eric adams wife", "eric adams son", "eric adams partner", "eric adams height", "eric adams wiki", "eric adams parents", "eric adams family", "eric adams", "andrew yang net worth", "joey demaio net worth"], "curtis sliwa": ["curtis sliwa netflix", "curtis sliwa net worth", "curtis sliwa trump", "curtis sliwa cats", "curtis sliwa mayor", "curtis sliwa wiki", "what ethnicity is curtis sliwa", "curtis sliwa platform", "eric adams"], "curtis sliwa nyc": ["curtis sliwa net worth", "curtis sliwa platform", "curtis sliwa netflix", "curtis sliwa trump", "curtis sliwa cats", "curtis sliwa parents", "curtis sliwa party", "curtis sliwa apartment"], "curtis sliwa mayoral election": ["nyc mayoral election results", "nyc mayoral race sliwa", "mayoral race results", "nyc mayoral race 2021 results", "nyc mayoral race percentage", "how many votes did curtis sliwa get", "nyc mayoral race map", "eric adams vs curtis sliwa percentage"], "curtis sliwa for mayor": ["curtis sliwa for mayor website", "curtis sliwa for mayor polls", "curtis sliwa mayor 2021", "curtis sliwa netflix", "curtis sliwa net worth", "curtis sliwa trump", "curtis sliwa parents", "curtis sliwa mayor campaign", "eric adams"], "curtis sliwa partner": ["curtis sliwa net worth", "what is the nationality of curtis sliwa", "curtis sliwa netflix", "curtis sliwa parents", "curtis sliwa guardian angels", "curtis sliwa trump", "curtis sliwa cats", "curtis sliwa mayor"], "curtis sliwa race": ["eric adams", "curtis sliwa trump", "curtis sliwa mayor", "curtis sliwa cats", "nyc mayoral race", "where is curtis sliwa today", "curtis sliwa stance", "can curtis sliwa win"], "curtis sliwa endorsement": ["curtis sliwa trump", "curtis sliwa net worth", "curtis sliwa policies", "curtis sliwa platform", "curtis sliwa campaign", "curtis sliwa poll", "curtis sliwa netflix", "curtis sliwa debate"], "curtis sliwa covid": ["curtis sliwa covid mandates", "how many states shut down for covid", "what states did not shut down for covid"], "curtis sliwa transportation": ["curtis sliwa transportation"], "curtis sliwa MTA": ["where is curtis sliwa today", "curtis sliwa stance", "curtis sliwa platform", "curtis sliwa issues", "curtis sliwa trump", "curtis sliwa mayor", "curtis sliwa fundraiser", "curtis sliwa poll"], "curtis sliwa education": ["curtis sliwa net worth", "curtis sliwa education policy", "curtis sliwa platform", "curtis sliwa netflix", "curtis sliwa trump", "curtis sliwa for mayor", "what ethnicity is curtis sliwa", "curtis sliwa wife nancy regula"], "curtis sliwa LGBT": ["curtis sliwa net worth", "curtis sliwa trump", "curtis sliwa debate", "curtis sliwa platform", "curtis sliwa for mayor polls", "curtis sliwa mayor", "can curtis sliwa win", "curtis sliwa poll"], "curtis sliwa background": ["curtis sliwa platform", "curtis sliwa netflix", "curtis sliwa net worth", "curtis sliwa parents", "curtis sliwa wife nancy regula", "curtis sliwa mayor", "curtis sliwa policies", "what ethnicity is curtis sliwa"], "curtis sliwa net worth": ["curtis sliwa netflix", "curtis sliwa net worth 2021", "curtis sliwa salary", "curtis sliwa parents", "curtis sliwa trump", "what is the nationality of curtis sliwa", "curtis sliwa for mayor", "curtis sliwa height", "curtis sliwa wife"]}