{"curtis sliwa for mayor": ["curtis sliwa for mayor website", "curtis sliwa for mayor polls", "curtis sliwa net worth", "curtis sliwa netflix", "curtis sliwa campaign", "curtis sliwa guardian angels", "curtis sliwa trump", "curtis sliwa mayor 2021"], "curtis sliwa partner": ["curtis sliwa wife nancy regula", "curtis sliwa parents", "what ethnicity is curtis sliwa", "curtis sliwa netflix", "curtis sliwa trump", "curtis sliwa for mayor website", "are the guardian angels still active"], "curtis sliwa race": ["curtis sliwa netflix", "curtis sliwa net worth", "curtis sliwa debate", "curtis sliwa trump", "curtis sliwa guardian angels", "curtis sliwa cats", "curtis sliwa policies", "curtis sliwa platform"], "boston mayor candidates": ["boston mayoral election 2020", "boston mayoral primary", "boston mayoral candidates quiz", "boston mayoral election results", "boston mayoral candidates on the issues", "boston mayoral candidates party affiliation", "boston mayoral debate", "boston mayoral candidates comparison"], "boston mayoral election": ["boston mayoral election 2020", "boston mayoral election results", "boston mayoral primary", "boston mayoral polls", "boston mayoral election 2021 polls", "boston mayoral candidates on the issues", "boston mayoral debate schedule", "boston mayoral debate"], "curtis sliwa background": ["what ethnicity is curtis sliwa", "curtis sliwa net worth", "curtis sliwa parents", "curtis sliwa policies", "curtis sliwa apartment", "curtis sliwa platform", "curtis sliwa wife nancy regula", "curtis sliwa twitter"], "curtis sliwa covid": ["mandatory covid vaccine new york", "vaccine mandate nyc"], "curtis sliwa education": ["curtis sliwa net worth", "what ethnicity is curtis sliwa", "curtis sliwa for mayor", "curtis sliwa platform", "curtis sliwa education policy", "curtis sliwa political party", "curtis sliwa policies", "curtis sliwa martial arts"], "curtis sliwa endorsement": ["curtis sliwa trump", "curtis sliwa net worth", "curtis sliwa platform", "curtis sliwa policies", "curtis sliwa netflix", "curtis sliwa wife nancy regula", "can curtis sliwa win", "curtis sliwa for mayor"], "curtis sliwa LGBT": ["what is a guardian angel", "when was lgbtq created", "guardian angel", "guardian angels"], "curtis sliwa mayoral election": ["curtis sliwa trump", "curtis sliwa netflix", "curtis sliwa for mayor polls", "curtis sliwa political party", "curtis sliwa mayor 2021", "curtis sliwa net worth", "nyc mayoral election", "curtis sliwa for mayor website"], "curtis sliwa MTA": ["curtis sliwa refund the police", "curtis sliwa mayor", "nypost curtis sliwa", "guardian angels", "guardian angel", "what is a guardian angel"], "curtis sliwa net worth": ["curtis sliwa netflix", "curtis sliwa net worth 2021", "curtis sliwa height", "curtis sliwa trump", "curtis sliwa martial arts", "curtis sliwa parents", "what is the nationality of curtis sliwa", "curtis sliwa platform"], "curtis sliwa nyc": ["curtis sliwa debate", "curtis sliwa net worth", "curtis sliwa platform", "curtis sliwa guardian angels", "curtis sliwa trump", "curtis sliwa parents", "curtis sliwa apartment", "curtis sliwa netflix"], "curtis sliwa transportation": ["curtis sliwa mayor", "eric adams", "curtis sliwa climate change", "guardian angels"], "curtis sliwa": ["curtis sliwa net worth", "curtis sliwa netflix", "curtis sliwa trump", "curtis sliwa mayor", "curtis sliwa cats", "curtis sliwa debate", "curtis sliwa twitter", "curtis sliwa poll"], "eric adams background": ["eric adams parents", "eric adams wife", "eric adams family", "eric adams son", "eric adams political views", "eric adams height", "eric adams salary", "eric adams wiki"], "eric adams covid": ["eric adams vaccine", "nyc shut down 2021"], "eric adams education": ["eric adams wife", "eric adams partner", "eric adams is he married", "eric adams son", "eric adams summer school", "eric adams mayor policies", "eric adams parents"], "eric adams endorsement": ["eric adams platform", "nyc mayoral candidates 2021", "aoc endorsements 2021", "eric adams mayor", "nyc mayoral candidates 2021 polls", "eric adams' policies", "eric adams pastor", "scott stringer"], "eric adams for mayor": ["eric adams mayor website", "eric adams partner", "eric adams campaign", "eric adams parents", "eric adams book", "eric adams' education", "eric adams platform", "eric adams nyc"], "eric adams LGBT": ["eric adams wife", "eric adams partner", "eric adams son", "eric adams profile", "eric adams platform", "eric adams mayor 2021", "eric adams education platform", "eric adams' voting record"], "eric adams mayoral election": ["eric adams partner", "eric adams children", "eric adams son", "eric adams twitter", "eric adams mayor policies", "eric adams family", "eric adams mayor website", "eric adams political views"], "eric adams MTA": ["eric adams mayor", "eric adams twitter", "eric adams ny times", "eric adams statement", "eric adams' education", "eric adams email", "eric adams bitcoin"], "eric adams net worth": ["eric adams salary", "eric adams wife", "eric adams son", "andrew yang net worth", "eric adams partner", "eric adams manowar height", "eric adams children", "eric adams age"], "eric adams nyc": ["eric adams nyc mayor", "eric adams wife", "eric adams partner", "eric adams twitter", "eric adams' education", "eric adams platform", "eric adams police", "eric adams son"], "eric adams partner": ["eric adams children", "eric adams son", "eric adams family", "eric adams wife picture", "eric adams height", "eric adams son jordan", "tracey collins", "eric adams vegan"], "eric adams race": ["eric adams wife", "eric adams wiki", "eric adams family", "eric adams' education", "eric adams children", "eric adams parents", "eric adams partner", "eric adams book"], "eric adams transportation": ["eric adams mta", "eric adams for mayor", "eric adams' education", "eric adams beliefs", "eric adams ny times", "eric adams interview", "eric adams ranked-choice voting", "eric adams outdoor dining"], "eric adams": ["eric adams wife", "eric adams manowar", "eric adams height", "eric adams twitter", "eric adams police", "eric adams partner", "eric adams is he married", "eric adams platform"]}