{"nyc mayoral election": ["nyc mayoral polls 2021", "nyc mayoral election 2021", "nyc mayoral election results", "nyc mayoral election primary", "nyc mayoral candidates platforms", "nyc mayoral candidates republican", "new york city elections 2021", "nyc mayoral candidates compare", "eric adams"], "new york mayor candidates": ["nyc mayoral candidates 2021", "nyc mayoral candidates 2021 polls", "new york mayoral election polls", "new york city elections 2021", "nyc primary candidates 2021", "nyc mayoral candidates platforms", "nyc mayoral candidates republican", "nyc mayoral candidates compare"], "eric adams": ["eric adams manowar", "eric adams police", "eric adams wife", "eric adams mayor", "eric adams twitter", "eric adams platform", "eric adams wiki", "eric adams partner", "nyc mayoral race"], "eric adams nyc": ["eric adams nyc mayor", "eric adams wife", "eric adams partner", "eric adams' education", "eric adams twitter", "eric adams platform", "eric adams police", "eric adams son", "eric adams"], "eric adams for mayor": ["eric adams mayor website", "eric adams wife", "eric adams campaign", "eric adams' education", "eric adams partner", "eric adams twitter", "eric adams platform", "eric adams parents", "eric adams"], "eric adams partner": ["eric adams son", "eric adams family", "eric adams married", "eric adams son jordan", "eric adams wife picture", "eric adams height", "eric adams parents", "eric adams wife", "eric adams", "tracey collins eric adams"], "eric adams race": ["eric adams parents", "eric adams wife", "eric adams wiki", "eric adams family", "eric adams' education", "eric adams partner", "eric adams platform"], "eric adams endorsement": ["eric adams wife", "eric adams police", "eric adams political views", "eric adams policies", "eric adams platform", "eric adams twitter", "eric adams partner", "eric adams campaign"], "eric adams covid": ["nyc shut down 2021", "eric adams vaccine"], "eric adams transportation": ["eric adams mta", "eric adams beliefs", "eric adams' education", "eric adams interview", "eric adams brooklyn borough president", "eric adams ranked-choice voting", "eric adams outdoor dining"], "eric adams MTA": ["eric adams twitter", "eric adams mayor", "eric adams statement", "eric adams email", "is eric adams good", "eric adams bitcoin", "eric adams' education", "eric adams today"], "eric adams education": ["eric adams wife", "eric adams partner", "eric adams salary", "eric adams family", "eric adams is he married", "eric adams son", "eric adams nyc mayor", "eric adams", "Kathryn Garcia"], "eric adams LGBT": ["eric adams wife", "eric adams partner", "eric adams son", "eric adams family", "eric adams profile", "eric adams is he married", "eric adams wife picture"], "eric adams background": ["eric adams parents", "eric adams wife", "eric adams family", "eric adams son", "eric adams' education", "eric adams nyc mayor", "eric adams height"], "eric adams net worth": ["eric adams wife", "eric adams son", "eric adams salary", "andrew yang net worth", "eric adams age", "eric adams manowar height", "eric adams wife manowar", "eric adams parents", "eric adams", "joey demaio net worth"], "curtis sliwa": ["curtis sliwa netflix", "curtis sliwa net worth", "curtis sliwa trump", "curtis sliwa debate", "curtis sliwa cats", "curtis sliwa wiki", "curtis sliwa platform", "curtis sliwa poll", "eric adams"], "curtis sliwa nyc": ["curtis sliwa debate", "curtis sliwa net worth", "curtis sliwa netflix", "curtis sliwa platform", "curtis sliwa trump", "curtis sliwa guardian angels", "curtis sliwa radio show", "curtis sliwa cats"], "curtis sliwa mayoral election": ["curtis sliwa trump", "curtis sliwa for mayor polls", "curtis sliwa net worth", "curtis sliwa political party", "curtis sliwa mayor 2021", "curtis sliwa for mayor website", "nyc mayoral election", "can curtis sliwa win"], "curtis sliwa for mayor": ["curtis sliwa for mayor website", "curtis sliwa for mayor polls", "curtis sliwa netflix", "curtis sliwa mayor 2021", "curtis sliwa guardian angels", "curtis sliwa trump", "curtis sliwa net worth", "curtis sliwa debate", "eric adams"], "curtis sliwa partner": ["curtis sliwa net worth", "what is the nationality of curtis sliwa", "curtis sliwa netflix", "curtis sliwa parents", "curtis sliwa trump", "nancy sliwa", "curtis sliwa cats", "curtis sliwa wife nancy regula"], "curtis sliwa race": ["curtis sliwa netflix", "curtis sliwa net worth", "curtis sliwa guardian angels", "curtis sliwa debate", "curtis sliwa trump", "curtis sliwa cats", "curtis sliwa martial arts", "curtis sliwa policies"], "curtis sliwa endorsement": ["curtis sliwa trump", "curtis sliwa net worth", "curtis sliwa policies", "curtis sliwa platform", "curtis sliwa debate", "curtis sliwa campaign", "curtis sliwa netflix", "curtis sliwa for mayor"], "curtis sliwa covid": ["mandatory covid vaccine new york", "new york city vaccine mandate"], "curtis sliwa transportation": ["curtis sliwa mayor", "guardian angels nyc", "eric adams", "curtis sliwa climate change", "guardian angels"], "curtis sliwa MTA": ["curtis sliwa refund the police", "curtis sliwa mayor", "nypost curtis sliwa", "curtis sliwa popularity", "guardian angels", "guardian angel", "what is a guardian angel"], "curtis sliwa education": ["curtis sliwa net worth", "curtis sliwa netflix", "curtis sliwa platform", "curtis sliwa education policy", "curtis sliwa for mayor", "curtis sliwa wife nancy regula", "what ethnicity is curtis sliwa", "curtis sliwa trump"], "curtis sliwa LGBT": ["guardian angels", "guardian angels", "guardian angel", "when was lgbtq created", "what is a guardian angel"], "curtis sliwa background": ["curtis sliwa platform", "curtis sliwa netflix", "curtis sliwa net worth", "curtis sliwa parents", "curtis sliwa mayor", "curtis sliwa guardian angels", "curtis sliwa wife nancy regula", "curtis sliwa sister"], "curtis sliwa net worth": ["curtis sliwa netflix", "curtis sliwa parents", "what is the nationality of curtis sliwa", "curtis sliwa trump", "curtis sliwa height", "curtis sliwa for mayor", "curtis sliwa martial arts", "curtis sliwa platform", "curtis sliwa cats"], "eric adams mayoral election": ["eric adams partner", "eric adams wife", "eric adams son", "eric adams twitter", "eric adams mayor policies", "eric adams mayor website", "when is nyc mayoral election 2021", "who won mayor of new york"]}