{"curtis sliwa background": ["what ethnicity is curtis sliwa", "curtis sliwa parents", "curtis sliwa apartment", "curtis sliwa net worth 2021", "curtis sliwa mayor campaign", "curtis sliwa net worth", "curtis sliwa platform", "curtis sliwa for mayor"], "curtis sliwa covid": ["mandatory covid vaccine new york"], "curtis sliwa education": ["curtis sliwa net worth", "what ethnicity is curtis sliwa", "curtis sliwa for mayor polls", "lisa sliwa", "curtis sliwa cats", "curtis sliwa education policy", "curtis sliwa salary", "curtis sliwa trump"], "curtis sliwa endorsement": ["curtis sliwa net worth", "curtis sliwa trump", "curtis sliwa platform", "curtis sliwa poll", "curtis sliwa wife nancy regula", "curtis sliwa for mayor", "curtis sliwa events", "curtis sliwa fundraiser"], "curtis sliwa for mayor": ["curtis sliwa for mayor website", "curtis sliwa for mayor polls", "curtis sliwa net worth", "curtis sliwa wiki", "curtis sliwa trump", "curtis sliwa campaign office", "curtis sliwa mayor 2021", "curtis sliwa radio show"], "curtis sliwa LGBT": ["what ethnicity is curtis sliwa", "can curtis sliwa win mayor", "guardian angels", "guardian angel"], "curtis sliwa mayoral election": ["eric adams", "curtis sliwa net worth", "curtis sliwa vs eric adams polls", "nyc mayoral polls 2021", "curtis sliwa poll numbers"], "curtis sliwa MTA": ["curtis sliwa refund the police", "curtis sliwa mayor", "nypost curtis sliwa", "curtis sliwa popularity", "nyt curtis sliwa", "guardian angels"], "curtis sliwa net worth": ["curtis sliwa net worth 2021", "curtis sliwa salary", "curtis sliwa trump", "curtis sliwa apartment", "curtis sliwa netflix", "what is the nationality of curtis sliwa", "curtis sliwa net worth 2018", "curtis sliwa martial arts"], "curtis sliwa nyc": ["curtis sliwa net worth", "curtis sliwa twitter", "curtis sliwa platform", "curtis sliwa for mayor", "curtis sliwa netflix", "what ethnicity is curtis sliwa", "curtis sliwa cats", "curtis sliwa poll"], "curtis sliwa partner": ["curtis sliwa net worth", "lisa sliwa", "curtis sliwa wife nancy regula", "curtis sliwa netflix", "curtis sliwa parents", "curtis sliwa for mayor", "curtis sliwa for mayor polls", "curtis sliwa mayor campaign"], "curtis sliwa race": ["curtis sliwa netflix", "curtis sliwa net worth", "curtis sliwa trump", "curtis sliwa cats", "curtis sliwa martial arts", "curtis sliwa policies", "curtis sliwa for mayor", "curtis sliwa platform"], "curtis sliwa transportation": ["curtis sliwa mayor", "guardian angels nyc", "nyt curtis sliwa", "eric adams"], "curtis sliwa": ["curtis sliwa net worth", "curtis sliwa netflix", "curtis sliwa trump", "curtis sliwa cats", "curtis sliwa mayor", "curtis sliwa martial arts", "curtis sliwa policies", "what ethnicity is curtis sliwa"], "eric adams background": ["eric adams parents", "eric adams wife", "eric adams family", "eric adams mayor policies", "eric adams son", "eric adams salary", "eric adams wiki", "eric adams nyc mayor"], "eric adams covid": false, "eric adams education": ["eric adams wife", "eric adams partner", "eric adams height", "eric adams mayor policies", "eric adams police", "eric adams vegan", "eric adams twitter", "eric adams nyc mayor"], "eric adams endorsement": ["eric adams policies", "nyc mayoral candidates 2021 polls", "eric adams platform", "aoc endorsements 2021", "new york times endorsements 2021", "eric adams pastor", "maya wiley endorsements", "kathryn garcia endorsements"], "eric adams for mayor": ["eric adams mayor wife", "eric adams mayor website", "eric adams campaign", "eric adams platform", "eric adams mayor policies", "eric adams height", "eric adams vegan", "eric adams partner"], "eric adams LGBT": ["eric adams children", "eric adams wife", "eric adams partner", "eric adams wife picture", "eric adams jamaica", "eric adams is he married", "eric adams son", "eric adams business"], "eric adams mayoral election": ["eric adams mayor wife", "eric adams partner", "eric adams son", "eric adams twitter", "eric adams mayor policies", "eric adams mayor website", "eric adams polls", "nyc mayoral candidates 2021"], "eric adams MTA": ["eric adams twitter", "eric adams 3rd person", "eric adams statement", "how to contact eric adams", "eric adams schedule", "eric adams bitcoin", "eric adams education", "eric adams today"], "eric adams net worth": ["eric adams salary", "eric adams wife", "andrew yang net worth", "maya wiley net worth", "eric adams son", "eric adams partner", "eric adams manowar height", "eric adams age"], "eric adams nyc": ["eric adams nyc mayor", "eric adams wife", "eric adams partner", "eric adams height", "eric adams platform", "eric adams vegan", "eric adams twitter", "eric adams education"], "eric adams partner": ["eric adams wife picture", "eric adams children", "eric adams son jordan", "eric adams son", "eric adams parents nationality", "eric adams mayor wife", "eric adams is he married"], "eric adams race": ["eric adams wife", "eric adams family", "eric adams children", "eric adams parents", "eric adams wiki", "eric adams education", "eric adams partner", "eric adams vegan"], "eric adams transportation": ["eric adams partner", "eric adams obama", "eric adams campaign", "eric adams for mayor youtube", "eric adams twitter", "eric adams mta"], "eric adams": ["eric adams wife", "eric adams police", "eric adams mayor", "eric adams twitter", "eric adams platform", "eric adams wiki", "eric adams partner", "eric adams height"], "new york mayor candidates": ["nyc mayoral candidates 2021 polls", "nyc primary candidates 2021", "nyc mayoral candidates platforms", "nyc republican mayoral candidates", "new york mayoral race polls 538", "nyc mayoral debate", "eric adams nyc mayor", "andrew yang nyc mayor"], "nyc mayoral election": ["nyc mayoral polls 2021", "nyc mayoral debate", "nyc republican mayoral candidates", "nyc mayoral candidates platforms", "nyc primary candidates 2021", "2001 nyc mayoral election", "2009 nyc mayoral election", "1997 nyc mayoral election"]}