{"curtis sliwa background": ["curtis sliwa parents", "what ethnicity is curtis sliwa", "curtis sliwa apartment", "curtis sliwa net worth", "curtis sliwa political party", "curtis sliwa red beret", "curtis sliwa twitter", "curtis sliwa platform"], "curtis sliwa covid": false, "curtis sliwa education": ["curtis sliwa net worth", "curtis sliwa salary", "curtis sliwa education policy", "what ethnicity is curtis sliwa", "curtis sliwa political party", "curtis sliwa martial arts", "curtis sliwa netflix", "curtis sliwa sister"], "curtis sliwa endorsement": ["curtis sliwa net worth", "curtis sliwa trump", "can curtis sliwa win", "curtis sliwa wife nancy regula", "curtis sliwa platform", "curtis sliwa political party", "curtis sliwa events", "curtis sliwa policies"], "curtis sliwa for mayor": ["curtis sliwa for mayor website", "curtis sliwa for mayor polls", "curtis sliwa parents", "curtis sliwa trump", "curtis sliwa party", "curtis sliwa for mayor address", "curtis sliwa wife nancy regula", "curtis sliwa net worth"], "curtis sliwa LGBT": ["guardian angels", "guardian angel"], "curtis sliwa mayoral election": ["curtis sliwa trump", "curtis sliwa netflix", "curtis sliwa for mayor polls", "curtis sliwa mayor 2021", "curtis sliwa mayor 2021 website", "nyc mayoral election", "curtis sliwa twitter", "curtis sliwa campaign"], "curtis sliwa MTA": ["curtis sliwa refund the police", "curtis sliwa mayor", "nypost curtis sliwa", "curtis sliwa popularity", "nyt curtis sliwa", "guardian angels"], "curtis sliwa net worth": ["curtis sliwa net worth 2021", "curtis sliwa trump", "curtis sliwa netflix", "curtis sliwa wife nancy regula", "curtis sliwa cats", "what does curtis sliwa do for a living", "curtis sliwa wife age", "curtis sliwa party"], "curtis sliwa nyc": ["curtis sliwa net worth", "curtis sliwa platform", "curtis sliwa twitter", "curtis sliwa parents", "curtis sliwa radio show", "curtis sliwa martial arts", "curtis sliwa apartment", "curtis sliwa campaign"], "curtis sliwa partner": ["curtis sliwa net worth", "curtis sliwa wife nancy regula", "curtis sliwa parents", "curtis sliwa political party", "curtis sliwa netflix", "curtis sliwa red beret", "curtis sliwa trump", "curtis sliwa cats"], "curtis sliwa race": ["curtis sliwa netflix", "curtis sliwa net worth", "curtis sliwa trump", "curtis sliwa debate", "curtis sliwa cats", "curtis sliwa policies", "curtis sliwa for mayor", "curtis sliwa martial arts"], "curtis sliwa transportation": ["curtis sliwa mayor", "nyt curtis sliwa"], "curtis sliwa": ["curtis sliwa net worth", "curtis sliwa netflix", "curtis sliwa trump", "what ethnicity is curtis sliwa", "curtis sliwa mayor", "curtis sliwa cats", "curtis sliwa wiki", "curtis sliwa contact"], "eric adams background": ["eric adams parents", "eric adams wife", "eric adams son", "eric adams son jordan", "eric adams is he married", "eric adams salary", "eric adams nyc mayor"], "eric adams covid": ["eric adams book", "nyc shut down 2021"], "eric adams education": ["eric adams wife", "eric adams partner", "eric adams salary", "eric adams is he married", "eric adams summer school", "eric adams son", "eric adams mayor policies", "eric adams police"], "eric adams endorsement": ["eric adams policies", "nyc mayoral candidates 2021 polls", "eric adams platform", "aoc endorsements 2021", "new york times endorsements 2021", "eric adams pastor", "maya wiley endorsements", "current nyc mayoral polls"], "eric adams for mayor": ["eric adams mayor wife", "eric adams mayor website", "eric adams campaign", "eric adams platform", "eric adams partner", "eric adams family", "eric adams book", "eric adams police"], "eric adams LGBT": ["eric adams profile", "eric adams wife", "eric adams mayor", "eric adams partner", "eric adams rikers island", "eric adams deblasio", "eric adams son", "eric adams education platform"], "eric adams mayoral election": ["eric adams mayor wife", "eric adams son", "eric adams twitter", "eric adams family", "eric adams mayor website", "eric adams polls", "nyc mayoral candidates 2021", "eric adams platform"], "eric adams MTA": ["eric adams twitter", "eric adams 3rd person", "eric adams statement", "eric adams email", "eric adams bitcoin", "is eric adams good", "eric adams education", "eric adams today"], "eric adams net worth": ["eric adams salary", "eric adams wife", "andrew yang net worth", "maya wiley net worth", "eric adams son", "eric adams partner", "eric adams age", "eric adams yeezy"], "eric adams nyc": ["eric adams nyc mayor", "eric adams wife", "eric adams partner", "eric adams twitter", "eric adams education", "eric adams platform", "eric adams police", "eric adams mayor website"], "eric adams partner": ["eric adams wife picture", "eric adams children", "eric adams mayor wife", "eric adams salary", "eric adams is he married", "eric adams family", "eric adams son", "eric adams son jordan"], "eric adams race": ["eric adams wife", "eric adams parents", "eric adams family", "eric adams education", "eric adams children", "eric adams partner", "eric adams book", "eric adams platform"], "eric adams transportation": ["eric adams obama", "eric adams mta", "eric adams 3rd person", "eric adams beliefs", "eric adams education", "eric adams nyt", "eric adams interview", "eric adams nytimes interview"], "eric adams": ["eric adams (manowar)", "eric adams wife", "eric adams police", "eric adams mayor", "eric adams twitter", "eric adams platform", "eric adams partner", "eric adams wiki"], "new york mayor candidates": ["nyc mayoral candidates 2021", "nyc mayoral candidates 2021 polls", "new york mayoral election polls", "new york city elections 2021", "nyc primary candidates 2021", "nyc mayoral candidates platforms", "nyc mayoral candidates compare", "nyc mayoral election primary"], "nyc mayoral election": ["nyc mayoral polls 2021", "nyc mayoral election results", "nyc mayoral debate", "nyc republican mayoral candidates", "nyc mayoral candidates platforms", "eric adams nyc mayor", "2009 nyc mayoral election", "1997 nyc mayoral election"]}