{"eric adams": ["eric adams", "eric adams nyc", "eric adams wife", "eric adams mayor", "eric adams policies", "eric adams new york", "eric adams platform", "eric adams wiki", "eric adams andrew yang", "eric adams republican", "eric adams nyc mayor race", "eric adams nyc mayoral candidate", "eric adams nyc policies", "eric adams nyc bio", "eric adams nyc police", "eric adams nyc polls", "eric adams nyc political party", "eric adams nyc twitter", "eric adams nyc bitcoin", "eric adams wife tracey collins", "eric adams wife manowar", "eric adams wife name", "eric adams wife picture", "eric adams wife photo", "eric adams married", "eric adams spouse", "eric adams marriage", "eric adams singer wife", "eric adams mayor candidate", "eric adams mayor website", "eric adams mayor policies", "eric adams mayor new york", "eric adams mayor twitter", "eric adams mayor endorsements", "eric adams mayor new york city", "eric adams mayor of ny", "eric adams mayor bitcoin", "eric adams policies on education", "eric adams policies reddit", "eric adams housing policies", "eric adams nyc mayor policies", "kathryn garcia vs eric adams policies", "eric adams new york mayor", "eric adams new york post", "eric adams new yorker", "eric adams new york city mayoral race", "eric adams new york wikipedia", "eric adams new york mayor race", "eric adams new york police", "eric adams new york apartment", "eric adams new york policies", "eric adams education platform", "eric adams manowar wikipedia", "eric adams andrew yang poll", "eric adams vs andrew yang polls", "eric adams political views", "eric adams political party", "eric adams political positions", "eric adams political affiliation"], "eric adams nyc": ["eric adams nyc", "eric adams nyc mayor race", "eric adams nyc mayoral candidate", "eric adams nyc policies", "eric adams nyc bio", "eric adams nyc police", "eric adams nyc polls", "eric adams nyc political party", "eric adams nyc twitter", "eric adams nyc bitcoin", "eric adams new york mayor race", "eric adams new york city mayoral race", "nyc mayoral candidates 2021 eric adams", "eric adams nyc mayor policies"], "eric adams mayoral election": ["eric adams mayoral election", "eric adams mayor race", "eric adams nyc mayoral race", "eric adams nyc mayor race"], "eric adams for mayor": ["eric adams for mayor", "eric adams for mayor of nyc", "eric adams for mayor platform", "eric adams for mayor of new york city", "eric adams for mayor t shirt", "eric adams for mayor twitter", "eric adams for mayor facebook", "eric adams for mayor shirt", "eric adams for mayor commercial", "eric adams nyc mayor platform"], "eric adams partner": ["eric adams partner", "eric adams partner new jersey", "eric adams partner fort lee"], "eric adams race": ["eric adams race", "eric adams nyc mayor race", "eric adams new york mayoral race", "eric adams new york mayor race", "eric adams new york city mayoral race"], "eric adams endorsement": ["eric adams endorsement", "eric adams endorsements", "eric adams mayor endorsements", "eric adams union endorsement", "eric adams police endorsement", "eric adams nypd endorsement", "eric adams labor endorsements", "eric adams ny post endorsement", "eric adams union endorsements"], "eric adams covid": ["eric adams covid", "eric adams covid vaccine", "who vaccine update covid", "who update covid 19 vaccine", "who covid vaccine update today", "who vaccine update covid 19", "who covid 19 vaccine list", "who covid 19 vaccine tracker", "who covid 19 vaccine trials", "who covid 19 vaccine efficacy", "who covid 19 vaccine candidates", "who covid-19 vaccine research", "who covid 19 vaccine approval", "who covid 19 vaccine status", "update covid 19 vaccine in philippines"], "eric adams transportation": ["eric adams transportation"], "eric adams MTA": ["eric adams MTA", "eric adams mta"], "eric adams education": ["eric adams education", "eric adams education policy", "eric adams educational background", "eric adams education advisor", "eric adams education agenda", "eric adams mayor education", "eric adams college education", "eric adams nyc education", "eric adams position on education"], "eric adams LGBT": ["eric adams LGBT"], "eric adams background": ["eric adams background", "eric adams mayor background"], "eric adams net worth": ["eric adams net worth", "eric adams manowar net worth", "eric adams politician net worth", "eric l adams net worth", "eric adams salary", "what is stacy adams net worth", "how much is gerry adams worth", "how much is orny adams worth", "eric adams salary as a senator", "eric adams brooklyn salary", "what is steven adams salary", "what is davante adams net worth", "how much is valerie adams worth"], "curtis sliwa": ["curtis sliwa", "curtis sliwa net worth", "curtis sliwa for mayor", "curtis sliwa guardian angels", "curtis sliwa wife", "curtis sliwa trump", "curtis sliwa hat", "curtis sliwa vs eric adams", "curtis sliwa platform", "curtis sliwa twitter", "curtis sliwa net worth 2021", "curtis sliwa net worth 2018", "curtis sliwa net worth forbes", "how much is curtis sliwa worth", "how much does curtis sliwa make a year", "curtis sliwa for mayor polls", "curtis sliwa for mayor facebook", "curtis sliwa for mayor youtube", "curtis sliwa for mayor address", "curtis sliwa for mayor t shirt", "curtis sliwa for mayor contact", "curtis sliwa wife lisa", "curtis sliwa wife nancy regula", "curtis sliwa wife nancy", "curtis sliwa spouse", "curtis sliwa ex wife", "how old is curtis sliwa wife", "who was curtis sliwa first wife", "what is curtis sliwa net worth", "curtis sliwa no hat", "curtis sliwa vs eric adams polls", "curtis sliwa mayor platform"], "curtis sliwa nyc": ["curtis sliwa nyc", "curtis sliwa nyc mayor", "curtis sliwa running for nyc mayor"], "curtis sliwa mayoral election": ["curtis sliwa mayoral election", "curtis sliwa mayor race"], "curtis sliwa for mayor": ["curtis sliwa for mayor", "curtis sliwa for mayor polls", "curtis sliwa for mayor facebook", "curtis sliwa for mayor youtube", "curtis sliwa for mayor address", "curtis sliwa for mayor t shirt", "curtis sliwa for mayor contact"], "curtis sliwa partner": ["curtis sliwa partner", "curtis sliwa radio partner"], "curtis sliwa race": ["curtis sliwa race", "curtis sliwa ethnicity", "curtis sliwa mayor race", "is curtis sliwa italian", "what nationality is curtis sliwa"], "curtis sliwa endorsement": ["curtis sliwa endorsement", "curtis sliwa endorsements"], "curtis sliwa covid": ["curtis sliwa covid"], "curtis sliwa transportation": ["curtis sliwa transportation", "curtis sliwa transportation committee", "curtis sliwa transportation committee members"], "curtis sliwa MTA": ["curtis sliwa MTA", "curtis sliwa mtac"], "curtis sliwa education": ["curtis sliwa education", "curtis sliwa education background", "curtis sliwa education policy"], "curtis sliwa LGBT": ["curtis sliwa LGBT"], "curtis sliwa background": ["curtis sliwa background"], "curtis sliwa net worth": ["curtis sliwa net worth", "curtis sliwa net worth 2021", "curtis sliwa net worth 2018", "curtis sliwa net worth forbes", "how much is curtis sliwa worth", "how much does curtis sliwa make a year", "what is curtis sliwa net worth", "how much is curtis warren worth", "net worth of curtis sliwa", "how much is forbes worth", "what is curtis snow net worth", "how much is curtis snow worth", "how much is curtis martin worth"]}