{"nyc mayoral election": ["nyc mayoral election results", "nyc republican mayoral candidates", "nyc mayoral race yang", "nyc mayoral candidates platforms", "nyc mayoral race 2021 results", "2009 nyc mayoral election", "1997 nyc mayoral election", "nyc mayoral candidates compare", "eric adams"], "new york mayor candidates": ["nyc mayoral candidates 2021", "nyc mayoral candidates 2021 polls", "new york mayoral election polls", "new york city elections 2021", "nyc primary candidates 2021", "new york mayoral race", "new york primary election 2021", "nyc republican mayoral candidates"], "eric adams": ["eric adams manowar", "eric adams wife", "eric adams twitter", "eric adams nyc mayor", "eric adams police", "eric adams partner", "eric adams platform", "eric adams' education", "nyc mayoral race"], "eric adams nyc": ["eric adams nyc mayor", "eric adams wife", "eric adams partner", "eric adams twitter", "eric adams' education", "eric adams platform", "eric adams police", "eric adams son", "eric adams"], "eric adams mayoral election": ["eric adams partner", "eric adams mayor policies", "when is nyc mayoral election 2021", "who won mayor of new york", "eric adams mayor website", "new york mayoral race", "current nyc mayoral polls", "when does eric adams take office"], "eric adams for mayor": ["eric adams mayor website", "eric adams wife", "eric adams campaign", "eric adams twitter", "eric adams' education", "eric adams platform", "eric adams parents", "eric adams family", "eric adams"], "eric adams partner": ["eric adams son", "eric adams family", "eric adams married", "eric adams son jordan", "eric adams wife picture", "eric adams height", "eric adams parents", "eric adams wife", "eric adams", "tracey collins eric adams"], "eric adams race": ["eric adams parents", "eric adams wife", "eric adams wiki", "eric adams family", "eric adams' education", "eric adams partner", "eric adams book"], "eric adams endorsement": ["eric adams police", "eric adams political views", "eric adams policies", "eric adams platform", "eric adams twitter", "eric adams partner", "eric adams campaign", "eric adams son"], "eric adams covid": ["eric adams vaccine mandate", "nyc shut down 2021"], "eric adams transportation": ["eric adams mta", "eric adams beliefs", "eric adams' education", "eric adams interview", "eric adams brooklyn borough president", "eric adams ranked-choice voting", "eric adams outdoor dining"], "eric adams MTA": ["eric adams twitter", "eric adams statement", "eric adams email", "eric adams bitcoin", "eric adams' education", "is eric adams good", "eric adams today", "eric adams social media"], "eric adams education": ["eric adams wife", "eric adams partner", "eric adams salary", "eric adams family", "eric adams son", "eric adams is he married", "eric adams nyc mayor", "eric adams", "Kathryn Garcia"], "eric adams LGBT": ["eric adams wife", "eric adams partner", "eric adams son", "eric adams profile", "eric adams mayor", "eric adams rikers island", "eric adams conservative", "eric adams platform"], "eric adams background": ["eric adams parents", "eric adams wife", "eric adams family", "eric adams son", "eric adams' education", "eric adams nyc mayor", "eric adams height"], "eric adams net worth": ["eric adams wife", "eric adams son", "eric adams salary", "andrew yang net worth", "eric adams partner", "eric adams age", "eric adams wife manowar", "eric adams manowar height", "eric adams", "joey demaio net worth"], "curtis sliwa": ["curtis sliwa netflix", "curtis sliwa net worth", "curtis sliwa trump", "curtis sliwa debate", "curtis sliwa mayor", "curtis sliwa cats", "curtis sliwa wiki", "curtis sliwa platform", "eric adams"], "curtis sliwa nyc": ["curtis sliwa debate", "curtis sliwa net worth", "curtis sliwa netflix", "curtis sliwa platform", "curtis sliwa trump", "curtis sliwa cats", "curtis sliwa guardian angels", "curtis sliwa radio show"], "curtis sliwa mayoral election": ["curtis sliwa trump", "curtis sliwa for mayor polls", "nyc mayoral election", "curtis sliwa cats", "curtis sliwa policies", "curtis sliwa apartment", "curtis sliwa phone number", "curtis sliwa for mayor address"], "curtis sliwa for mayor": ["curtis sliwa for mayor website", "curtis sliwa for mayor polls", "curtis sliwa netflix", "curtis sliwa mayor 2021", "curtis sliwa guardian angels", "curtis sliwa trump", "curtis sliwa net worth", "curtis sliwa debate", "eric adams"], "curtis sliwa partner": ["curtis sliwa net worth", "what is the nationality of curtis sliwa", "curtis sliwa netflix", "curtis sliwa parents", "curtis sliwa trump", "curtis sliwa cats", "nancy sliwa", "curtis sliwa wife nancy regula"], "curtis sliwa race": ["curtis sliwa netflix", "curtis sliwa net worth", "curtis sliwa debate", "curtis sliwa trump", "curtis sliwa cats", "curtis sliwa martial arts", "curtis sliwa policies", "curtis sliwa platform"], "curtis sliwa endorsement": ["curtis sliwa trump", "curtis sliwa net worth", "curtis sliwa policies", "curtis sliwa platform", "curtis sliwa campaign", "curtis sliwa debate", "curtis sliwa netflix", "curtis sliwa wife nancy regula"], "curtis sliwa covid": ["mandatory covid vaccine new york", "new york city vaccine mandate"], "curtis sliwa transportation": ["curtis sliwa mayor", "curtis sliwa platform", "curtis sliwa trump", "curtis sliwa net worth", "curtis sliwa poll numbers", "curtis sliwa cats", "curtis sliwa popularity", "nypost curtis sliwa"], "curtis sliwa MTA": ["curtis sliwa mayor", "curtis sliwa refund the police", "nypost curtis sliwa", "curtis sliwa popularity", "curtis sliwa netflix", "curtis sliwa election", "curtis sliwa for mayor website", "curtis sliwa net worth"], "curtis sliwa education": ["curtis sliwa net worth", "curtis sliwa netflix", "curtis sliwa education policy", "curtis sliwa platform", "curtis sliwa for mayor", "curtis sliwa wife nancy regula", "curtis sliwa trump", "what ethnicity is curtis sliwa"], "curtis sliwa LGBT": ["guardian angels", "guardian angels", "guardian angel", "when was lgbtq created", "what is a guardian angel"], "curtis sliwa background": ["curtis sliwa platform", "curtis sliwa netflix", "curtis sliwa net worth", "curtis sliwa parents", "curtis sliwa policies", "curtis sliwa wife nancy regula", "what ethnicity is curtis sliwa?", "curtis sliwa sister"], "curtis sliwa net worth": ["curtis sliwa netflix", "curtis sliwa parents", "what is the nationality of curtis sliwa", "curtis sliwa trump", "curtis sliwa height", "curtis sliwa for mayor", "curtis sliwa martial arts", "curtis sliwa platform", "curtis sliwa cats"]}