{"nyc mayoral election": ["nyc mayoral election results", "nyc republican mayoral candidates", "nyc mayoral candidates platforms", "nyc mayoral race yang", "nyc mayoral race 2021 results", "2013 nyc mayoral election", "2009 nyc mayoral election", "1997 nyc mayoral election", "eric adams"], "new york mayor candidates": ["nyc mayoral candidates 2021", "nyc mayoral candidates 2021 polls", "nyc election candidates 2021", "new york mayoral election polls", "new york city elections 2021", "new york mayoral race", "nyc mayoral candidates platforms", "nyc mayoral candidates republican"], "eric adams covid": [], "eric adams transportation": ["eric adams partner", "eric adams platform", "eric adams nyc mayor", "eric adams' education", "eric adams wife", "eric adams mta", "eric adams twitter", "eric adams policy"], "eric adams MTA": ["eric adams mta"], "eric adams education": ["eric adams", "Kathryn Garcia", "eric adams wife", "eric adams education policy", "Chrisena Coleman", "tracey collins eric adams", "eric adams family", "new york city police academy", "andrew yang education"], "eric adams LGBT": ["eric adams wife", "eric adams partner", "eric adams son", "eric adams profile", "eric adams conservative", "eric adams rikers island", "eric adams platform", "eric adams' policies"], "eric adams background": ["eric adams parents", "eric adams nyc mayor", "eric adams wife", "eric adams family", "eric adams son", "eric adams parents nationality", "eric adams height"], "eric adams net worth": ["eric adams", "eric adams wife", "andrew yang net worth", "joey demaio net worth", "karl logan net worth", "eric adams politician net worth", "eric adams manowar net worth", "eric l adams net worth"], "curtis sliwa": ["curtis sliwa netflix", "curtis sliwa net worth", "curtis sliwa trump", "curtis sliwa mayor", "curtis sliwa debate", "curtis sliwa cats", "curtis sliwa platform", "curtis sliwa fundraiser", "eric adams"], "curtis sliwa nyc": ["curtis sliwa debate", "curtis sliwa net worth", "curtis sliwa netflix", "curtis sliwa platform", "curtis sliwa trump", "curtis sliwa cats", "curtis sliwa radio show", "curtis sliwa martial arts"], "curtis sliwa mayoral election": [], "curtis sliwa for mayor": ["eric adams", "curtis sliwa for mayor website", "nyc mayoral polls", "curtis sliwa net worth", "Fernando Mateo", "curtis sliwa for mayor", "curtis sliwa for mayor polls", "curtis sliwa for mayor address", "curtis sliwa for mayor facebook"], "curtis sliwa partner": ["curtis sliwa partner", "curtis sliwa radio partner"], "curtis sliwa race": ["curtis sliwa netflix", "curtis sliwa net worth", "curtis sliwa debate", "curtis sliwa trump", "curtis sliwa cats", "curtis sliwa policies", "curtis sliwa martial arts", "curtis sliwa platform"], "curtis sliwa endorsement": ["curtis sliwa endorsements"], "curtis sliwa covid": ["curtis sliwa covid"], "curtis sliwa transportation": ["curtis sliwa for mayor website", "curtis sliwa mayor", "curtis sliwa trump", "curtis sliwa net worth", "curtis sliwa cats", "does curtis sliwa have a chance", "guardian angels"], "curtis sliwa MTA": ["curtis sliwa refund the police", "curtis sliwa mayor", "nypost curtis sliwa", "curtis sliwa netflix", "curtis sliwa platform", "curtis sliwa trump", "curtis sliwa guardian angels", "curtis sliwa net worth", "curtis sliwa nyt", "curtis sliwa nypd"], "curtis sliwa education": ["curtis sliwa net worth", "curtis sliwa netflix", "curtis sliwa for mayor website", "curtis sliwa education policy", "curtis sliwa trump", "curtis sliwa wife nancy regula", "what ethnicity is curtis sliwa", "curtis sliwa parents"], "curtis sliwa LGBT": ["guardian angels", "guardian angel", "when was lgbtq created", "what is a guardian angel"], "curtis sliwa background": ["curtis sliwa background"], "curtis sliwa net worth": ["curtis sliwa for mayor", "curtis sliwa trump", "lisa evers net worth", "curtis sliwa cats", "curtis sliwa net worth 2021", "curtis sliwa salary", "curtis sliwa netflix", "can curtis sliwa win", "curtis sliwa children"]}