{"boston mayor candidates": ["boston mayoral election 2020", "when is the boston mayoral primary", "boston mayoral race candidates 2021", "boston mayoral election 2021 primary", "boston mayoral election results", "boston mayoral candidates on the issues", "boston mayoral polls", "boston mayoral candidates comparison"], "boston mayoral election": ["boston mayoral election results", "boston mayoral election 2020", "boston mayoral election 2021 primary", "boston mayoral polls", "boston mayoral election primary", "boston mayoral election 2021 polls", "2017 boston mayoral election", "boston mayoral candidates on the issues"], "curtis sliwa background": ["curtis sliwa parents", "what ethnicity is curtis sliwa", "curtis sliwa net worth", "curtis sliwa political party", "curtis sliwa wife nancy regula", "curtis sliwa cats", "curtis sliwa platform", "curtis sliwa twitter"], "curtis sliwa covid": false, "curtis sliwa education": ["curtis sliwa net worth", "what ethnicity is curtis sliwa", "curtis sliwa education policy", "curtis sliwa platform", "curtis sliwa parents", "curtis sliwa for mayor website", "curtis sliwa martial arts", "curtis sliwa political party"], "curtis sliwa endorsement": ["curtis sliwa trump", "curtis sliwa net worth", "curtis sliwa platform", "curtis sliwa for mayor website", "curtis sliwa policies", "curtis sliwa wife nancy regula", "curtis sliwa netflix", "curtis sliwa guardian angels"], "curtis sliwa for mayor": ["curtis sliwa for mayor website", "curtis sliwa for mayor polls", "curtis sliwa for mayor republican", "curtis sliwa net worth", "curtis sliwa netflix", "curtis sliwa platform", "curtis sliwa political party", "curtis sliwa mayor 2021"], "curtis sliwa LGBT": ["curtis sliwa for mayor website", "curtis sliwa for mayor polls", "guardian angel", "what is a guardian angel", "curtis sliwa net worth", "guardian angels", "when was lgbtq created"], "curtis sliwa mayoral election": ["curtis sliwa trump", "curtis sliwa for mayor polls", "curtis sliwa net worth", "curtis sliwa mayor 2021", "curtis sliwa mayor 2021 website", "nyc mayoral election", "curtis sliwa platform", "curtis sliwa guardian angels"], "curtis sliwa MTA": ["curtis sliwa refund the police", "curtis sliwa mayor", "nypost curtis sliwa", "guardian angels", "guardian angel", "what is a guardian angel"], "curtis sliwa net worth": ["curtis sliwa net worth 2021", "curtis sliwa netflix", "curtis sliwa trump", "curtis sliwa parents", "what is the nationality of curtis sliwa", "curtis sliwa net worth 2018", "curtis sliwa wife nancy regula"], "curtis sliwa nyc": ["curtis sliwa debate", "curtis sliwa net worth", "curtis sliwa platform", "curtis sliwa trump", "curtis sliwa wife nancy regula", "curtis sliwa political party", "nyc mayoral polls", "curtis sliwa for mayor polls"], "curtis sliwa partner": ["curtis sliwa wife nancy regula", "curtis sliwa parents", "curtis sliwa net worth 2021", "curtis sliwa netflix", "nancy regula wikipedia", "curtis sliwa trump"], "curtis sliwa race": ["curtis sliwa netflix", "curtis sliwa net worth", "curtis sliwa debate", "curtis sliwa trump", "curtis sliwa cats", "curtis sliwa political party", "curtis sliwa mayor", "curtis sliwa martial arts"], "curtis sliwa transportation": ["curtis sliwa mayor", "curtis sliwa platform", "curtis sliwa for mayor website", "curtis sliwa trump", "curtis sliwa debate", "curtis sliwa net worth", "curtis sliwa political party"], "curtis sliwa": ["curtis sliwa net worth", "curtis sliwa netflix", "curtis sliwa trump", "curtis sliwa cats", "curtis sliwa mayor", "curtis sliwa political party", "curtis sliwa debate", "what ethnicity is curtis sliwa"], "eric adams background": ["eric adams parents nationality", "eric adams parents", "eric adams wife", "eric adams family", "eric adams son", "eric adams political views", "eric adams salary", "eric adams wiki"], "eric adams covid": ["nyc shut down 2021"], "eric adams education": ["eric adams partner", "eric adams wife", "eric adams salary", "eric adams education platform", "eric adams education plan", "eric adams education policy", "eric adams is he married", "eric adams son"], "eric adams endorsement": ["eric adams platform", "eric adams policies", "nyc mayoral candidates 2021", "eric adams mayor", "nyc mayoral candidates 2021 polls", "new york times endorsements 2021", "eric adams pastor", "kathryn garcia endorsements"], "eric adams for mayor": ["eric adams mayor website", "eric adams mayor policies", "eric adams partner", "eric adams campaign", "eric adams is he married", "eric adams party", "eric adams platform", "eric adams parents"], "eric adams LGBT": ["eric adams wife", "eric adams son", "eric adams partner", "eric adams mayor", "eric adams apartment", "eric adams platform", "eric adams political views"], "eric adams mayoral election": ["eric adams partner", "eric adams children", "eric adams twitter", "eric adams son", "eric adams mayor policies", "eric adams family", "eric adams mayor website", "eric adams wiki"], "eric adams MTA": ["eric adams wife", "eric adams mayor", "eric adams twitter", "eric adams platform", "eric adams statement", "eric adams rao's", "eric adams email"], "eric adams net worth": ["eric adams salary", "eric adams wife", "eric adams son", "eric adams manowar net worth", "eric adams wife manowar", "eric adams manowar height", "eric leroy adams net worth", "eric adams age"], "eric adams nyc": ["eric adams nyc mayor", "eric adams wife", "eric adams partner", "eric adams' education", "eric adams twitter", "eric adams platform", "eric adams police", "eric adams son"], "eric adams partner": ["eric adams children", "eric adams wife picture", "eric adams son", "tracey collins", "eric adams son jordan", "eric adams wiki", "eric adams is he married"], "eric adams race": ["eric adams wife", "eric adams wiki", "eric adams family", "eric adams' education", "eric adams children", "eric adams parents", "eric adams partner", "eric adams book"], "eric adams transportation": ["eric adams platform", "eric adams mta", "eric adams' education", "eric adams beliefs", "eric adams nyt", "eric adams interview", "eric adams ranked-choice voting", "eric adams outdoor dining"], "eric adams": ["eric adams manowar", "eric adams wife", "eric adams nyc mayor", "eric adams twitter", "eric adams police", "eric adams partner", "eric adams platform", "eric adams is he married"]}