{"curtis sliwa background": ["curtis sliwa parents", "what ethnicity is curtis sliwa", "curtis sliwa net worth", "curtis sliwa apartment", "curtis sliwa political party", "curtis sliwa red beret", "curtis sliwa twitter", "curtis sliwa platform"], "curtis sliwa covid": ["mandatory covid vaccine new york", "new york city vaccine mandate"], "curtis sliwa education": ["curtis sliwa net worth", "what ethnicity is curtis sliwa", "curtis sliwa martial arts", "curtis sliwa salary", "curtis sliwa apartment", "curtis sliwa policies", "curtis sliwa political party", "curtis sliwa netflix"], "curtis sliwa endorsement": ["curtis sliwa net worth", "curtis sliwa trump", "can curtis sliwa win", "curtis sliwa wife nancy regula", "curtis sliwa platform", "curtis sliwa political party", "curtis sliwa policies", "curtis sliwa events"], "curtis sliwa for mayor": ["curtis sliwa for mayor website", "curtis sliwa for mayor polls", "curtis sliwa parents", "curtis sliwa campaign", "nyc mayoral polls", "curtis sliwa wife nancy regula", "curtis sliwa net worth", "what ethnicity is curtis sliwa"], "curtis sliwa LGBT": ["guardian angels", "what is a guardian angel", "when was lgbtq created", "guardian angel"], "curtis sliwa mayoral election": ["curtis sliwa trump", "curtis sliwa netflix", "curtis sliwa for mayor polls", "curtis sliwa mayor 2021", "curtis sliwa mayor 2021 website", "curtis sliwa twitter", "can curtis sliwa win", "curtis sliwa party"], "curtis sliwa MTA": ["curtis sliwa refund the police", "curtis sliwa mayor", "curtis sliwa donation", "curtis sliwa cats", "curtis sliwa issues", "curtis sliwa events", "can curtis sliwa win", "nypost curtis sliwa"], "curtis sliwa net worth": ["curtis sliwa net worth 2021", "curtis sliwa trump", "curtis sliwa wife nancy regula", "nancy sliwa", "curtis sliwa netflix", "curtis sliwa apartment", "curtis sliwa cats", "what is the nationality of curtis sliwa"], "curtis sliwa nyc": ["curtis sliwa net worth", "curtis sliwa platform", "curtis sliwa twitter", "curtis sliwa parents", "curtis sliwa radio show", "curtis sliwa martial arts", "curtis sliwa apartment", "curtis sliwa campaign"], "curtis sliwa partner": ["curtis sliwa net worth", "curtis sliwa parents", "curtis sliwa netflix", "curtis sliwa political party", "curtis sliwa red beret", "curtis sliwa trump", "curtis sliwa cats", "curtis sliwa mayor campaign"], "curtis sliwa race": ["curtis sliwa netflix", "curtis sliwa net worth", "curtis sliwa trump", "curtis sliwa guardian angels", "curtis sliwa debate", "curtis sliwa policies", "curtis sliwa cats", "curtis sliwa political party"], "curtis sliwa transportation": ["curtis sliwa mayor", "nyt curtis sliwa", "guardian angels"], "curtis sliwa": ["curtis sliwa net worth", "curtis sliwa netflix", "curtis sliwa trump", "what ethnicity is curtis sliwa", "curtis sliwa contact", "curtis sliwa mayor", "curtis sliwa cats", "curtis sliwa wiki"], "eric adams background": ["eric adams children", "eric adams parents", "eric adams wife", "eric adams son", "eric adams vegan", "eric adams son jordan", "eric adams is he married"], "eric adams covid": ["eric adams vaccine passport", "nyc shut down 2021"], "eric adams education": ["eric adams wife", "eric adams partner", "eric adams salary", "eric adams is he married", "eric adams summer school", "eric adams mayor policies", "eric adams police", "eric adams political views"], "eric adams endorsement": ["eric adams policies", "nyc mayoral candidates 2021 polls", "eric adams platform", "aoc endorsements 2021", "new york times endorsements 2021", "eric adams pastor", "maya wiley endorsements", "current nyc mayoral polls"], "eric adams for mayor": ["eric adams mayor wife", "eric adams mayor website", "eric adams campaign", "eric adams platform", "eric adams family", "eric adams partner", "nyc mayoral candidates", "eric adams book"], "eric adams LGBT": ["eric adams profile", "eric adams wife", "eric adams mayor", "eric adams partner", "eric adams rikers island", "eric adams son", "eric adams education platform", "eric adams voting record"], "eric adams mayoral election": ["eric adams mayor wife", "eric adams son", "eric adams twitter", "eric adams mayor policies", "eric adams family", "eric adams mayor website", "eric adams polls", "eric adams political views"], "eric adams MTA": ["eric adams twitter", "eric adams 3rd person", "eric adams statement", "eric adams email", "eric adams bitcoin", "is eric adams good", "eric adams education", "eric adams today"], "eric adams net worth": ["eric adams salary", "eric adams wife", "andrew yang net worth", "eric adams son", "eric adams partner", "eric adams wife manowar", "eric adams age", "eric adams wife picture"], "eric adams nyc": ["eric adams nyc mayor", "eric adams wife", "eric adams partner", "eric adams twitter", "eric adams platform", "eric adams education", "eric adams mayor website", "eric adams police"], "eric adams partner": ["eric adams wife picture", "eric adams children", "eric adams mayor wife", "eric adams salary", "eric adams is he married", "eric adams son", "eric adams family", "eric adams son jordan"], "eric adams race": ["eric adams wife", "eric adams parents", "eric adams family", "eric adams education", "eric adams children", "eric adams partner", "eric adams book", "eric adams platform"], "eric adams transportation": ["eric adams obama", "eric adams mta", "eric adams 3rd person", "eric adams education", "eric adams beliefs", "eric adams nyt", "eric adams interview", "eric adams nytimes interview"], "eric adams": ["eric adams (manowar)", "eric adams wife", "eric adams police", "eric adams mayor", "eric adams twitter", "eric adams platform", "eric adams partner", "eric adams wiki"], "new york mayor candidates": ["nyc mayoral candidates 2021", "nyc mayoral candidates 2021 polls", "new york mayoral election polls", "new york city elections 2021", "nyc primary candidates 2021", "nyc mayoral candidates platforms", "nyc mayoral candidates compare", "new york mayoral race"], "nyc mayoral election": ["nyc mayoral polls 2021", "nyc mayoral election results", "nyc mayoral election 2021", "nyc mayoral election primary", "nyc primary candidates 2021", "nyc mayoral candidates platforms", "new york city elections 2021", "mayoral candidates 2021"]}