{"boston mayor candidates": ["boston mayoral election 2020", "boston mayoral election candidates", "boston elections, 2021", "boston mayoral primary 2021", "boston mayoral election results", "boston mayoral race candidates 2021", "boston mayoral primary election", "boston mayoral candidates on the issues"], "boston mayoral election": ["boston mayoral election 2020", "boston mayoral election results", "boston mayoral candidates 2021", "boston mayoral election 2021 primary", "boston mayoral election polls", "boston mayoral election primary", "boston mayoral polls", "boston mayoral election candidates"], "curtis sliwa background": ["what ethnicity is curtis sliwa", "curtis sliwa wife nancy regula", "curtis sliwa parents", "curtis sliwa sister", "curtis sliwa political party", "curtis sliwa cats", "curtis sliwa mayor campaign", "curtis sliwa platform"], "curtis sliwa covid": false, "curtis sliwa education": ["curtis sliwa net worth", "curtis sliwa education policy", "curtis sliwa parents", "curtis sliwa platform", "how much does curtis sliwa make a year", "curtis sliwa martial arts", "curtis sliwa political party", "curtis sliwa mayor campaign"], "curtis sliwa endorsement": ["curtis sliwa trump", "curtis sliwa net worth", "curtis sliwa for mayor website", "fernando mateo", "can curtis sliwa win", "nancy regula", "curtis sliwa events", "curtis sliwa fundraiser"], "curtis sliwa for mayor": ["curtis sliwa for mayor website", "curtis sliwa for mayor polls", "curtis sliwa net worth", "curtis sliwa platform", "curtis sliwa mayor 2021 website", "curtis sliwa, guardian angels", "curtis sliwa parents", "curtis sliwa netflix"], "curtis sliwa LGBT": ["guardian angels", "guardian angel", "what is a guardian angel", "when was lgbtq created"], "curtis sliwa mayoral election": false, "curtis sliwa MTA": ["curtis sliwa refund the police", "curtis sliwa mayor", "nypost curtis sliwa", "curtis sliwa nypd", "curtis sliwa for nyc mayor", "guardian angels", "guardian angel", "what is a guardian angel"], "curtis sliwa net worth": ["curtis sliwa net worth 2021", "curtis sliwa netflix", "curtis sliwa trump", "curtis sliwa parents", "curtis sliwa height and weight", "what is the nationality of curtis sliwa", "curtis sliwa apartment", "curtis sliwa political party"], "curtis sliwa nyc": ["curtis sliwa debate", "curtis sliwa net worth", "curtis sliwa trump", "curtis sliwa platform", "curtis sliwa wife nancy regula", "what ethnicity is curtis sliwa", "curtis sliwa, guardian angels", "curtis sliwa netflix"], "curtis sliwa partner": ["curtis sliwa wife nancy regula", "curtis sliwa sister", "curtis sliwa parents", "curtis sliwa netflix", "curtis sliwa net worth 2021", "lisa sliwa", "how much does curtis sliwa make a year", "curtis sliwa trump"], "curtis sliwa race": ["curtis sliwa netflix", "curtis sliwa net worth", "curtis sliwa cats", "curtis sliwa trump", "curtis sliwa and juliet", "curtis sliwa parents", "curtis sliwa for mayor", "curtis sliwa martial arts"], "curtis sliwa transportation": ["curtis sliwa mayor", "curtis sliwa nypd", "nypost curtis sliwa", "curtis sliwa refund the police", "curtis sliwa for nyc mayor", "guardian angels"], "curtis sliwa": ["curtis sliwa net worth", "curtis sliwa netflix", "curtis sliwa trump", "what ethnicity is curtis sliwa", "curtis sliwa cats", "curtis sliwa martial arts", "curtis sliwa radio show", "can curtis sliwa win"], "eric adams background": ["eric adams parents nationality", "eric adams parents", "eric adams wife", "eric adams mother", "eric adams family", "eric adams son", "eric adams height", "eric adams nyc mayor"], "eric adams covid": false, "eric adams education": ["eric adams partner", "eric adams education plan", "eric adams is he married", "eric adams education platform", "eric adams son", "eric adams education policy", "eric adams parents"], "eric adams endorsement": ["eric adams mayor", "nyc mayoral candidates 2021", "nyc mayoral candidates 2021 polls", "eric adams policies", "new york times endorsements 2021", "kathryn garcia endorsements", "current nyc mayoral polls", "nyc mayoral polls 2021"], "eric adams for mayor": ["eric adams mayor website", "eric adams wife", "eric adams mayor policies", "eric adams mother", "eric adams partner", "eric adams is he married", "eric adams parents", "eric adams book"], "eric adams LGBT": ["eric adams wife", "eric adams son", "eric adams partner", "eric adams profile", "eric adams platform", "eric adams parents", "eric adams partner fort lee"], "eric adams mayoral election": ["eric adams partner", "eric adams wife", "eric adams children", "eric adams twitter", "eric adams son", "eric adams mayor policies", "eric adams mother", "eric adams family"], "eric adams MTA": ["eric adams platform", "eric adams interview", "eric adams ranked-choice voting"], "eric adams net worth": ["eric adams salary", "eric adams wife", "eric adams son", "eric adams wife manowar", "eric l adams net worth", "eric leroy adams net worth", "eric adams mother", "eric adams height"], "eric adams nyc": ["eric adams wife", "eric adams partner", "eric adams twitter", "eric adams' education", "eric adams platform", "eric adams police", "eric adams son", "eric adams mother"], "eric adams partner": ["eric adams married", "eric adams children", "eric adams family", "eric adams son", "eric adams wife picture", "eric adams partner fort lee", "eric adams son jordan", "eric adams is he married"], "eric adams race": ["eric adams wife", "eric adams family", "eric adams' education", "eric adams mother", "eric adams children", "eric adams parents", "eric adams partner", "eric adams book"], "eric adams transportation": ["eric adams platform", "eric adams corruption' allegations", "eric adams nyt", "eric adams interview", "eric adams ranked-choice voting"], "eric adams": ["eric adams manowar", "eric adams nyc mayor", "eric adams wife", "eric adams twitter", "eric adams police", "eric adams partner", "eric adams platform", "eric adams mother"]}