{"boston mayor candidates": ["boston mayoral candidates quiz", "boston mayoral candidates party affiliation", "boston mayoral candidates on the issues", "boston mayoral candidates comparison", "boston mayoral candidates debate", "boston globe mayor quiz", "boston mayoral debate schedule", "boston globe mayoral race"], "boston mayoral election": ["michelle wu", "boston mayoral election results live", "michelle wu boston mayor", "andrea boston mayor", "boston black mayor", "somerville mayor election", "andrea campbell boston", "what happened to the mayor of boston"], "curtis sliwa background": ["curtis sliwa parents", "what ethnicity is curtis sliwa", "curtis sliwa net worth", "curtis sliwa policies", "curtis sliwa apartment", "curtis sliwa platform", "curtis sliwa twitter", "curtis sliwa wife nancy regula"], "curtis sliwa covid": ["mandatory covid vaccine new york", "new york city vaccine mandate"], "curtis sliwa education": ["curtis sliwa net worth", "what ethnicity is curtis sliwa", "curtis sliwa education policy", "curtis sliwa platform", "curtis sliwa for mayor", "curtis sliwa apartment", "curtis sliwa policies", "curtis sliwa political party"], "curtis sliwa endorsement": ["curtis sliwa trump", "curtis sliwa net worth", "curtis sliwa policies", "curtis sliwa platform", "curtis sliwa netflix", "curtis sliwa wife nancy regula", "can curtis sliwa win", "curtis sliwa for mayor"], "curtis sliwa for mayor": ["curtis sliwa for mayor website", "curtis sliwa for mayor polls", "curtis sliwa netflix", "curtis sliwa net worth", "curtis sliwa campaign", "curtis sliwa policies", "curtis sliwa contact", "can curtis sliwa win"], "curtis sliwa LGBT": ["what is a guardian angel", "when was lgbtq created", "guardian angel", "guardian angels"], "curtis sliwa mayoral election": ["curtis sliwa trump", "curtis sliwa for mayor polls", "curtis sliwa political party", "nyc mayoral election", "curtis sliwa net worth", "curtis sliwa for mayor website", "can curtis sliwa win", "curtis sliwa party"], "curtis sliwa MTA": ["curtis sliwa platform", "curtis sliwa mayor", "curtis sliwa refund the police", "can curtis sliwa win", "nyc mayoral polls", "nypost curtis sliwa", "guardian angels"], "curtis sliwa net worth": ["curtis sliwa net worth 2021", "curtis sliwa netflix", "curtis sliwa height", "curtis sliwa trump", "curtis sliwa martial arts", "what is the nationality of curtis sliwa", "curtis sliwa parents", "curtis sliwa height and weight"], "curtis sliwa nyc": ["curtis sliwa debate", "curtis sliwa net worth", "curtis sliwa platform", "curtis sliwa trump", "curtis sliwa cats", "curtis sliwa apartment", "nyc mayoral election", "curtis sliwa netflix"], "curtis sliwa partner": ["curtis sliwa net worth 2021", "curtis sliwa wife nancy regula", "curtis sliwa netflix", "curtis sliwa parents", "nancy regula wikipedia", "curtis sliwa policies"], "curtis sliwa race": ["curtis sliwa netflix", "curtis sliwa net worth", "curtis sliwa debate", "curtis sliwa trump", "curtis sliwa cats", "curtis sliwa policies", "curtis sliwa martial arts", "curtis sliwa platform"], "curtis sliwa transportation": ["curtis sliwa platform", "curtis sliwa mayor", "can curtis sliwa win", "nyc mayoral polls", "guardian angels nyc", "curtis sliwa refund the police", "nypost curtis sliwa", "guardian angels"], "curtis sliwa": ["curtis sliwa net worth", "curtis sliwa netflix", "curtis sliwa trump", "curtis sliwa wiki", "curtis sliwa twitter", "curtis sliwa radio show", "curtis sliwa sister", "curtis sliwa debate"], "eric adams background": ["eric adams parents", "eric adams wife", "eric adams family", "eric adams son", "eric adams height", "eric adams political views", "eric adams salary", "eric adams nyc mayor"], "eric adams covid": ["nyc shut down 2021"], "eric adams education": ["eric adams wife", "eric adams partner", "eric adams salary", "eric adams son", "eric adams is he married", "eric adams parents", "eric adams mayor policies"], "eric adams endorsement": ["eric adams wife", "eric adams police", "eric adams political views", "eric adams platform", "eric adams partner", "eric adams campaign", "eric adams son", "eric adams mayor"], "eric adams for mayor": ["eric adams mayor website", "eric adams wife", "eric adams partner", "eric adams twitter", "eric adams family", "eric adams' education", "eric adams campaign", "eric adams platform"], "eric adams LGBT": ["eric adams wife", "eric adams partner", "eric adams son", "eric adams profile", "eric adams platform", "eric adams mayor 2021", "eric adams education platform", "eric adams' voting record"], "eric adams mayoral election": ["eric adams mayor policies", "who is the mayor of new york 2021", "eric adams mayor website", "new york mayoral election results 2021", "nyc mayoral race results", "eric adams platform", "nyc mayoral polls 2021", "nyc mayoral race yang"], "eric adams MTA": ["eric adams mayor", "eric adams twitter", "eric adams ny times", "eric adams statement", "eric adams' education", "eric adams email", "eric adams bitcoin"], "eric adams net worth": ["eric adams salary", "eric adams wife", "eric adams son", "andrew yang net worth", "eric adams partner", "eric adams manowar height", "eric adams age", "eric adams parents"], "eric adams nyc": ["eric adams nyc mayor", "eric adams wife", "eric adams partner", "eric adams twitter", "eric adams' education", "eric adams platform", "eric adams police", "eric adams son"], "eric adams partner": ["eric adams married", "eric adams children", "eric adams son", "eric adams family", "eric adams wife picture", "eric adams height", "eric adams son jordan", "eric adams partner fort lee"], "eric adams race": ["eric adams wife", "eric adams family", "eric adams' education", "eric adams partner", "eric adams book", "eric adams platform", "eric adams son", "eric adams' policies"], "eric adams transportation": ["eric adams mta", "eric adams for mayor", "eric adams' education", "eric adams beliefs", "eric adams interview", "eric adams ny times", "eric adams ranked-choice voting"], "eric adams": ["eric adams manowar", "eric adams wife", "eric adams nyc mayor", "eric adams twitter", "eric adams police", "eric adams partner", "eric adams platform", "eric adams wiki"]}