{"curtis sliwa background": ["what ethnicity is curtis sliwa", "curtis sliwa parents", "curtis sliwa net worth", "curtis sliwa red beret", "curtis sliwa mayor campaign", "curtis sliwa platform", "curtis sliwa cats", "curtis sliwa martial arts"], "curtis sliwa covid": false, "curtis sliwa education": ["curtis sliwa net worth", "curtis sliwa salary", "curtis sliwa twitter", "curtis sliwa martial arts", "curtis sliwa guardian angels", "curtis sliwa trump", "curtis sliwa sister", "curtis sliwa political party"], "curtis sliwa endorsement": ["curtis sliwa trump", "curtis sliwa net worth", "curtis sliwa policies", "curtis sliwa platform", "curtis sliwa campaign", "curtis sliwa poll", "curtis sliwa wife nancy regula", "curtis sliwa netflix"], "curtis sliwa for mayor": ["curtis sliwa for mayor website", "curtis sliwa for mayor polls", "what ethnicity is curtis sliwa", "curtis sliwa wife nancy regula", "curtis sliwa contact", "curtis sliwa net worth", "curtis sliwa apartment", "curtis sliwa mayor 2021"], "curtis sliwa LGBT": ["curtis sliwa trump", "can curtis sliwa win", "curtis sliwa political party", "curtis sliwa mayor campaign", "why does curtis sliwa wear a beret", "curtis sliwa platform", "curtis sliwa apartment", "what ethnicity is curtis sliwa"], "curtis sliwa mayoral election": ["nyc mayoral election results", "mayoral race results", "nyc mayoral race sliwa", "nyc mayoral race 2021 results", "how many votes did curtis sliwa get", "nyc mayoral race map", "curtis sliwa vs eric adams results"], "curtis sliwa MTA": ["curtis sliwa platform", "curtis sliwa stance", "curtis sliwa net worth", "curtis sliwa trump", "curtis sliwa issues", "curtis sliwa guardian angels", "curtis sliwa contact", "curtis sliwa radio show"], "curtis sliwa net worth": ["curtis sliwa net worth 2021", "curtis sliwa salary", "what is the nationality of curtis sliwa", "curtis sliwa apartment", "curtis sliwa trump", "curtis sliwa platform", "curtis sliwa netflix", "curtis sliwa for mayor polls"], "curtis sliwa nyc": ["curtis sliwa net worth", "curtis sliwa party", "what ethnicity is curtis sliwa", "curtis sliwa wiki", "curtis sliwa platform", "curtis sliwa martial arts", "curtis sliwa netflix", "curtis sliwa apartment"], "curtis sliwa partner": ["curtis sliwa net worth", "curtis sliwa platform", "curtis sliwa netflix", "curtis sliwa wife nancy regula", "lisa sliwa", "curtis sliwa parents", "curtis sliwa guardian angels", "curtis sliwa trump"], "curtis sliwa race": ["curtis sliwa mayor", "new jersey mayoral race", "nyc mayoral race results", "nyc governor race 2021", "nyc mayoral race 2021 results", "nyc mayoral race map", "eric adams vs curtis sliwa percentage", "curtis sliwa trump"], "curtis sliwa transportation": false, "curtis sliwa": ["curtis sliwa netflix", "curtis sliwa net worth", "curtis sliwa trump", "curtis sliwa cats", "curtis sliwa mayor", "curtis sliwa wiki", "what ethnicity is curtis sliwa", "curtis sliwa platform"], "eric adams background": ["where is eric adams mother from", "eric adams parents", "eric adams wife", "eric adams family", "eric adams son", "eric adams police", "eric adams polls", "eric adams salary"], "eric adams covid": false, "eric adams education": ["eric adams wife", "eric adams son", "eric adams partner", "eric adams platform", "eric adams wiki", "eric adams polls", "eric adams family", "eric adams police"], "eric adams endorsement": ["eric adams wife", "eric adams police", "eric adams mayor policies", "eric adams political views", "eric adams twitter", "eric adams platform", "eric adams partner", "eric adams son"], "eric adams for mayor": ["eric adams mayor wife", "eric adams mayor website", "eric adams campaign", "eric adams bitcoin", "eric adams polls", "eric adams mayor policies", "eric adams platform", "eric adams partner"], "eric adams LGBT": ["eric adams partner", "eric adams wife", "eric adams iowa", "eric adams is he married", "eric adams dob", "eric adams son", "eric adams ingersoll", "eric adams conservative"], "eric adams mayoral election": ["eric adams mayor wife", "who ran against eric adams", "eric adams mayor policies", "when does eric adams take office", "eric adams political party", "when does eric adams take office as mayor", "eric adams promises", "eric adams nyc political party"], "eric adams MTA": ["how to contact eric adams", "eric adams statement", "eric adams platform", "eric adams twitter", "eric adams schedule", "eric adams policy", "eric adams bitcoin", "eric adams police"], "eric adams net worth": ["eric adams wife", "eric adams family", "eric adams partner", "eric adams son", "eric adams parents nationality", "eric adams political views", "eric adams height", "eric adams is he married"], "eric adams nyc": ["eric adams nyc mayor", "eric adams wife", "eric adams partner", "eric adams twitter", "eric adams nyc mayor views", "eric adams platform", "eric adams bitcoin", "eric adams police"], "eric adams partner": ["eric adams wife", "eric adams wife picture", "eric adams children", "eric adams son", "eric adams family", "eric adams salary", "eric adams mayor", "eric adams education"], "eric adams race": ["eric adams wife", "when does eric adams take office", "eric adams political party", "eric adams promises", "eric adams nyc mayor", "eric adams bitcoin", "eric adams policies", "when does eric adams take office as mayor"], "eric adams transportation": ["eric adams open streets", "eric adams bike", "eric adams platform", "eric adams for mayor", "eric adams beliefs", "eric adams 3rd person", "eric adams nyt", "eric adams interview"], "eric adams": ["eric adams bitcoin", "eric adams police", "eric adams mayor wife", "eric adams twitter", "eric adams platform", "eric adams partner", "eric adams family", "eric adams son"], "new york mayor candidates": ["nyc mayoral candidates 2021 polls", "nyc election candidates 2021", "nyc mayoral race 2021 results", "nyc mayoral candidates platforms", "nyc primary candidates 2021", "new york mayoral race polls 538", "nyc republican mayoral candidates", "eric adams nyc mayor"], "nyc mayoral election": ["nyc mayoral election 2021 poll", "2013 nyc mayoral election", "nyc republican mayoral candidates", "nyc mayoral candidates platforms", "nyc election results", "eric adams nyc mayor", "2017 nyc mayoral election", "nyc mayoral race 2021 results"]}