{"curtis sliwa background": ["curtis sliwa parents", "what ethnicity is curtis sliwa", "curtis sliwa apartment", "curtis sliwa mayor campaign", "curtis sliwa for mayor polls", "curtis sliwa wife age", "curtis sliwa red beret", "curtis sliwa platform"], "curtis sliwa covid": false, "curtis sliwa education": ["curtis sliwa net worth", "what ethnicity is curtis sliwa", "curtis sliwa for mayor polls", "curtis sliwa cats", "curtis sliwa vs eric adams", "curtis sliwa salary", "curtis sliwa height", "curtis sliwa policies"], "curtis sliwa endorsement": ["curtis sliwa trump", "curtis sliwa net worth", "curtis sliwa platform", "curtis sliwa policies", "curtis sliwa poll", "curtis sliwa campaign", "curtis sliwa wife nancy regula", "what ethnicity is curtis sliwa"], "curtis sliwa for mayor": ["curtis sliwa for mayor website", "curtis sliwa for mayor polls", "sliwa vs adams", "curtis sliwa trump", "what ethnicity is curtis sliwa", "curtis sliwa mayor 2021", "curtis sliwa net worth", "curtis sliwa contact"], "curtis sliwa LGBT": ["curtis sliwa platform", "curtis sliwa party", "curtis sliwa poll", "curtis sliwa policies", "can curtis sliwa win", "why does curtis sliwa wear a beret", "curtis sliwa views", "curtis sliwa apartment"], "curtis sliwa mayoral election": ["eric adams", "nyc mayoral race 2021 results"], "curtis sliwa MTA": ["curtis sliwa platform", "curtis sliwa trump", "curtis sliwa net worth", "curtis sliwa mayor", "is curtis sliwa pro life", "curtis sliwa issues", "curtis sliwa party", "curtis sliwa policies"], "curtis sliwa net worth": ["curtis sliwa net worth 2021", "curtis sliwa salary", "curtis sliwa trump", "curtis sliwa apartment", "curtis sliwa height", "curtis sliwa wife age", "curtis sliwa netflix", "what is the nationality of curtis sliwa"], "curtis sliwa nyc": ["curtis sliwa net worth", "curtis sliwa parents", "curtis sliwa for mayor", "curtis sliwa debate", "curtis sliwa platform", "sliwa vs adams", "curtis sliwa poll", "curtis sliwa netflix"], "curtis sliwa partner": ["curtis sliwa net worth", "curtis sliwa wife age", "curtis sliwa parents", "curtis sliwa netflix", "curtis sliwa wife nancy regula", "curtis sliwa policies", "curtis sliwa guardian angels", "curtis sliwa trump"], "curtis sliwa race": ["curtis sliwa netflix", "curtis sliwa trump", "curtis sliwa debate", "curtis sliwa for mayor", "curtis sliwa cats", "curtis sliwa platform", "curtis sliwa policies", "sliwa vs adams"], "curtis sliwa transportation": ["curtis sliwa mayor", "curtis sliwa for mayor website", "curtis sliwa trump", "curtis sliwa net worth", "curtis sliwa odds", "curtis sliwa apartment", "curtis sliwa party", "curtis sliwa cats"], "curtis sliwa": ["curtis sliwa netflix", "curtis sliwa net worth", "curtis sliwa trump", "curtis sliwa debate", "curtis sliwa cats", "curtis sliwa mayor", "curtis sliwa platform", "curtis sliwa poll"], "eric adams background": ["eric adams parents", "eric adams wife", "eric adams family", "eric adams mayor policies", "eric adams son", "eric adams salary", "eric adams wiki", "eric adams nyc mayor"], "eric adams covid": false, "eric adams education": ["eric adams wife", "eric adams partner", "eric adams mayor policies", "eric adams son", "eric adams police", "eric adams vegan", "eric adams twitter"], "eric adams endorsement": ["eric adams police", "eric adams policies", "eric adams platform", "eric adams son", "nyc mayoral candidates 2021 polls", "eric adams ad", "eric adams parents", "eric adams pastor"], "eric adams LGBT": ["eric adams nyc mayor", "eric adams partner", "eric adams jamaica", "eric adams is he married", "eric adams eyesight", "eric adams wife", "eric adams profile", "eric adams son"], "eric adams MTA": ["eric adams twitter", "eric adams 3rd person", "how to contact eric adams", "eric adams statement", "eric adams schedule", "eric adams bitcoin", "eric adams education", "eric adams today"], "eric adams net worth": ["eric adams wife", "eric adams height", "eric adams partner", "eric adams son jordan", "eric adams son", "eric adams children", "eric adams police", "eric adams family"], "eric adams partner": ["eric adams wife", "eric adams wife picture", "eric adams family", "eric adams children", "eric adams son", "eric adams parents", "eric adams education", "eric adams platform"], "eric adams race": ["eric adams wife", "eric adams family", "eric adams children", "eric adams parents", "eric adams education", "eric adams campaign", "eric adams vegan", "eric adams partner"], "eric adams transportation": ["eric adams obama", "eric adams open streets", "eric adams for mayor", "eric adams education", "eric adams 3rd person", "eric adams interview", "eric adams nytimes interview", "eric adams goals"], "eric adams for mayor": ["eric adams mayor wife", "eric adams mayor website", "eric adams campaign", "eric adams children", "eric adams mayor policies", "eric adams platform", "eric adams vegan", "eric adams partner"], "eric adams mayoral election": ["eric adams mayor wife", "eric adams son", "eric adams twitter", "eric adams mayor policies", "eric adams mayor website", "eric adams polls", "new york mayoral race polls", "eric adams campaign"], "eric adams nyc": ["eric adams nyc mayor", "eric adams wife", "eric adams partner", "eric adams children", "eric adams vegan", "eric adams on the issues", "eric adams twitter", "eric adams education"], "eric adams": ["eric adams wife", "eric adams police", "eric adams mayor", "eric adams twitter", "eric adams platform", "eric adams partner", "eric adams family", "eric adams son"], "new york mayor candidates": ["nyc mayoral candidates 2021 polls", "nyc election candidates 2021", "nyc primary candidates 2021", "nyc mayoral candidates platforms", "nyc republican mayoral candidates", "new york mayoral race polls 538", "nyc mayoral debate", "nyc mayoral race 2021 results"], "nyc mayoral election": ["nyc mayoral polls 2021", "nyc election candidates 2021", "nyc republican mayoral candidates", "nyc mayoral candidates platforms", "nyc mayoral race 2021 results", "new york mayoral race polls 538", "2001 nyc mayoral election", "2017 nyc mayoral election"]}