{"boston mayoral election": ["boston mayoral election 2020", "boston mayoral election results", "boston mayoral candidates 2021", "boston mayoral election 2021 primary", "boston mayoral election polls", "boston mayoral election primary", "boston mayoral polls", "boston mayoral election candidates", "boston mayoral election 2021"], "boston mayor candidates": ["boston mayoral election 2020", "boston mayoral election candidates", "boston elections, 2021", "boston mayoral primary 2021", "boston mayoral election results", "boston mayoral race candidates 2021", "boston mayoral primary election", "boston mayoral candidates on the issues", "boston mayoral candidates 2021"], "eric adams nyc": ["eric adams", "nyc mayoral race", "eric adams policies", "eric adams nyc mayor", "eric adams platform", "eric adams wife", "Kathryn Garcia", "kathryn garcia nyc", "scott stringer nyc"], "eric adams mayoral election": ["eric adams mayoral election", "nyc mayoral election eric adams"], "eric adams for mayor": ["eric adams", "nyc mayoral candidates", "eric adams platform", "andrew yang for mayor", "eric adams wife", "kathryn garcia for mayor", "eric adams for mayor", "eric adams for mayor commercial", "eric adams for mayor campaign"], "eric adams partner": ["eric adams wife", "eric adams son", "eric adams nyc mayor", "eric adams family", "eric adams girlfriend", "eric adams partner fort lee", "eric adams wife picture", "eric adams son jordan", "eric adams", "tracey collins"], "eric adams race": ["nyc mayoral race eric adams", "new york mayoral race eric adams", "eric adams mayor race"], "eric adams endorsement": ["eric adams endorsements", "new york post eric adams endorsement", "eric adams mayor endorsements", "eric adams union endorsement", "eric adams labor endorsements", "eric adams nypd endorsement", "eric adams police endorsement"], "eric adams covid": [], "eric adams transportation": [], "eric adams MTA": ["eric adams mta"], "eric adams education": ["eric adams", "Kathryn Garcia", "eric adams wife", "eric adams education policy", "eric adams family", "tracey collins eric adams", "Chrisena Coleman", "new york city police academy", "eric adams children"], "eric adams LGBT": ["eric adams partner", "eric adams wife", "eric adams son", "eric adams is he married", "eric adams girlfriend", "eric adams family", "eric adams partner fort lee", "eric adams platform"], "eric adams background": ["eric adams background", "eric adams ethnic background", "eric adams mayor background", "eric adams education background"], "eric adams net worth": ["eric adams", "eric adams wife", "andrew yang net worth", "joey demaio net worth", "eric adams net worth", "karl logan net worth", "eric adams manowar net worth", "eric adams politician net worth", "eric l adams net worth"], "curtis sliwa": ["curtis sliwa wife", "curtis sliwa netflix", "curtis sliwa net worth", "curtis sliwa hat", "curtis sliwa debate", "curtis sliwa wife nancy regula", "curtis sliwa cats", "curtis sliwa for mayor website", "eric adams"], "curtis sliwa nyc": ["curtis sliwa nyc mayor", "curtis sliwa nyc", "curtis sliwa running for nyc mayor", "nyc mayoral race curtis sliwa"], "curtis sliwa mayoral election": [], "curtis sliwa for mayor": ["Curtis Sliwa", "curtis sliwa net worth", "eric adams", "nancy regula", "curtis sliwa for mayor website", "Fernando Mateo", "curtis sliwa for mayor polls", "curtis sliwa for mayor address", "curtis sliwa for mayor facebook", "curtis sliwa for mayor t shirt"], "curtis sliwa partner": ["curtis sliwa partner", "curtis sliwa radio partner"], "curtis sliwa race": ["curtis sliwa race", "nyc mayoral race curtis sliwa", "new york mayoral race curtis sliwa", "curtis sliwa mayor race"], "curtis sliwa endorsement": ["curtis sliwa endorsements"], "curtis sliwa covid": ["curtis sliwa covid", "what states have reopened from covid"], "curtis sliwa transportation": ["curtis.sliwa"], "curtis sliwa MTA": [], "curtis sliwa education": ["curtis sliwa education", "curtis sliwa education policy", "curtis sliwa education background"], "curtis sliwa LGBT": [], "curtis sliwa background": ["curtis sliwa background"], "curtis sliwa net worth": ["curtis sliwa for mayor", "nancy regula", "curtis sliwa children", "curtis sliwa trump", "lisa evers net worth", "curtis sliwa wife nancy regula", "curtis sliwa salary", "curtis sliwa netflix", "curtis sliwa martial arts"], "eric adams": ["nyc mayoral candidates", "nyc mayoral polls", "eric adams policies", "eric adams mayor", "Kathryn Garcia", "nyc mayoral election", "eric adams platform", "tracey collins eric adams", "eric adams wife"]}