{"curtis sliwa background": ["curtis sliwa parents", "what ethnicity is curtis sliwa?", "curtis sliwa net worth", "curtis sliwa apartment", "curtis sliwa political party", "curtis sliwa red beret", "curtis sliwa mayor 2021", "curtis sliwa platform"], "curtis sliwa education": ["curtis sliwa net worth", "what ethnicity is curtis sliwa", "curtis sliwa martial arts", "curtis sliwa salary", "curtis sliwa policies", "curtis sliwa political party", "curtis sliwa mayor 2021", "curtis sliwa netflix"], "curtis sliwa LGBT": ["guardian angels", "guardian angel"], "curtis sliwa net worth": ["curtis sliwa trump", "curtis sliwa wife nancy regula", "nancy sliwa", "curtis sliwa netflix", "curtis sliwa apartment", "curtis sliwa cats", "what is the nationality of curtis sliwa", "curtis sliwa martial arts"], "eric adams covid": ["nyc shut down 2021", "eric adams vaccine"], "eric adams LGBT": ["eric adams profile", "eric adams wife", "eric adams partner", "eric adams mayor", "eric adams rikers island", "eric adams son", "eric adams education platform", "eric adams' voting record"], "eric adams mayoral election": ["eric adams partner", "eric adams mayor wife", "eric adams son", "eric adams mayor policies", "eric adams family", "eric adams mayor website", "eric adams polls", "eric adams political views"], "eric adams nyc": ["eric adams nyc mayor", "eric adams wife", "eric adams partner", "eric adams education", "eric adams twitter", "eric adams platform", "eric adams mayor website", "eric adams police"], "eric adams partner": ["eric adams wife picture", "eric adams children", "eric adams mayor wife", "eric adams is he married", "eric adams salary", "eric adams son", "eric adams family", "eric adams son jordan"], "eric adams": ["eric adams manowar", "eric adams wife", "eric adams police", "eric adams mayor", "eric adams twitter", "eric adams partner", "eric adams platform", "eric adams wiki"], "new york mayor candidates": ["nyc mayoral candidates 2021", "nyc mayoral candidates 2021 polls", "new york mayoral election polls", "new york city elections 2021", "nyc primary candidates 2021", "nyc mayoral candidates platforms", "nyc mayoral candidates compare", "new york mayoral race"], "nyc mayoral election": ["nyc mayoral polls 2021", "nyc mayoral election results", "nyc mayoral election 2021", "nyc mayoral election primary", "nyc primary candidates 2021", "nyc mayoral candidates platforms", "new york city elections 2021", "mayoral candidates 2021"], "curtis sliwa covid": ["mandatory covid vaccine new york", "new york city vaccine mandate"], "curtis sliwa for mayor": ["curtis sliwa for mayor website", "curtis sliwa for mayor polls", "nyc mayoral polls", "curtis sliwa wife nancy regula", "curtis sliwa net worth", "what ethnicity is curtis sliwa", "curtis sliwa campaign", "curtis sliwa for mayor address"], "curtis sliwa mayoral election": ["curtis sliwa trump", "curtis sliwa for mayor polls", "curtis sliwa mayor 2021", "curtis sliwa for mayor website", "can curtis sliwa win", "nyc mayoral polls", "curtis sliwa cats", "curtis sliwa policies"], "curtis sliwa MTA": ["curtis sliwa netflix", "curtis sliwa platform", "curtis sliwa net worth", "curtis sliwa trump", "curtis sliwa wife nancy regula", "curtis sliwa cats", "curtis sliwa campaign"], "curtis sliwa nyc": ["curtis sliwa net worth", "curtis sliwa platform", "curtis sliwa radio show", "curtis sliwa parents", "curtis sliwa martial arts", "curtis sliwa apartment", "curtis sliwa campaign", "curtis sliwa policies"], "curtis sliwa race": ["curtis sliwa netflix", "curtis sliwa net worth", "curtis sliwa trump", "curtis sliwa guardian angels", "curtis sliwa debate", "curtis sliwa cats", "curtis sliwa policies", "curtis sliwa political party"], "curtis sliwa": ["curtis sliwa net worth", "curtis sliwa netflix", "curtis sliwa trump", "what ethnicity is curtis sliwa", "curtis sliwa contact", "curtis sliwa cats", "curtis sliwa debate", "curtis sliwa wiki"], "eric adams background": ["eric adams children", "eric adams parents", "eric adams wife", "eric adams son", "eric adams is he married", "eric adams nyc mayor", "eric adams wiki"], "eric adams education": ["eric adams wife", "eric adams partner", "eric adams salary", "eric adams is he married", "eric adams mayor policies", "eric adams police", "eric adams political views", "eric adams son"], "eric adams for mayor": ["eric adams mayor wife", "eric adams mayor website", "eric adams campaign", "eric adams platform", "eric adams family", "eric adams partner", "eric adams book", "eric adams police"], "eric adams transportation": ["eric adams obama", "eric adams mta", "eric adams 3rd person", "eric adams education", "eric adams beliefs", "eric adams nyt", "eric adams interview", "eric adams nytimes interview"], "curtis sliwa endorsement": ["curtis sliwa net worth", "curtis sliwa trump", "can curtis sliwa win", "curtis sliwa wife nancy regula", "curtis sliwa platform", "curtis sliwa political party", "curtis sliwa policies", "curtis sliwa events"], "curtis sliwa transportation": ["curtis sliwa for mayor website", "curtis sliwa trump", "curtis sliwa net worth", "curtis sliwa cats", "can curtis sliwa win", "guardian angels nyc", "nyc mayoral polls", "nyt curtis sliwa"], "eric adams endorsement": ["eric adams policies", "nyc mayoral candidates 2021 polls", "eric adams platform", "aoc endorsements 2021", "new york times endorsements 2021", "eric adams pastor", "maya wiley endorsements", "current nyc mayoral polls"], "eric adams net worth": ["eric adams salary", "eric adams wife", "andrew yang net worth", "eric adams son", "eric adams age", "eric adams partner", "how old is eric adams son"], "curtis sliwa partner": ["curtis sliwa net worth", "curtis sliwa parents", "curtis sliwa net worth 2021", "curtis sliwa netflix", "curtis sliwa red beret", "curtis sliwa trump", "curtis sliwa for mayor polls", "curtis sliwa cats"], "eric adams MTA": ["eric adams twitter", "eric adams 3rd person", "eric adams statement", "eric adams email", "eric adams bitcoin", "is eric adams good", "eric adams education", "eric adams today"], "eric adams race": ["eric adams wife", "eric adams parents", "eric adams family", "eric adams education", "eric adams children", "eric adams partner", "eric adams book", "eric adams platform"]}