{"curtis sliwa background": ["curtis sliwa parents", "curtis sliwa net worth", "curtis sliwa apartment", "what is the nationality of curtis sliwa", "curtis sliwa political party", "curtis sliwa twitter", "curtis sliwa red beret", "curtis sliwa mayor 2021"], "curtis sliwa covid": ["mandatory covid vaccine new york"], "curtis sliwa education": ["curtis sliwa net worth", "what ethnicity is curtis sliwa", "curtis sliwa martial arts", "curtis sliwa salary", "curtis sliwa apartment", "curtis sliwa policies", "curtis sliwa political party", "curtis sliwa netflix"], "curtis sliwa endorsement": ["curtis sliwa net worth", "curtis sliwa trump", "curtis sliwa wife nancy regula", "curtis sliwa platform", "curtis sliwa for mayor polls", "curtis sliwa for mayor", "curtis sliwa political party", "curtis sliwa height"], "curtis sliwa for mayor": ["curtis sliwa for mayor website", "curtis sliwa for mayor polls", "curtis sliwa political party", "curtis sliwa parents", "curtis sliwa campaign", "curtis sliwa net worth", "curtis sliwa wife nancy regula", "what ethnicity is curtis sliwa"], "curtis sliwa LGBT": ["guardian angels", "guardian angel"], "curtis sliwa mayoral election": ["curtis sliwa for mayor polls", "curtis sliwa trump", "nyc mayoral election", "curtis sliwa for mayor website", "curtis sliwa mayor 2021", "can curtis sliwa win", "curtis sliwa cats", "curtis sliwa for mayor address"], "curtis sliwa MTA": ["curtis sliwa netflix", "curtis sliwa platform", "curtis sliwa net worth", "curtis sliwa trump", "curtis sliwa wife nancy regula", "curtis sliwa cats", "curtis sliwa debate", "curtis sliwa campaign"], "curtis sliwa net worth": ["curtis sliwa trump", "curtis sliwa netflix", "curtis sliwa wife nancy regula", "nancy sliwa", "curtis sliwa cats", "curtis sliwa apartment", "what is the nationality of curtis sliwa", "curtis sliwa political party"], "curtis sliwa nyc": ["curtis sliwa net worth", "curtis sliwa platform", "curtis sliwa twitter", "curtis sliwa parents", "curtis sliwa radio show", "curtis sliwa martial arts", "curtis sliwa apartment", "curtis sliwa netflix"], "curtis sliwa partner": ["curtis sliwa net worth", "what ethnicity is curtis sliwa?", "curtis sliwa parents", "curtis sliwa wife nancy regula", "curtis sliwa political party", "curtis sliwa cats", "curtis sliwa netflix", "curtis sliwa red beret"], "curtis sliwa race": ["curtis sliwa netflix", "curtis sliwa net worth", "curtis sliwa trump", "curtis sliwa debate", "curtis sliwa guardian angels", "curtis sliwa policies", "curtis sliwa cats", "curtis sliwa martial arts"], "curtis sliwa transportation": ["curtis sliwa for mayor website", "curtis sliwa net worth", "curtis sliwa cats", "can curtis sliwa win", "curtis sliwa trump", "nyt curtis sliwa"], "curtis sliwa": ["curtis sliwa net worth", "curtis sliwa netflix", "curtis sliwa trump", "curtis sliwa cats", "curtis sliwa debate", "what ethnicity is curtis sliwa", "curtis sliwa wiki", "curtis sliwa contact"], "eric adams background": ["eric adams children", "eric adams parents", "eric adams nyc mayor", "eric adams wife", "eric adams son", "eric adams height", "eric adams partner"], "eric adams covid": ["nyc shut down 2021", "eric adams vaccine"], "eric adams education": ["eric adams wife", "eric adams partner", "eric adams salary", "eric adams nyc mayor", "eric adams is he married", "eric adams son", "eric adams police"], "eric adams endorsement": ["eric adams policies", "nyc mayoral candidates 2021 polls", "eric adams platform", "aoc endorsements 2021", "eric adams pastor", "new york times endorsements 2021", "maya wiley endorsements", "current nyc mayoral polls"], "eric adams for mayor": ["eric adams mayor website", "eric adams mayor wife", "eric adams campaign", "eric adams partner", "nyc mayoral candidates", "eric adams platform", "eric adams education", "eric adams on the issues"], "eric adams LGBT": ["eric adams profile", "eric adams wife", "eric adams mayor", "eric adams partner", "eric adams son", "eric adams rikers island", "eric adams mayor 2021", "eric adams education platform"], "eric adams mayoral election": ["eric adams partner", "eric adams wife", "eric adams mayor policies", "eric adams mayor website", "new york mayoral race", "nyc mayoral candidates 2021", "eric adams political views", "eric adams platform"], "eric adams MTA": ["eric adams twitter", "eric adams email", "eric adams, brooklyn", "eric adams education", "eric adams statement", "is eric adams good", "eric adams bitcoin", "eric adams today"], "eric adams net worth": ["eric adams salary", "eric adams wife", "andrew yang net worth", "eric adams age", "eric adams son", "how old is eric adams son", "eric adams manowar height"], "eric adams nyc": ["eric adams wife", "eric adams partner", "eric adams twitter", "eric adams education", "eric adams platform", "eric adams mayor website", "eric adams police", "eric adams son"], "eric adams partner": ["eric adams wife picture", "eric adams children", "eric adams mayor wife", "eric adams salary", "eric adams is he married", "eric adams son", "eric adams family", "eric adams height"], "eric adams race": ["eric adams wife", "eric adams education", "eric adams family", "eric adams wiki", "eric adams children", "eric adams book", "eric adams partner", "eric adams platform"], "eric adams transportation": ["eric adams mta", "eric adams education", "eric adams beliefs", "eric adams outdoor dining", "eric adams ranked-choice voting"], "eric adams": ["eric adams manowar", "eric adams wife", "eric adams police", "eric adams twitter", "eric adams platform", "eric adams partner", "eric adams wiki", "eric adams parents"], "new york mayor candidates": ["nyc mayoral candidates 2021", "nyc mayoral candidates 2021 polls", "new york mayoral election polls", "new york city elections 2021", "nyc primary candidates 2021", "nyc mayoral candidates platforms", "nyc mayoral candidates compare", "new york mayoral race"], "nyc mayoral election": ["nyc mayoral polls 2021", "nyc mayoral election results", "nyc mayoral election 2021", "nyc mayoral election primary", "nyc mayoral candidates republican", "nyc primary candidates 2021", "nyc mayoral candidates platforms", "new york city elections 2021"]}