{"boston mayor candidates": ["boston mayoral election 2020", "boston mayoral race candidates 2021", "boston mayoral election 2021 primary", "boston mayoral primary", "boston mayoral election results", "boston mayoral primary 2021 date", "boston mayoral candidates on the issues", "boston mayoral polls"], "boston mayoral election": ["boston mayoral election results", "boston mayoral election 2020", "boston mayoral election 2021 primary", "boston mayoral election primary", "boston mayoral election polls", "boston mayoral primary 2021 date", "2017 boston mayoral election", "boston mayoral election 2021 polls"], "curtis sliwa background": ["what ethnicity is curtis sliwa", "curtis sliwa parents", "curtis sliwa wife nancy regula", "curtis sliwa political party", "curtis sliwa platform", "curtis sliwa mayor campaign", "curtis sliwa net worth 2021", "curtis sliwa cats"], "curtis sliwa covid": false, "curtis sliwa education": ["curtis sliwa net worth", "what ethnicity is curtis sliwa", "curtis sliwa education policy", "curtis sliwa parents", "curtis sliwa platform", "curtis sliwa guardian angels", "curtis sliwa for mayor website", "curtis sliwa martial arts"], "curtis sliwa endorsement": ["curtis sliwa trump", "curtis sliwa net worth", "curtis sliwa platform", "curtis sliwa for mayor website", "curtis sliwa netflix", "curtis sliwa wife nancy regula", "curtis sliwa policies", "can curtis sliwa win"], "curtis sliwa for mayor": ["curtis sliwa for mayor website", "curtis sliwa for mayor polls", "curtis sliwa mayor 2021", "curtis sliwa netflix", "curtis sliwa net worth", "curtis sliwa platform", "curtis sliwa trump", "curtis sliwa debate"], "curtis sliwa LGBT": ["curtis sliwa for mayor website", "curtis sliwa for mayor polls", "curtis sliwa net worth", "guardian angels", "guardian angel"], "curtis sliwa mayoral election": ["curtis sliwa trump", "curtis sliwa net worth", "curtis sliwa for mayor polls", "curtis sliwa mayor 2021", "curtis sliwa mayor 2021 website", "nyc mayoral election", "curtis sliwa platform", "curtis sliwa guardian angels"], "curtis sliwa MTA": false, "curtis sliwa net worth": ["curtis sliwa net worth 2021", "curtis sliwa netflix", "curtis sliwa trump", "curtis sliwa parents", "what is the nationality of curtis sliwa", "curtis sliwa net worth 2018", "curtis sliwa mayor 2021"], "curtis sliwa nyc": ["curtis sliwa debate", "curtis sliwa net worth", "curtis sliwa trump", "curtis sliwa platform", "curtis sliwa for mayor website", "curtis sliwa wife nancy regula", "curtis sliwa netflix", "what ethnicity is curtis sliwa"], "curtis sliwa partner": ["curtis sliwa wife nancy regula", "curtis sliwa net worth 2021", "curtis sliwa parents", "curtis sliwa netflix", "lisa sliwa", "nancy regula wikipedia"], "curtis sliwa race": ["curtis sliwa netflix", "curtis sliwa net worth", "curtis sliwa debate", "curtis sliwa guardian angels", "curtis sliwa trump", "curtis sliwa cats", "curtis sliwa mayor", "curtis sliwa parents"], "curtis sliwa transportation": ["curtis sliwa mayor", "curtis sliwa for mayor website", "curtis sliwa mayor 2021", "fernando mateo", "eric adams", "curtis sliwa climate change"], "curtis sliwa": ["curtis sliwa net worth", "curtis sliwa netflix", "curtis sliwa trump", "curtis sliwa cats", "curtis sliwa debate", "curtis sliwa mayor", "what ethnicity is curtis sliwa", "curtis sliwa poll"], "eric adams background": ["eric adams parents nationality", "eric adams parents", "eric adams wife", "eric adams family", "eric adams son", "eric adams political views", "eric adams nyc mayor", "eric adams salary"], "eric adams covid": ["nyc shut down 2021"], "eric adams education": ["eric adams partner", "eric adams wife", "eric adams education plan", "eric adams is he married", "eric adams education platform", "eric adams son", "eric adams education policy"], "eric adams endorsement": ["eric adams policies", "eric adams mayor", "nyc mayoral candidates 2021", "eric adams platform", "nyc mayoral candidates 2021 polls", "eric adams pastor", "new york times endorsements 2021", "kathryn garcia endorsements"], "eric adams for mayor": ["eric adams mayor website", "eric adams mayor policies", "eric adams partner", "eric adams campaign", "eric adams party", "eric adams parents", "eric adams platform", "eric adams political views"], "eric adams LGBT": ["eric adams wife", "eric adams partner", "eric adams son", "eric adams profile", "eric adams platform", "eric adams mayor 2021", "eric adams rikers island", "eric adams' voting record"], "eric adams mayoral election": ["eric adams wife", "eric adams mayor policies", "eric adams mayor website", "new york mayoral race", "when does eric adams take office", "nyc mayoral polls 2021", "eric adams vs curtis sliwa", "nyc mayoral candidates republican"], "eric adams MTA": ["eric adams brooklyn", "eric adams twitter", "eric adams platform", "eric adams statement", "eric adams rao's", "eric adams email", "eric adams bitcoin", "eric adams' education"], "eric adams net worth": ["eric adams salary", "eric adams wife", "eric adams son", "eric adams manowar net worth", "eric adams wife manowar", "eric adams manowar height", "eric adams age", "eric leroy adams net worth"], "eric adams nyc": ["eric adams nyc mayor", "eric adams wife", "eric adams partner", "eric adams twitter", "eric adams' education", "eric adams platform", "eric adams police", "eric adams son"], "eric adams partner": ["eric adams children", "eric adams family", "eric adams son", "eric adams wife picture", "tracey collins", "eric adams son jordan", "eric adams is he married", "eric adams wiki"], "eric adams race": ["eric adams wife", "eric adams family", "eric adams' education", "eric adams parents", "eric adams partner", "eric adams book", "eric adams platform", "eric adams son"], "eric adams transportation": ["eric adams platform", "eric adams mta", "eric adams' education", "eric adams beliefs", "eric adams nyt", "eric adams interview", "eric adams ranked-choice voting", "eric adams outdoor dining"], "eric adams": ["eric adams manowar", "eric adams wife", "eric adams nyc mayor", "eric adams twitter", "eric adams partner", "eric adams police", "eric adams platform", "eric adams is he married"]}