{"andrea campbell background": ["andrea campbell father", "andrea campbell family", "andrea campbell brother", "andrea campbell wikipedia", "who is andrea campbell husband", "andrea campbell parents", "andrea campbell twin brother", "andrea campbell age"], "andrea campbell boston": ["andrea campbell boston husband", "andrea campbell boston brother", "andrea campbell boston father", "andrea campbell boston public schools", "andrea campbell family", "andrea campbell princeton", "andrea campbell polls", "andrea campbell wiki"], "andrea campbell COVID": false, "andrea campbell crime": ["who is andrea campbell husband", "andrea campbell twin brother", "andrea campbell family", "andrea campbell brother", "andrea campbell boston husband", "andrea campbell father", "andrea campbell husband matthew", "andrea campbell obituary"], "andrea campbell Education": ["andrea campbell bio", "who is andrea campbell husband", "andrea campbell family", "andrea campbell education plan", "andrea campbell wikipedia", "andrea campbell brother andre", "andrea campbell twin brother", "andrea campbell father"], "andrea campbell endorsement": ["andrea campbell husband", "andrea campbell fellowship", "andrea campbell husband matthew", "andrea campbell housing", "andrea campbell twitter", "michelle wu endorsements", "andrea campbell campaign jobs", "andrea campbell campaign manager"], "andrea campbell for mayor": ["andrea campbell father", "andrea campbell bio", "andrea campbell husband matthew", "andrea campbell family", "andrea campbell twin brother", "andrea campbell brother", "andrea campbell boston father", "andrea campbell grandfather"], "andrea campbell housing": ["andrea campbell husband", "andrea campbell endorsements", "andrea campbell obituary", "andrea campbell fellowship", "andrea campbell boston public schools", "andrea campbell events", "andrea campbell covid", "andrea campbell campaign jobs"], "andrea campbell LGBT": ["when was lgbtq created", "lgbtq day", "lgbtq sexualities", "lgbt symbols"], "andrea campbell mayoral election": ["who is andrea campbell husband", "andrea campbell brother andre", "andrea campbell family", "andrea campbell twin brother", "andrea campbell campaign manager", "andrea campbell bio", "andrea campbell husband matthew", "andrea campbell parents"], "andrea campbell MBTA": ["andrea campbell bio", "andrea campbell husband", "andrea campbell brother andre", "andrea campbell boston husband", "andrea campbell obituary", "andrea campbell polls", "andrea campbell family", "andre campbell obituary"], "andrea campbell net worth": ["who is andrea campbell husband", "andrea campbell family", "andrea campbell twin brother", "andrea campbell wikipedia", "andrea campbell father", "andrea campbell husband matthew", "andrea campbell bio", "andrea campbell brother"], "andrea campbell partner": ["andrea campbell family", "andrea campbell father", "andrea campbell brother andre", "andrea campbell husband matthew", "andrea campbell parents", "andrea campbell wikipedia", "andrea campbell boston husband", "andrea campbell obituary"], "andrea campbell police": ["andrea campbell husband", "andrea campbell endorsements", "andrea campbell fellowship", "andrea campbell brother", "andrea campbell obituary", "andrea campbell covid", "andrea campbell boston public schools", "andrea campbell fundraising"], "andrea campbell race": ["andrea campbell parents", "andrea campbell father", "who is andrea campbell husband", "andrea campbell family", "andrea campbell bio", "andrea campbell twin brother", "andrea campbell brother", "andrea campbell wikipedia"], "andrea campbell transportation": ["andrea campbell transportation plan", "andrea campbell campaign jobs", "andrea campbell husband", "andrea campbell obituary", "andrea campbell campaign manager", "andrea campbell events", "andrea campbell housing", "andrea campbell covid"], "andrea campbell": ["andrea campbell brother", "andrea campbell parents", "who is andrea campbell husband", "andrea campbell polls", "andrea campbell family", "andrea campbell age", "andrea campbell bio", "andrea campbell wikipedia"], "annissa essaibi george background": ["annissa essaibi george parents", "annissa essaibi george net worth", "annissa essaibi george father", "annissa essaibi george siblings", "ezzeddine essaibi", "annissa essaibi george campaign website", "annissa essaibi george campaign manager", "annissa essaibi george mother"], "annissa essaibi george boston": ["annissa essaibi george net worth", "annissa essaibi george parents", "annissa essaibi george boston globe", "annissa essaibi george website", "annissa essaibi george father", "annissa essaibi george twitter", "annissa essaibi george staff", "annissa essaibi george age"], "annissa essaibi george COVID": ["annissa essaibi george dorchester ma"], "annissa essaibi george crime": ["annissa essaibi george father", "annissa essaibi george net worth", "annissa essaibi george parents", "annissa essaibi george staff", "annissa essaibi george twitter", "annissa essaibi george bio", "annissa essaibi george religion", "annissa essaibi george family"], "annissa essaibi george Education": ["annissa essaibi george parents", "annissa essaibi george net worth", "annissa essaibi george nationality", "annissa essaibi george siblings", "annissa essaibi george staff", "annissa essaibi george twitter", "annissa essaibi george age", "is annissa essaibi george white"], "annissa essaibi george endorsement": ["annissa essaibi george business", "annissa essaibi george commercial", "annissa essaibi george pronunciation"], "annissa essaibi george for mayor": ["annissa essaibi george campaign website", "annissa essaibi george father", "annissa essaibi george family", "annissa essaibi george net worth", "annissa essaibi george wiki", "annissa essaibi george siblings", "annissa essaibi george mother", "where does annissa essaibi george live"], "annissa essaibi george housing": ["annissa essaibi george net worth", "annissa essaibi george staff", "annissa essaibi george campaign website", "annissa essaibi george endorsements", "where does annissa essaibi george live", "annissa essaibi george parents", "annissa essaibi george father", "annissa essaibi george mother"], "annissa essaibi george LGBT": ["when was lgbtq created"], "annissa essaibi george mayoral election": ["annissa essaibi george staff", "annissa essaibi george campaign website", "annissa essaibi george father", "annissa essaibi george endorsements", "annissa essaibi george twitter", "annissa essaibi george net worth", "annissa essaibi george campaign manager", "annissa essaibi george family"], "annissa essaibi george MBTA": ["annissa essaibi george net worth", "annissa essaibi george father", "annissa essaibi george twitter", "annissa essaibi george commercial", "annissa essaibi george boston globe", "annissa essaibi george website", "annissa essaibi george staff", "annissa essaibi george endorsements"], "annissa essaibi george net worth": ["annissa essaibi george age", "annissa essaibi george parents", "annissa essaibi george endorsements", "where does annissa essaibi george live", "annissa essaibi george father", "annissa essaibi george family", "annissa essaibi george staff", "annissa essaibi george siblings"], "annissa essaibi george partner": ["annissa essaibi george net worth", "annissa essaibi george father", "annissa essaibi george parents", "annissa essaibi george mother", "annissa essaibi george age", "annissa essaibi george staff", "annissa essaibi george twitter", "where does annissa essaibi george live"], "annissa essaibi george police": ["annissa essaibi george commercial", "annissa essaibi george endorsements", "annissa essaibi george business"], "annissa essaibi george race": ["annissa essaibi george parents", "annissa essaibi george father", "annissa essaibi george net worth", "annissa essaibi george siblings", "annissa essaibi george wiki", "annissa essaibi george family", "annissa essaibi george staff", "is annissa essaibi george black"], "annissa essaibi george transportation": ["annissa essaibi george commercial", "annissa essaibi george endorsements"], "annissa essaibi george": ["annissa essaibi george father", "annissa essaibi george net worth", "annissa essaibi george parents", "annissa essaibi george family", "annissa essaibi george siblings", "annissa essaibi george twitter", "annissa essaibi george website", "annissa essaibi george commercial"], "boston mayor candidates": ["boston mayoral candidates quiz", "boston mayoral primary results", "boston mayoral election results", "boston mayoral poll 2021", "boston mayoral candidates party affiliation", "boston mayoral candidates on the issues", "boston mayoral polls", "boston mayoral candidates comparison"], "boston mayoral election": ["boston mayoral election results", "boston mayoral primary results", "boston mayoral polls", "boston mayoral election results 2021", "boston mayoral election results by precinct", "boston mayoral election 2021 polls", "boston mayoral candidates comparison", "boston mayoral debate"], "dana depelteau background": ["dana depelteau black lives matter", "john barros", "dana depelteau tweets", "kim janey", "dana depelteau twitter", "michelle wu", "jon santiago", "calla walsh wikipedia"], "dana depelteau boston": ["dana depelteau black lives matter", "dana depelteau for mayor", "dana depelteau twitter", "dana depelteau tweets", "calla walsh"], "dana depelteau COVID": ["dana depelteau black lives matter", "dana depelteau twitter", "dana depelteau tweets", "dana depelteau for mayor", "calla walsh wikipedia", "calla walsh parents", "michelle wu", "calla walsh twitter"], "dana depelteau crime": ["dana depelteau black lives matter", "dana depelteau mayor", "dana depelteau tweets", "dana depelteau twitter", "dana depelteau boston", "calla walsh"], "dana depelteau Education": ["dana depelteau black lives matter", "dana depelteau tweets", "dana depelteau twitter", "calla walsh wikipedia", "michelle wu", "calla walsh parents", "markeyverse"], "dana depelteau endorsement": ["dana depelteau black lives matter", "boston mayoral candidates 2021", "dana depelteau tweets", "dana depelteau mayor", "boston mayoral election 2020", "boston mayoral debate 2021", "boston mayoral poll 2021", "boston mayoral primary"], "dana depelteau for mayor": ["dana depelteau black lives matter", "dana depelteau twitter", "dana depelteau tweets", "calla walsh parents", "michelle wu"], "dana depelteau housing": ["dana depelteau black lives matter", "dana depelteau tweets", "dana depelteau twitter", "dana depelteau for mayor", "calla walsh parents", "calla walsh wikipedia", "boston mayoral polls", "michelle wu"], "dana depelteau LGBT": ["when was lgbtq created", "lgbtq day", "lgbtq sexualities", "lgbtq meaning of each letter"], "dana depelteau mayoral election": ["boston mayoral candidates 2021", "boston mayoral election 2020", "boston mayoral election results", "dana depelteau black lives matter", "dana depelteau twitter", "boston mayoral candidates party affiliation", "boston mayoral election candidates", "dana depelteau tweets"], "dana depelteau MBTA": ["dana depelteau black lives matter", "dana depelteau twitter", "dana depelteau tweets", "calla walsh"], "dana depelteau net worth": ["dana depelteau black lives matter", "dana depelteau tweets", "dana depelteau twitter", "boston mayoral primary 2021 date", "boston mayoral polls", "michelle wu", "boston mayoral poll 2021", "dana depelteau for mayor"], "dana depelteau partner": ["dana depelteau tweets", "dana depelteau twitter", "calla walsh"], "dana depelteau police": ["dana depelteau black lives matter", "dana depelteau tweets", "dana depelteau mayor", "dana depelteau twitter", "calla walsh parents", "calla walsh wikipedia", "dana depelteau boston", "michelle wu"], "dana depelteau race": ["dana depelteau black lives matter", "dana depelteau twitter", "dana depelteau tweets", "boston mayoral race candidates 2021", "dana depelteau for mayor", "calla walsh wikipedia", "calla walsh parents", "boston mayoral election 2020"], "dana depelteau transportation": ["calla walsh wikipedia", "calla walsh parents", "michelle wu", "dana depelteau twitter", "calla walsh twitter", "markeyverse", "calla walsh cambridge parents"], "dana depelteau": ["dana depelteau black lives matter", "dana depelteau twitter", "dana depelteau husband", "dana depelteau tweets", "dana depelteau for mayor", "calla walsh wikipedia", "calla walsh winsor school", "calla walsh parents"], "john barros background": ["john barros political party", "john barros wiki", "john barros email", "john barros boston political party", "john barros campaign manager", "john barros bc high", "john barros boston restaurant", "andrea campbell"], "john barros boston": ["john barros boston wikipedia", "john barros boston wife", "john barros wife", "john barros boston restaurant", "john barros boston political party", "john barros boston globe", "john barros wiki", "john barros bc high"], "john barros COVID": ["john barros email"], "john barros crime": false, "john barros Education": ["john barros for mayor website", "john barros political party", "john barros wiki", "john barros age", "john barros boston wikipedia", "john barros bio", "john barros wife", "john barros high school"], "john barros endorsement": ["john barros wife", "john barros boston political party", "john barros wiki", "john barros bc high", "john barros boston wife", "john barros family", "john barros age", "john barros for mayor"], "john barros for mayor": ["john barros for mayor website", "john barros political party", "john barros wife", "john barros family", "john barros wikipedia", "john barros bio", "john barros campaign manager", "john barros party"], "john barros housing": ["john barros wife", "john barros family", "john barros for mayor", "john barros political party", "john barros wiki", "john barros bio", "john barros bc high", "john barros age"], "john barros LGBT": ["when was lgbtq created", "lgbtq day", "lgbtq sexualities", "lgbtq meaning of each letter"], "john barros mayoral election": ["john barros political party", "john barros for mayor website", "john barros boston political party", "john barros wife", "john barros wiki", "john barros boston wikipedia", "john barros boston mayor", "john barros bio"], "john barros MBTA": ["john barros for mayor website", "john barros wife", "john barros boston globe", "john barros boston wikipedia", "john barros boston wife", "john barros wiki", "john barros political party", "john barros age"], "john barros net worth": ["john barros wife", "john barros wikipedia", "john barros boston", "kim janey boston", "kim janey husband"], "john barros partner": ["john barros political party", "john barros wiki", "john barros bio", "john barros boston", "john barros email", "john barros bc high", "john barros campaign manager", "john barros boston political party"], "john barros police": false, "john barros race": ["john barros wikipedia", "john barros family", "john barros for mayor website", "john barros wife", "john barros bio", "john barros political party", "john barros boston wikipedia", "john barros campaign manager"], "john barros transportation": ["john barros for mayor website", "john barros wiki", "john barros political party", "john barros boston wikipedia", "john barros wife", "john barros boston political party", "john barros campaign manager", "john barros bc high"], "john barros": ["john barros wikipedia", "john barros family", "john barros restaurant", "john barros political party", "john barros website", "john barros campaign", "john barros parents", "john barros bc high"], "jon santiago background": ["john barros", "jon santiago wife", "jon santiago campaign manager", "jon santiago endorsements", "jon santiago mayor", "jon santiago photographer", "jon santiago high school", "jon santiago age"], "jon santiago boston": ["jon santiago wife", "jon santiago boston globe", "jon santiago age", "jon santiago facebook", "jon santiago campaign manager", "jon santiago endorsements", "jon santiago state representative", "jon santiago twitter"], "jon santiago COVID": false, "jon santiago crime": ["santiago chile", "where is santiago"], "jon santiago Education": ["jon santiago photographer", "jon santiago wife", "jon santiago bio", "john barros", "jon santiago mayor", "jon santiago campaign manager", "jon santiago high school", "jon santiago age"], "jon santiago endorsement": ["jon santiago wife", "jon santiago campaign manager"], "jon santiago for mayor": ["jon santiago wife", "jon santiago photographer", "jon santiago campaign manager", "jon santiago endorsements", "jon santiago twitter", "jon santiago state representative", "jon santiago facebook", "boston mayoral candidates"], "jon santiago housing": ["jon santiago wife", "john barros", "jon santiago endorsements", "jon santiago campaign manager", "jon santiago mayor", "jon santiago wife alexandra", "jon santiago photographer", "jon santiago facebook"], "jon santiago LGBT": ["when was lgbtq created", "lgbtq day", "lgbtq sexualities", "lgbt shows"], "jon santiago mayoral election": ["jon santiago campaign manager", "jon santiago wife", "jon santiago for mayor", "jon santiago endorsements"], "jon santiago MBTA": ["jon santiago wife", "jon santiago endorsements", "jon santiago photographer", "jon santiago age", "jon santiago campaign manager", "jon santiago boston", "jon santiago wife alexandra", "jon santiago boston globe"], "jon santiago net worth": ["jon santiago wife", "jon santiago endorsements", "jon santiago campaign manager", "jon santiago wife alexandra", "john barros", "jon santiago high school", "jon santiago age", "jon santiago photographer"], "jon santiago partner": false, "jon santiago police": ["jon santiago wife", "jon santiago wife alexandra", "jon santiago endorsements", "jon santiago state representative", "jon santiago campaign manager", "jon santiago mayor", "jon santiago photographer", "jon santiago facebook"], "jon santiago race": ["jon santiago wife", "jon santiago endorsements", "jon santiago campaign manager"], "jon santiago transportation": ["jon santiago campaign manager", "jon santiago wife", "jon santiago endorsements", "jon santiago high school", "jon santiago wife alexandra", "jon santiago boston mayor", "jon santiago boston globe", "jon santiago facebook"], "jon santiago": ["jon santiago wife", "jon santiago photographer", "jon santiago campaign", "jon santiago instagram", "jon santiago mayor", "jon santiago endorsements", "jon santiago campaign manager", "john barros"], "kim janey background": ["who is kim janey husband", "kim janey family", "kim janey campaign manager", "mayor janey", "kim janey reading memorial high school", "kim janey wiki", "kim janey campaign headquarters", "kim janey parents"], "kim janey boston": ["kim janey partner", "kim janey political views", "kim janey campaign website", "kim janey wikipedia", "is kim janey married", "kim janey twitter", "kim janey age", "kim janey parents"], "kim janey COVID": ["mask mandate boston", "massachusetts indoor mask mandate", "massachusetts mask mandate 2021", "mask mandate cambridge, ma", "cdc covid cruise ships", "nyc mask mandate", "when will boston mask mandate end", "rhode island mask mandate"], "kim janey crime": ["kim janey for mayor", "kim janey husband"], "kim janey Education": ["who is kim janey husband", "kim janey reading memorial high school", "mayor janey", "kim janey boston", "kim janey political views", "kim janey age", "kim janey partner", "kim janey parents nationality"], "kim janey endorsement": false, "kim janey for mayor": ["kim janey for mayor campaign", "kim janey campaign website", "kim janey partner", "kim janey political views", "is kim janey married", "kim janey wikipedia", "kim janey campaign headquarters", "kim janey education"], "kim janey housing": ["kim janey campaign website", "kim janey campaign headquarters", "kim janey campaign manager", "kim janey kimesha", "kim janey partner", "kim janey family", "kim janey parents nationality", "kim janey age"], "kim janey LGBT": ["when was lgbtq created"], "kim janey mayoral election": ["conor pewarski", "michelle wu, boston mayor", "annissa essaibi george"], "kim janey MBTA": ["kim janey for mayor", "kim janey husband", "kim janey age", "kim janey for mayor campaign", "kim janey political views", "kim janey father", "kim janey campaign website"], "kim janey net worth": ["who is kim janey husband", "kim janey partner", "how old is kim janey daughter", "kim janey parents nationality", "kim janey wikipedia", "kim janey age", "kim janey political views", "kim janey policies"], "kim janey partner": ["kim janey net worth", "how old is kim janey daughter", "is mayor kim janey married", "mayor kim janey husband", "kim janey parents nationality", "kim janey political views", "kim janey reading memorial high school", "kim janey staff"], "kim janey police": false, "kim janey race": ["michelle wu", "conor pewarski", "annissa essaibi george", "michelle wu, boston mayor"], "kim janey transportation": false, "kim janey": ["kim janey political views", "who is kim janey husband", "kim janey wikipedia", "kim janey campaign", "kim janey net worth", "kim janey campaign website", "kim janey father", "kim janey policies"], "michael bianchi background": ["michael bianchi boston", "michael bianchi city council", "michael bianchi boston city council", "michael bianchi mayor", "michael j bianchi ii", "michael j bianchi boston city council", "michael bianchi brighton ma"], "michael bianchi boston": ["michael bianchi boston mayor", "liz breadon", "eric porter boston", "michael bianchi city council", "liz breadon boston city council", "michael bianchi brighton ma", "eric porter boston city council"], "michael bianchi COVID": ["michael bianchi obituary", "michael bianchi boston", "michael bianchi actor", "michael bianchi architect"], "michael bianchi crime": false, "michael bianchi Education": false, "michael bianchi endorsement": ["michael j bianchi boston city council", "michael bianchi mayor", "eric porter boston city council", "liz breadon boston city council"], "michael bianchi for mayor": ["liz breadon", "eric porter boston city council", "liz breadon boston city council", "bianchi road bike"], "michael bianchi housing": false, "michael bianchi LGBT": ["queer photography history", "contemporary queer photographers", "when was lgbtq created", "lgbtq day", "lgbt symbols", "lgbtq sexualities"], "michael bianchi mayoral election": ["michael j bianchi ii"], "michael bianchi MBTA": ["michael bianchi boston", "michael bianchi boston city council", "liz breadon", "eric porter boston city council", "michael j bianchi boston city council", "liz breadon boston city council"], "michael bianchi net worth": false, "michael bianchi partner": false, "michael bianchi police": ["michael bianchi boston", "michael bianchi boston city council", "michael bianchi boston mayor", "michael bianchi brighton ma", "michael j bianchi boston city council", "eric porter boston city council"], "michael bianchi race": ["michael bianchi mayor", "liz breadon", "bianchi road bike"], "michael bianchi transportation": false, "michael bianchi": ["michael bianchi boston", "michael bianchi actor", "michael bianchi obituary", "michael bianchi boston city council", "liz breadon", "michael j bianchi boston city council", "michael bianchi architect", "liz breadon boston city council"], "michelle wu background": ["michelle wu salary", "michelle wu parents", "michelle wu endorsements", "michelle wu family", "is michelle wu related to janet wu", "michelle wu mother", "michelle wu political party", "michelle wu campaign staff"], "michelle wu boston": ["michelle wu boston mayor age", "michelle wu boston mayor husband", "michelle wu boston latin", "michelle wu instagram", "michelle wu siblings", "michelle wu, boston mayor", "michelle wu family", "michelle wu parents"], "michelle wu COVID": false, "michelle wu crime": ["michelle wu announcement", "michelle wu signature collection", "michelle wu housing", "michelle wu child care", "michelle wu events", "michelle wu commercial", "michelle wu campaign", "michelle wu accomplishments"], "michelle wu Education": ["michelle wu education plan", "where does michelle wu live", "michelle wu family", "michelle wu siblings", "michelle wu salary", "michelle wu polls", "michelle wu parents", "michelle wu policies"], "michelle wu endorsement": ["andrea campbell endorsements", "michelle wu family", "michelle wu instagram", "michelle wu policies", "michelle wu twitter", "michelle wu mother", "michelle wu husband", "michelle wu events"], "michelle wu for mayor": ["michelle wu instagram", "michelle wu political party", "michelle wu, boston husband", "michelle wu salary", "michelle wu siblings", "michelle wu family", "michelle wu campaign staff", "is michelle wu related to janet wu"], "michelle wu housing": ["where does michelle wu live", "michelle wu husband", "michelle wu child care", "michelle wu commercial", "michelle wu lawn sign", "michelle wu zoning", "michelle wu mother", "michelle wu policies"], "michelle wu LGBT": ["when was lgbtq created", "lgbtq day"], "michelle wu mayoral election": ["boston mayoral election 2021", "boston mayoral election results", "who is michelle wu husband", "michelle wu family", "michelle wu political party", "where does michelle wu live", "michelle wu wikipedia", "michelle wu campaign"], "michelle wu MBTA": ["michelle wu transportation", "michelle wu accomplishments", "michelle wu election", "michelle wu commercial", "michelle wu lawn sign", "michelle wu climate", "michelle wu campaign", "michelle wu mother"], "michelle wu net worth": ["michelle wu, boston husband", "michelle wu family", "where does michelle wu live", "michelle wu mother", "michelle wu endorsements", "is michelle wu married", "michelle wu parents", "is michelle wu related to janet wu"], "michelle wu partner": ["michelle wu instagram", "is michelle wu married", "conor pewarski", "is michelle wu related to janet wu", "michelle wu boston mayor husband", "michelle wu salary", "michelle wu net worth", "michelle wu age"], "michelle wu police": ["michelle wu election", "michelle wu commercial", "michelle wu accomplishments", "michelle wu education plan", "what does michelle wu stand for", "michelle wu east boston", "michelle wu lawn sign", "michelle wu mother"], "michelle wu race": ["michelle wu, boston husband", "michelle wu family", "michelle wu mother", "michelle wu siblings", "michelle wu instagram", "michelle wu salary", "michelle wu mayor", "michelle wu twitter"], "michelle wu transportation": ["michelle wu signature collection", "michelle wu free the t", "michelle wu housing", "michelle wu accomplishments", "michelle wu commercial", "michelle wu lawn sign", "michelle wu election", "michelle wu child care"], "michelle wu": ["michelle wu wikipedia", "michelle wu family", "michelle wu instagram", "michelle wu salary", "michelle wu father", "michelle wu campaign staff", "michelle wu policies", "michelle wu boston mayor age"]}