{"andrea campbell background": ["andrea campbell father", "andrea campbell family", "andrea campbell brother", "andrea campbell wikipedia", "andrea campbell parents", "andrea campbell husband", "andrea campbell twin brother", "andrea campbell brothers"], "andrea campbell boston": ["andrea campbell boston husband", "andrea campbell boston brother", "andrea campbell boston latin school", "andrea campbell boston platform", "andrea campbell boston public schools", "andrea campbell brother andre", "andrea campbell family", "andrea campbell bio"], "andrea campbell COVID": ["andrea campbell obituary", "andrea campbell twitter", "andrea campbell mass and cass", "andrea campbell boston latin school"], "andrea campbell crime": ["andrea campbell bio", "andrea campbell twin brother", "andrea campbell husband", "andrea campbell family", "andrea campbell brother", "andrea campbell father", "andrea campbell age", "andrea campbell brother andre"], "andrea campbell Education": ["andrea campbell family", "andrea campbell brother andre", "andrea campbell husband", "andrea campbell bio", "andrea campbell father", "andrea campbell wikipedia", "andrea campbell education plan", "andrea campbell parents"], "andrea campbell endorsement": ["andrea campbell husband", "andrea campbell father", "andrea campbell husband, matthew", "andrea campbell bio", "andrea campbell family", "andrea campbell twin brother", "andrea campbell wiki", "andrea campbell campaign manager"], "andrea campbell for mayor": ["andrea campbell bio", "andrea campbell campaign manager", "andrea campbell father", "andrea campbell family", "andrea campbell brother andre", "andrea campbell brothers", "andrea campbell brother", "andrea campbell parents"], "andrea campbell housing": ["andrea campbell husband", "andrea campbell husband, matthew", "andrea campbell father", "andrea campbell family", "andrea campbell brother andre", "andre campbell obituary", "andrea campbell twin brother", "andrea campbell bio"], "andrea campbell LGBT": ["when was lgbtq created", "lgbtq meaning of each letter", "lgbtq sexualities", "lgbtq day"], "andrea campbell mayoral election": ["andrea campbell brother andre", "andrea campbell family", "andrea campbell campaign manager", "andrea campbell twin brother", "andrea campbell husband", "andrea campbell for mayor", "andrea campbell husband, matthew", "andrea campbell bio"], "andrea campbell MBTA": false, "andrea campbell net worth": ["andrea campbell family", "andrea campbell husband", "andrea campbell twin brother", "andrea campbell father", "andrea campbell husband, matthew", "andrea campbell brother", "andrea campbell wikipedia", "andrea campbell bio"], "andrea campbell partner": ["andrea campbell brother", "andrea campbell obituary", "andrea campbell events", "andrea campbell campaign manager", "andrea campbell endorsements", "andrea campbell for mayor", "andrea campbell boston", "andrea campbell campaign jobs"], "andrea campbell police": ["andrea campbell police union", "andrea campbell husband", "andrea campbell brother", "andrea campbell brother andre", "andrea campbell obituary", "andrea campbell events", "andrea campbell covid", "andrea campbell housing"], "andrea campbell race": ["andrea campbell father", "andrea campbell family", "andrea campbell husband", "andrea campbell bio", "andrea campbell twin brother", "andrea campbell brother", "andrea campbell husband, matthew", "andrea campbell wikipedia"], "andrea campbell transportation": ["andrea campbell campaign manager", "andrea campbell campaign jobs", "andrea campbell brother", "andrea campbell family", "andrea campbell obituary", "andrea campbell events", "andrea campbell boston public schools", "andrea campbell housing"], "andrea campbell": ["andrea campbell father", "andrea campbell husband", "andrea campbell brother", "andrea campbell brother andre", "andrea campbell bio", "andrea campbell wikipedia", "andrea campbell campaign", "andrea campbell campaign manager"], "annissa essaibi george background": ["annissa essaibi george father", "annissa essaibi george staff", "annissa essaibi george mayor", "annissa essaibi george campaign website", "annissa essaibi george campaign manager", "annissa essaibi george website", "annissa essaibi george family", "annissa essaibi george endorsements"], "annissa essaibi george boston": ["annissa essaibi george father", "annissa essaibi george family", "boston city council elections 2021", "annissa essaibi george boston globe", "annissa essaibi george website", "andrea campbell boston", "michelle wu", "annissa essaibi george wiki"], "annissa essaibi george COVID": false, "annissa essaibi george crime": ["annissa essaibi george endorsements", "annissa essaibi george campaign manager"], "annissa essaibi george Education": ["annissa essaibi george staff", "annissa essaibi george mayor", "annissa essaibi george family", "annissa essaibi george twitter", "annissa essaibi george website", "annissa essaibi george father", "annissa essaibi george facebook", "annissa essaibi george wiki"], "annissa essaibi george endorsement": ["annissa essaibi george campaign manager", "annissa essaibi george twitter", "annissa essaibi george family", "annissa essaibi george wiki", "boston globe annissa essaibi george"], "annissa essaibi george for mayor": ["kim janey for mayor", "annissa essaibi george campaign manager", "annissa essaibi george endorsements", "annissa essaibi george campaign website", "annissa essaibi george website", "annissa george", "annissa essaibi george father", "annissa essaibi george family"], "annissa essaibi george housing": ["annissa george", "annissa essaibi george mayor", "annissa essaibi george campaign website", "annissa essaibi george endorsements", "annissa essaibi george staff", "annissa essaibi george campaign manager", "annissa essaibi george father", "annissa essaibi george website"], "annissa essaibi george LGBT": false, "annissa essaibi george mayoral election": ["annissa essaibi george campaign website", "annissa essaibi george twitter", "annissa essaibi george endorsements", "annissa essaibi george campaign manager", "annissa essaibi george father", "annissa essaibi george family", "jon santiago", "annissa essaibi george facebook"], "annissa essaibi george MBTA": ["annissa essaibi george twitter", "annissa essaibi george father", "annissa essaibi george boston", "annissa essaibi george boston globe", "boston city council members", "annissa essaibi george website", "annissa essaibi george campaign website", "annissa essaibi george staff"], "annissa essaibi george net worth": ["annissa essaibi george father", "annissa essaibi george endorsements", "annissa essaibi george mayor", "annissa essaibi george staff", "annissa for boston", "annissa essaibi george twitter", "doug george", "annissa essaibi george website"], "annissa essaibi george partner": ["annissa essaibi george father", "annissa essaibi george family", "annissa essaibi george twitter", "annissa essaibi george staff", "annissa essaibi george endorsements", "annissa essaibi george campaign manager", "annissa essaibi george website", "annissa essaibi george wiki"], "annissa essaibi george police": ["annissa essaibi george endorsements", "annissa essaibi george twitter", "annissa essaibi george campaign manager", "annissa essaibi george wiki", "annissa essaibi george family"], "annissa essaibi george race": ["annissa essaibi george staff", "annissa essaibi george mayor", "annissa essaibi george father", "annissa essaibi george twitter", "annissa essaibi george endorsements", "annissa essaibi george campaign website", "annissa essaibi george family", "annissa essaibi george campaign manager"], "annissa essaibi george transportation": ["annissa essaibi george staff", "annissa essaibi george father", "annissa essaibi george mayor", "annissa essaibi george endorsements", "annissa essaibi george website", "annissa essaibi george twitter", "annissa essaibi george campaign website", "annissa essaibi george campaign manager"], "annissa essaibi george": ["annissa essaibi george father", "annissa essaibi george family", "annissa essaibi george website", "annissa essaibi george wiki", "annissa essaibi george mayor", "annissa essaibi george endorsements", "annissa essaibi george campaign manager", "annissa essaibi george staff"], "boston mayor candidates": ["boston mayoral election candidates", "boston elections, 2021", "boston mayoral race candidates 2021", "boston mayoral election 2020", "boston mayoral election results", "boston mayoral primary 2021", "boston mayoral poll 2021", "boston mayoral primary election"], "boston mayoral election": ["boston mayoral election 2020", "boston mayoral election results", "boston mayoral polls", "boston mayoral election primary", "boston mayoral election polls", "boston mayoral election candidates", "boston mayoral poll 2021", "2017 boston mayoral election"], "dana depelteau background": ["dana depelteau black lives matter", "john barros", "dana depelteau twitter", "michael j. bianchi ii", "michelle wu", "calla walsh", "boston city council elections 2021", "boston elections, 2021"], "dana depelteau boston": ["dana depelteau black lives matter", "dana depelteau twitter", "dana depelteau tweets", "dana depelteau for mayor", "michelle wu", "calla walsh", "annissa essaibi george"], "dana depelteau COVID": ["dana depelteau twitter", "dana depelteau black lives matter", "dana depelteau tweets", "calla walsh", "annissa essaibi george", "michelle wu"], "dana depelteau crime": ["dana depelteau black lives matter", "dana depelteau twitter", "dana depelteau boston", "dana depelteau mayor", "michelle wu", "calla walsh", "annissa essaibi george"], "dana depelteau Education": ["dana depelteau black lives matter", "dana depelteau twitter", "dana depelteau tweets", "calla walsh", "michelle wu", "annissa essaibi george"], "dana depelteau endorsement": ["boston mayoral candidates 2021", "2021 boston mayoral election", "boston mayoral election 2020", "boston city council candidates 2021", "boston elections, 2021", "boston mayoral debate 2021", "boston mayoral election 2021 candidates", "boston mayoral election candidates"], "dana depelteau for mayor": ["dana depelteau twitter", "dana depelteau black lives matter", "dana depelteau tweets", "calla walsh", "michelle wu", "annissa essaibi george"], "dana depelteau housing": ["dana depelteau black lives matter", "dana depelteau twitter", "dana depelteau tweets", "calla walsh", "calla walsh parents", "michelle wu", "annissa essaibi george"], "dana depelteau LGBT": ["when was lgbtq created", "lgbtq meaning of each letter", "lgbtq sexualities", "lgbtq day"], "dana depelteau mayoral election": ["boston mayoral candidates 2021", "boston mayoral election 2020", "dana depelteau twitter", "boston mayoral election results", "boston mayoral election 2021 candidates", "boston mayoral election candidates", "boston mayoral polls", "boston elections, 2021"], "dana depelteau MBTA": ["dana depelteau twitter", "dana depelteau tweets", "calla walsh", "annissa essaibi george", "michelle wu"], "dana depelteau net worth": ["dana depelteau black lives matter", "dana depelteau twitter", "boston elections, 2021", "dana depelteau tweets", "boston mayoral candidates 2021", "boston mayoral polls", "boston city council elections 2021", "when is boston mayoral election 2021"], "dana depelteau partner": ["dana depelteau black lives matter", "dana depelteau twitter", "calla walsh"], "dana depelteau police": ["dana depelteau black lives matter", "dana depelteau twitter", "dana depelteau boston", "dana depelteau mayor", "calla walsh parents", "michelle wu", "annissa essaibi george", "markeyverse"], "dana depelteau race": ["dana depelteau black lives matter", "dana depelteau twitter", "kim janey for mayor", "boston city council elections 2021", "boston elections, 2021", "boston mayoral race", "boston mayoral candidates 2021", "boston mayoral election 2020"], "dana depelteau transportation": ["dana depelteau black lives matter", "dana depelteau twitter", "dana depelteau for mayor", "calla walsh parents", "michelle wu"], "dana depelteau": ["dana depelteau black lives matter", "dana depelteau twitter", "dana depelteau party", "calla walsh", "dana depelteau linkedin", "dana depelteau tweets", "michelle wu", "annissa essaibi george"], "john barros background": ["john barros for mayor website", "john barros political party", "john barros family", "john barros education", "john barros bc high", "john barros restaurant", "john barros boston mayor", "john barros boston restaurant"], "john barros boston": ["john barros boston wikipedia", "john barros boston wife", "john barros boston restaurant", "john barros boston mayor", "john barros wife", "john barros boston bio", "john barros boston globe", "john barros for mayor website"], "john barros COVID": ["john barros wife", "john barros boston wikipedia", "john barros wikipedia", "john barros political party", "john barros restaurant", "john barros bc high", "john barros ethnicity", "john barros age"], "john barros crime": ["john barros wife", "john barros for mayor website", "john barros wikipedia", "john barros bio", "john barros boston wikipedia", "john barros ethnicity", "john barros political party", "john barros campaign"], "john barros Education": ["john barros for mayor website", "john barros political party", "john barros wife", "john barros bio", "john barros wikipedia", "john barros boston wikipedia", "john barros age", "john barros high school"], "john barros endorsement": ["john barros for mayor website", "john barros political party", "john barros wife", "john barros bc high", "john barros campaign", "john barros mayor 2021", "john barros wikipedia", "john barros family"], "john barros for mayor": ["john barros for mayor website", "john barros wife", "john barros political party", "john barros wikipedia", "john barros mayor 2021", "john barros family", "john barros bio", "john barros campaign manager"], "john barros housing": ["john barros for mayor website", "john barros wife", "john barros family", "john barros political party", "john barros bio", "john barros bc high", "john barros website", "john barros education"], "john barros LGBT": ["when was lgbtq created", "lgbtq meaning of each letter", "lgbtq sexualities", "lgbtq day"], "john barros mayoral election": ["john barros political party", "john barros for mayor website", "john barros wife", "john barros mayor 2021", "john barros boston wikipedia", "john barros bio", "john barros campaign manager", "john barros boston mayor"], "john barros MBTA": ["john barros for mayor website", "john barros wife", "john barros boston wikipedia", "john barros political party", "john barros bio", "john barros campaign", "john barros restaurant", "john barros website"], "john barros net worth": ["john barros wife", "john barros wikipedia", "john barros age", "john barros bio", "john barros restaurant", "john barros bc high", "john barros education"], "john barros partner": ["john barros wife", "john barros family", "john barros wikipedia", "john barros political party", "john barros boston wikipedia", "john barros bio", "john barros for mayor website", "john barros campaign"], "john barros police": ["john barros wife", "john barros bio", "john barros bc high", "john barros for mayor website", "john barros ethnicity", "john barros political party", "john barros campaign", "john barros campaign manager"], "john barros race": ["john barros wikipedia", "john barros family", "john barros for mayor website", "john barros bio", "john barros wife", "john barros political party", "john barros campaign", "john barros boston wikipedia"], "john barros transportation": ["john barros for mayor website", "john barros political party", "john barros boston wikipedia", "john barros wife", "john barros website", "john barros campaign website", "john barros bio", "john barros restaurant"], "john barros": ["john barros wife", "john barros wikipedia", "john barros restaurant", "john barros website", "john barros boston wikipedia", "john barros for mayor website", "john barros twitter", "john barros political party"], "jon santiago background": ["john barros", "jon santiago wife", "jon santiago mayor", "jon santiago campaign manager", "jon santiago endorsements", "jon santiago photographer", "jon santiago age", "jon santiago high school"], "jon santiago boston": ["jon santiago wife", "jon santiago boston mayor", "jon santiago boston globe", "jon santiago boston twitter", "jon santiago age", "jon santiago endorsements", "jon santiago high school", "dr jon santiago boston medical center"], "jon santiago COVID": ["jon santiago linkedin"], "jon santiago crime": ["santiago chile", "where is santiago"], "jon santiago Education": ["jon santiago photographer", "is jon santiago married", "jon santiago bio", "john barros", "jon santiago age", "jon santiago campaign manager", "jon santiago high school", "jon santiago wife alexandra"], "jon santiago endorsement": ["jon santiago campaign manager", "jon santiago for mayor"], "jon santiago for mayor": ["jon santiago wife", "jon santiago campaign manager", "jon santiago representative", "jon santiago photographer", "jon santiago boston mayor", "jon santiago endorsements", "jon santiago high school", "jon santiago twitter"], "jon santiago housing": ["is jon santiago married", "john barros", "jon santiago endorsements", "jon santiago mayor", "jon santiago campaign manager", "jon santiago wife alexandra", "jon santiago photographer", "jon santiago age"], "jon santiago LGBT": ["when was lgbtq created", "lgbtq meaning of each letter", "lgbtq sexualities", "lgbtq day"], "jon santiago mayoral election": false, "jon santiago MBTA": ["jon santiago wife", "is jon santiago married", "jon santiago endorsements", "jon santiago wife alexandra", "jon santiago high school", "jon santiago photographer", "jon santiago age", "jon santiago campaign manager"], "jon santiago net worth": ["jon santiago representative"], "jon santiago partner": ["jon santiago wife", "jon santiago wife alexandra", "jon santiago mayor", "jon santiago campaign manager", "jon santiago endorsements", "jon santiago boston mayor", "jon santiago age", "jon santiago boston globe"], "jon santiago police": ["jon santiago wife", "jon santiago wife alexandra", "jon santiago endorsements", "jon santiago state representative", "jon santiago representative", "jon santiago campaign manager", "jon santiago mayor", "jon santiago photographer"], "jon santiago race": false, "jon santiago transportation": ["jon santiago campaign manager", "jon santiago endorsements", "jon santiago mayor", "jon santiago wife", "jon santiago wife alexandra", "jon santiago representative", "jon santiago boston globe", "jon santiago boston mayor"], "jon santiago": ["jon santiago wife", "is jon santiago married", "jon santiago photographer", "jon santiago high school", "jon santiago age", "jon santiago mayor", "jon santiago instagram", "jon santiago endorsements"], "kim janey background": ["who is kim janey husband", "kim janey daughter", "kim janey for mayor", "kim janey daughter age", "kim janey campaign website", "kim janey campaign", "kim janey policies", "kim janey wikipedia"], "kim janey boston": ["kim janey husband", "kim janey campaign website", "kim janey age", "kim janey partner", "kim janey for mayor", "kim janey political views", "kim janey for mayor campaign", "kim janey twitter"], "kim janey COVID": false, "kim janey crime": ["kim janey for mayor", "kim janey husband", "kim janey boston herald", "kim janey brother", "kim janey press conference", "marty walsh"], "kim janey Education": ["kim janey smith college", "kim janey reading memorial high school", "kim janey, boston mayor", "who is kim janey husband", "kim janey for mayor campaign", "kim janey campaign website", "kim janey political views", "kim janey daughter"], "kim janey endorsement": ["kim janey for mayor", "kim janey campaign website", "kim janey for mayor campaign", "kim janey running for mayor", "kim janey campaign manager", "kim janey transition team", "kim janey policies", "kim janey chief of staff"], "kim janey for mayor": ["kim janey for mayor campaign", "kim janey campaign website", "kim janey campaign", "kim janey husband", "kim janey partner", "kim janey political views", "kim janey campaign manager", "kim janey daughter"], "kim janey housing": ["kim janey for mayor", "kim janey campaign manager", "kim janey election", "kim janey partner", "who is kim janey husband", "kim janey issues", "kim janey daughter age", "kim janey family"], "kim janey LGBT": false, "kim janey mayoral election": ["kim janey for mayor", "kim janey for mayor campaign", "kim janey running for mayor", "kim janey campaign website", "kim janey partner", "boston mayoral election", "kim janey husband", "kim janey campaign manager"], "kim janey MBTA": ["kim janey for mayor", "kim janey husband", "kim janey daughter", "kim janey campaign", "kim janey election", "is kim janey married?", "kim janey wikipedia", "kim janey salary"], "kim janey net worth": ["kim janey daughter", "kim janey partner", "who is kim janey husband", "kim janey age", "kim janey daughter age", "kim janey parents nationality", "is kim janey married", "kim janey wikipedia"], "kim janey partner": ["who is kim janey husband", "is kim janey married", "kim janey daughter", "kim janey parents nationality", "kim janey brother", "kim janey net worth", "kim janey age", "kim janey smith college"], "kim janey police": ["kim janey for mayor", "boston police commissioner wife", "patrick rose boston police", "dennis white, boston police wife", "dennis white wife", "boston police chief", "kim janey husband", "dennis white boston police commissioner"], "kim janey race": ["kim janey for mayor", "kim janey campaign", "kim janey age", "kim janey partner", "kim janey daughter", "kim janey daughter age", "kim janey political views", "is kim janey married?"], "kim janey transportation": false, "kim janey": ["kim janey political views", "mayor kim janey", "kim janey daughter", "kim janey husband", "kim janey wikipedia", "kim janey instagram", "kim janey campaign", "kim janey daughter age"], "michael bianchi background": ["michael bianchi boston", "michael bianchi actor", "michael bianchi mayor", "michael bianchi brighton ma", "michael bianchi boston mayor"], "michael bianchi boston": ["michael bianchi brighton ma", "michael bianchi boston mayor", "michael bianchi mayor"], "michael bianchi COVID": ["michael bianchi boston", "michael bianchi boston mayor", "michael bianchi brighton ma", "michael bianchi mayor"], "michael bianchi crime": false, "michael bianchi Education": false, "michael bianchi endorsement": false, "michael bianchi for mayor": ["michael bianchi brighton ma", "michael bianchi boston", "michael bianchi boston mayor", "bianchi road bike"], "michael bianchi housing": false, "michael bianchi LGBT": ["when was lgbtq created", "lgbtq day", "lgbtq sexualities", "lgbtq meaning of each letter"], "michael bianchi mayoral election": ["michael bianchi boston", "michael bianchi brighton ma", "michael bianchi boston mayor"], "michael bianchi MBTA": ["michael bianchi brighton ma", "michael bianchi boston mayor", "michael bianchi mayor"], "michael bianchi net worth": false, "michael bianchi partner": false, "michael bianchi police": false, "michael bianchi race": ["michael bianchi boston", "michael bianchi mayor", "michael bianchi brighton ma", "michael bianchi boston mayor", "bianchi road bike"], "michael bianchi transportation": false, "michael bianchi": ["michael bianchi actor", "michael bianchi boston", "michael bianchi obituary", "michael bianchi boston mayor", "michael bianchi brighton", "michael bianchi dds reviews", "michael bianchi mayor", "michael bianchi architect"], "michelle wu background": ["michelle wu email", "michelle wu mother", "michelle wu family", "michelle wu siblings", "michelle wu twitter", "michelle wu linkedin", "michelle wu mayor", "michelle wu policies"], "michelle wu boston": ["michelle wu instagram", "michelle wu boston college", "michelle wu boston globe", "michelle wu boston public schools", "michelle wu family", "michelle wu linkedin", "michelle wu email", "michelle wu jobs"], "michelle wu COVID": ["michelle wu chinatown"], "michelle wu crime": ["michelle wu announcement", "michelle wu housing", "michelle wu events", "michelle wu child care", "michelle wu siblings", "michelle wu accomplishments", "michelle wu campaign", "michelle wu mother"], "michelle wu Education": ["michelle wu education plan", "michelle wu endorsements", "michelle wu election", "michelle wu salary", "michelle wu campaign staff", "michelle wu mayor", "michelle wu policies", "michelle wu family"], "michelle wu endorsement": ["michelle wu instagram", "michelle wu election", "andrea campbell endorsements", "michelle wu family", "michelle wu policies", "michelle wu twitter", "michelle wu husband", "michelle wu mayor"], "michelle wu for mayor": ["michelle wu boston husband", "michelle wu campaign staff", "michelle wu endorsements", "michelle wu family", "michelle wu mother", "michelle wu instagram", "michelle wu twitter", "michelle wu siblings"], "michelle wu housing": ["michelle wu child care", "michelle wu announcement", "michelle wu endorsements", "michelle wu transportation", "michelle wu small business", "michelle wu events", "michelle wu election", "michelle wu policies"], "michelle wu LGBT": ["when was lgbtq created", "lgbtq meaning of each letter", "lgbtq sexualities", "lgbtq day"], "michelle wu mayoral election": ["michelle wu election", "michelle wu husband", "michelle wu family", "michelle wu instagram", "michelle wu twitter", "michelle wu campaign staff", "michelle wu endorsements", "michelle wu siblings"], "michelle wu MBTA": ["michelle wu instagram", "michelle wu free transit", "michelle wu twitter", "michelle wu transportation", "michelle wu election", "michelle wu announcement", "michelle wu housing", "michelle wu child care"], "michelle wu net worth": ["michelle wu boston husband", "michelle wu family", "michelle wu instagram", "michelle wu age", "where does michelle wu live", "michelle wu siblings", "michelle wu mother", "michelle wu endorsements"], "michelle wu partner": ["michelle wu instagram", "michelle wu family", "where does michelle wu live", "michelle wu siblings", "michelle wu mayor", "michelle wu salary", "michelle wu twitter", "michelle wu age"], "michelle wu police": ["michelle wu election", "michelle wu announcement", "michelle wu child care", "michelle wu endorsements", "michelle wu dsa", "michelle wu accomplishments", "michelle wu events", "michelle wu policies"], "michelle wu race": ["michelle wu boston husband", "michelle wu mother", "michelle wu instagram", "michelle wu family", "michelle wu jobs", "michelle wu siblings", "michelle wu twitter", "michelle wu linkedin"], "michelle wu transportation": ["michelle wu free transit", "michelle wu housing", "michelle wu free the t", "michelle wu announcement", "michelle wu election", "michelle wu dsa", "michelle wu accomplishments", "michelle wu mother"], "michelle wu": ["michelle wu wikipedia", "michelle wu dsa", "michelle wu housing", "michelle wu linkedin", "michelle wu instagram", "michelle wu twitter", "michelle wu announcement", "michelle wu campaign staff"]}