{"andrea campbell background": ["andrea campbell father", "andrea campbell family", "andrea campbell brother", "andrea campbell wikipedia", "andrea campbell parents", "who is andrea campbell husband", "andrea campbell twin brother", "andrea campbell age"], "andrea campbell boston": ["andrea campbell boston husband", "andrea campbell boston brother", "andrea campbell boston father", "andrea campbell husband", "andrea campbell boston latin school", "andrea campbell age", "andrea campbell obituary", "andrea campbell boston twitter"], "andrea campbell COVID": false, "andrea campbell crime": ["who is andrea campbell husband", "andrea campbell bio", "andrea campbell twin brother", "andrea campbell family", "andrea campbell boston husband", "andrea campbell father", "andrea campbell wikipedia", "andrea campbell obituary"], "andrea campbell Education": ["who is andrea campbell husband", "andrea campbell bio", "andrea campbell family", "andrea campbell father", "andrea campbell wikipedia", "andrea campbell parents", "andrea campbell education plan", "andrea campbell brother andre"], "andrea campbell endorsement": ["andrea campbell, husband", "andrea campbell housing", "andrea campbell campaign jobs", "andrea campbell events", "andrea campbell lawn sign", "andrea campbell education plan", "andrea campbell obituary", "andrea campbell campaign manager"], "andrea campbell for mayor": ["andrea campbell bio", "andrea campbell father", "andrea campbell family", "andrea campbell brother", "andrea campbell grandfather", "andrea campbell polls", "andrea campbell obituary", "andrea campbell parents"], "andrea campbell housing": ["andrea campbell husband matthew", "andrea campbell husband", "andrea campbell father", "andrea campbell family", "andrea campbell obituary", "andrea campbell brother andre", "andrea campbell twin brother", "andrea campbell polls"], "andrea campbell LGBT": ["when was lgbtq created", "lgbtq day", "lgbtq sexualities", "lgbt symbols"], "andrea campbell mayoral election": ["andrea campbell brother andre", "andrea campbell family", "andrea campbell husband", "andrea campbell campaign manager", "andrea campbell twin brother", "andrea campbell husband matthew", "andrea campbell bio", "andrea campbell parents"], "andrea campbell MBTA": ["andrea campbell bio", "andrea campbell husband", "andrea campbell brother andre", "andrea campbell boston husband", "andrea campbell polls", "andrea campbell obituary", "andrea campbell family", "andrea campbell twin brother"], "andrea campbell net worth": ["andrea campbell husband", "andrea campbell family", "andrea campbell twin brother", "andrea campbell husband matthew", "andrea campbell brother", "andrea campbell wikipedia", "andrea campbell father", "andrea campbell bio"], "andrea campbell partner": ["andrea campbell family", "andrea campbell father", "andrea campbell brother", "andrea campbell bio", "andrea campbell twin brother", "andrea campbell boston husband", "andrea campbell husband matthew", "andrea campbell parents"], "andrea campbell police": ["andrea campbell husband", "andrea campbell brother", "andrea campbell sorority", "andrea campbell obituary", "andrea campbell events", "andrea campbell housing", "andrea campbell covid", "andrea campbell endorsements"], "andrea campbell race": ["andrea campbell parents", "andrea campbell father", "andrea campbell husband", "andrea campbell family", "andrea campbell bio", "andrea campbell twin brother", "andrea campbell brother", "andrea campbell husband matthew"], "andrea campbell transportation": ["andrea campbell transportation plan", "andrea campbell campaign manager", "andrea campbell campaign jobs", "andrea campbell husband", "andrea campbell obituary", "andrea campbell events", "andrea campbell endorsements", "andrea campbell housing"], "andrea campbell": ["andrea campbell husband", "andrea campbell family", "andrea campbell father", "andrea campbell wikipedia", "andrea campbell bio", "andrea campbell brother", "andrea campbell twin brother", "andrea campbell polls"], "annissa essaibi george background": ["annissa essaibi george father", "annissa essaibi george staff", "annissa essaibi george campaign manager", "annissa essaibi george mother", "annissa essaibi george wiki", "annissa essaibi george campaign website", "where does annissa essaibi george live", "annissa essaibi george family"], "annissa essaibi george boston": ["annissa essaibi george boston globe", "annissa essaibi george parents", "annissa essaibi george website", "where does annissa essaibi george live", "annissa essaibi george twitter", "annissa essaibi george staff", "annissa essaibi george campaign manager", "annissa essaibi george commercial"], "annissa essaibi george COVID": false, "annissa essaibi george crime": ["annissa essaibi george family", "annissa essaibi george campaign manager", "annissa essaibi george endorsements", "annissa essaibi george commercial", "annissa essaibi george pronunciation", "doug george", "doug george boston"], "annissa essaibi george Education": ["annissa essaibi george parents", "annissa essaibi george nationality", "annissa essaibi george staff", "annissa essaibi george father", "annissa essaibi george family", "annissa essaibi george website", "annissa essaibi george commercial", "annissa essaibi george wiki"], "annissa essaibi george endorsement": ["annissa essaibi george commercial", "annissa essaibi george campaign manager", "annissa essaibi george political views", "annissa essaibi george wiki", "annissa essaibi george pronunciation", "annissa essaibi george boston globe"], "annissa essaibi george for mayor": ["annissa essaibi george campaign website", "annissa essaibi george family", "annissa essaibi george net worth", "annissa essaibi george campaign manager", "annissa essaibi george father", "annissa essaibi george wiki", "annissa essaibi george mother", "where does annissa essaibi george live"], "annissa essaibi george housing": ["annissa essaibi george staff", "annissa essaibi george campaign website", "where does annissa essaibi george live", "annissa essaibi george endorsements", "annissa essaibi george twitter", "annissa essaibi george campaign manager", "annissa essaibi george family", "annissa essaibi george wiki"], "annissa essaibi george LGBT": ["when was lgbtq created"], "annissa essaibi george mayoral election": ["conor pewarski", "annissa essaibi george parents", "michelle wu", "annissa essaibi george family", "kim janey"], "annissa essaibi george MBTA": ["annissa essaibi george father", "annissa essaibi george boston", "annissa essaibi george twitter", "annissa essaibi george boston globe", "annissa essaibi george website", "annissa essaibi george staff", "annissa essaibi george endorsements", "annissa essaibi george campaign manager"], "annissa essaibi george net worth": ["annissa essaibi george endorsements", "annissa essaibi george staff", "annissa essaibi george age", "where does annissa essaibi george live", "annissa essaibi george mother", "annissa essaibi george website", "annissa essaibi george twitter", "annissa essaibi george family"], "annissa essaibi george partner": ["annissa essaibi george father", "annissa essaibi george parents", "annissa essaibi george family", "annissa essaibi george mother", "annissa essaibi george staff", "annissa essaibi george age", "annissa essaibi george twitter", "where does annissa essaibi george live"], "annissa essaibi george police": ["annissa essaibi george commercial", "annissa essaibi george endorsements", "annissa essaibi george campaign manager"], "annissa essaibi george race": ["annissa essaibi george staff", "annissa essaibi george twitter", "annissa essaibi george wiki", "annissa essaibi george campaign website", "annissa essaibi george endorsements", "annissa essaibi george family", "annissa essaibi george facebook", "annissa essaibi george boston globe"], "annissa essaibi george transportation": ["annissa essaibi george staff", "annissa essaibi george father", "annissa essaibi george commercial", "annissa essaibi george endorsements", "annissa essaibi george campaign manager", "annissa essaibi george website", "annissa essaibi george twitter", "annissa essaibi george family"], "annissa essaibi george": ["annissa essaibi george parents", "annissa essaibi george family", "annissa essaibi george twitter", "annissa essaibi george wiki", "annissa essaibi george endorsements", "annissa essaibi george website", "annissa essaibi george commercial", "annissa essaibi george staff"], "boston mayor candidates": ["boston mayoral election 2020", "boston mayoral candidates quiz", "boston mayoral primary", "boston mayoral election results", "boston mayoral candidates party affiliation", "boston mayoral candidates on the issues", "boston mayoral candidates positions", "boston mayoral polls"], "boston mayoral election": ["boston mayoral election results", "boston mayoral primary", "boston mayoral election results live", "boston mayoral election polls", "boston mayoral election results 2021", "boston mayoral election results by precinct", "boston mayoral election 2021 polls", "2017 boston mayoral election"], "dana depelteau background": ["dana depelteau black lives matter", "john barros", "dana depelteau twitter", "dana depelteau tweets", "kim janey", "michelle wu", "calla walsh", "jon santiago"], "dana depelteau boston": ["dana depelteau black lives matter", "dana depelteau twitter", "dana depelteau tweets", "dana depelteau for mayor", "calla walsh"], "dana depelteau COVID": ["dana depelteau black lives matter", "dana depelteau twitter", "dana depelteau boston", "dana depelteau tweets", "dana depelteau mayor", "calla walsh"], "dana depelteau crime": ["dana depelteau black lives matter", "dana depelteau twitter", "dana depelteau boston", "dana depelteau tweets", "dana depelteau mayor", "calla walsh"], "dana depelteau Education": ["dana depelteau black lives matter", "dana depelteau twitter", "dana depelteau tweets", "michelle wu", "calla walsh", "annissa essaibi george family", "annissa essaibi george father"], "dana depelteau endorsement": ["when is boston mayoral election 2021", "boston city council candidates 2021", "boston elections, 2021", "boston mayoral debate 2021", "boston mayoral poll 2021", "boston mayoral election candidates", "boston mayoral candidates on the issues", "when is the boston mayoral primary"], "dana depelteau for mayor": ["dana depelteau black lives matter", "dana depelteau twitter", "dana depelteau tweets", "calla walsh"], "dana depelteau housing": ["dana depelteau twitter", "dana depelteau tweets", "john barros", "boston mayoral polls", "calla walsh", "kim janey", "michelle wu", "annissa essaibi george"], "dana depelteau LGBT": ["when was lgbtq created", "lgbtq day", "lgbtq sexualities", "lgbtq meaning of each letter"], "dana depelteau mayoral election": ["boston mayoral candidates 2021", "boston mayoral election 2020", "dana depelteau twitter", "boston mayoral election results", "dana depelteau black lives matter", "dana depelteau tweets", "boston mayoral polls", "boston mayoral race primary"], "dana depelteau MBTA": ["dana depelteau black lives matter", "dana depelteau twitter", "dana depelteau tweets", "calla walsh"], "dana depelteau net worth": ["dana depelteau black lives matter", "dana depelteau tweets", "dana depelteau twitter", "boston mayoral primary 2021 date", "boston mayoral polls", "boston mayoral election 2020", "annissa essaibi george", "boston mayoral primary date"], "dana depelteau partner": ["dana depelteau twitter", "dana depelteau tweets", "calla walsh"], "dana depelteau police": false, "dana depelteau race": ["dana depelteau black lives matter", "dana depelteau twitter", "who is running for boston mayor", "boston mayoral race candidates 2021", "dana depelteau tweets", "annissa essaibi george", "boston mayoral election 2020", "michelle wu boston mayor"], "dana depelteau transportation": ["dana depelteau black lives matter", "dana depelteau twitter", "dana depelteau tweets", "dana depelteau for mayor", "calla walsh wikipedia", "michelle wu", "calla walsh parents", "calla walsh cambridge parents"], "dana depelteau": ["dana depelteau black lives matter", "dana depelteau twitter", "dana depelteau tweets", "calla walsh"], "john barros background": ["john barros political party", "john barros boston"], "john barros boston": ["john barros boston wikipedia", "john barros boston wife", "john barros boston restaurant", "john barros wife", "john barros boston political party", "john barros boston globe", "john barros wiki", "john barros twitter"], "john barros COVID": ["john barros for mayor website", "john barros wife", "john barros age", "john barros boston wife", "john barros bio", "john barros email", "john barros education"], "john barros crime": ["john barros age", "john barros facebook"], "john barros Education": ["john barros for mayor website", "john barros political party", "john barros wife", "john barros wiki", "john barros age", "john barros bio", "john barros boston wikipedia", "john barros family"], "john barros endorsement": ["john barros boston political party", "john barros wiki", "john barros boston wife", "john barros boston wikipedia", "john barros family", "john barros twitter", "john barros age", "john barros political party"], "john barros for mayor": ["john barros for mayor website", "john barros political party", "john barros wife", "john barros bio", "john barros mayor boston", "john barros website", "john barros family", "john barros restaurant"], "john barros housing": ["john barros for mayor website", "john barros wife", "john barros family", "john barros bio", "john barros political party", "john barros boston wikipedia", "john barros wiki", "john barros website"], "john barros LGBT": ["when was lgbtq created", "lgbtq day", "lgbtq sexualities", "lgbtq meaning of each letter"], "john barros mayoral election": ["john barros political party", "john barros for mayor website", "john barros wife", "john barros boston political party", "john barros mayor 2021", "john barros boston wikipedia", "john barros bio", "john barros wiki"], "john barros MBTA": ["john barros for mayor website", "john barros wife", "john barros boston globe", "john barros boston wikipedia", "john barros boston wife", "john barros wiki", "john barros age", "john barros political party"], "john barros net worth": ["john barros wife", "john barros wikipedia", "john barros education", "john barros boston", "kim janey boston", "kim janey husband"], "john barros partner": ["john barros wife", "john barros wikipedia", "john barros political party", "john barros boston", "john barros education"], "john barros police": false, "john barros race": ["john barros wikipedia", "john barros family", "john barros for mayor website", "john barros bio", "john barros wife", "john barros political party", "john barros boston wikipedia", "john barros campaign"], "john barros transportation": ["john barros facebook"], "john barros": ["john barros wikipedia", "john barros restaurant", "john barros political party", "john barros family", "john barros for mayor website", "john barros wife", "john barros website", "john barros twitter"], "jon santiago background": ["john barros", "jon santiago campaign manager", "jon santiago photographer", "jon santiago endorsements", "jon santiago for mayor", "jon santiago high school", "jon santiago age", "jon santiago bio"], "jon santiago boston": ["jon santiago boston globe", "jon santiago wife", "jon santiago age", "jon santiago campaign manager", "jon santiago high school", "jon santiago twitter", "jon santiago photographer", "jon santiago endorsements"], "jon santiago COVID": ["jon santiago linkedin"], "jon santiago crime": ["santiago chile", "where is santiago"], "jon santiago Education": ["jon santiago photographer", "jon santiago wife", "jon santiago bio", "john barros", "jon santiago campaign manager", "jon santiago mayor", "jon santiago age", "jon santiago high school"], "jon santiago endorsement": ["jon santiago wife", "jon santiago campaign manager", "jon santiago mayor", "annissa essaibi george"], "jon santiago for mayor": ["jon santiago wife", "jon santiago campaign manager", "jon santiago photographer", "jon santiago high school", "jon santiago twitter", "jon santiago endorsements", "jon santiago age", "jon santiago wife alexandra"], "jon santiago housing": ["jon santiago wife", "john barros", "jon santiago campaign manager", "jon santiago endorsements", "jon santiago mayor", "jon santiago photographer", "jon santiago wife alexandra", "jon santiago instagram"], "jon santiago LGBT": ["when was lgbtq created", "lgbtq day", "lgbtq sexualities", "lgbt shows"], "jon santiago mayoral election": ["jon santiago campaign manager", "jon santiago wife", "jon santiago twitter", "jon santiago photographer", "jon santiago endorsements", "jon santiago wife alexandra", "jon santiago boston globe", "john barros boston"], "jon santiago MBTA": ["jon santiago wife", "jon santiago photographer", "jon santiago high school", "jon santiago age", "jon santiago wife alexandra", "jon santiago campaign manager", "jon santiago endorsements", "jon santiago boston"], "jon santiago net worth": ["jon santiago wife", "jon santiago campaign manager", "jon santiago high school", "jon santiago age", "jon santiago wife alexandra", "jon santiago endorsements", "john barros", "jon santiago photographer"], "jon santiago partner": ["jon santiago wife", "jon santiago wife alexandra", "jon santiago photographer", "jon santiago campaign manager", "jon santiago mayor", "how old is jon santiago", "jon santiago high school"], "jon santiago police": ["jon santiago wife", "jon santiago wife alexandra", "jon santiago campaign manager", "jon santiago high school", "jon santiago endorsements", "jon santiago mayor", "jon santiago photographer", "jon santiago linkedin"], "jon santiago race": ["jon santiago photographer", "jon santiago wife", "jon santiago campaign manager", "jon santiago mayor", "jon santiago high school", "jon santiago endorsements", "santiago mayer", "john barros"], "jon santiago transportation": ["jon santiago campaign manager", "jon santiago wife", "jon santiago endorsements", "john barros", "jon santiago boston", "jon santiago wife alexandra", "jon santiago boston globe", "john barros boston"], "jon santiago": ["jon santiago wife", "jon santiago photographer", "jon santiago instagram", "jon santiago age", "jon santiago boston", "jon santiago high school", "jon santiago campaign manager", "jon santiago wife alexandra"], "kim janey background": ["who is kim janey husband", "kim janey family", "kim janey married", "kim janey father", "kim janey net worth", "kim janey political views", "kim janey reading memorial high school", "kim janey campaign headquarters"], "kim janey boston": ["kim janey for mayor", "kim janey campaign website", "kim janey age", "kim janey campaign headquarters", "kim janey for mayor campaign", "kim janey political views", "kim janey partner", "kim janey husband"], "kim janey COVID": ["mask mandate boston", "massachusetts indoor mask mandate", "mask mandate cambridge, ma", "cdc covid cruise ships", "regeneron monoclonal antibody covid-19", "massachusetts mask mandate august 2021", "new york mask mandate", "somerville mask mandate"], "kim janey crime": ["is kim janey a good mayor", "kim janey political views", "kim janey boston herald", "kim janey press conference"], "kim janey Education": ["kim janey reading memorial high school", "kim janey boston", "who is kim janey husband", "kim janey smith college", "kim janey family", "kim janey campaign website", "kim janey net worth", "kim janey for mayor"], "kim janey endorsement": ["kim janey for mayor", "kim janey campaign manager", "kim janey campaign headquarters", "kim janey transition team", "kim janey boston", "kim janey email"], "kim janey for mayor": ["kim janey for mayor campaign", "kim janey campaign website", "kim janey political views", "kim janey campaign manager", "boston mayor kim janey husband", "kim janey husband", "is kim janey married", "kim janey campaign headquarters"], "kim janey housing": ["kim janey campaign website", "kim janey campaign headquarters", "kim janey for mayor", "kim janey campaign manager", "who is kim janey husband", "kim janey kimesha", "kim janey partner", "kim janey parents nationality"], "kim janey LGBT": ["when was lgbtq created", "lgbtq day", "lgbtq sexualities", "lgbt symbols"], "kim janey mayoral election": ["is kim janey running for mayor", "boston mayoral election results", "kim janey family", "how old is kim janey", "kim janey twitter", "kim janey husband", "michelle wu boston mayor"], "kim janey MBTA": ["kim janey for mayor", "kim janey husband", "kim janey age", "kim janey for mayor campaign", "kim janey political views", "kim janey father", "kim janey campaign website"], "kim janey net worth": ["who is kim janey husband", "kim janey partner", "kim janey age", "is kim janey married", "kim janey parents nationality", "kim janey wikipedia", "how old is kim janey daughter", "kim janey political views"], "kim janey partner": ["how old is kim janey daughter", "is mayor kim janey married", "kim janey net worth", "kim janey wikipedia", "kim janey campaign", "kim janey parents nationality", "kim janey political views", "kim janey reading memorial high school"], "kim janey police": false, "kim janey race": ["kim janey family", "how old is kim janey", "kim janey husband", "is kim janey running for mayor", "kim janey twitter"], "kim janey transportation": ["kim janey campaign headquarters", "kim janey campaign manager", "kim janey political views", "kim janey press conference", "mayor kim janey twitter", "kim janey instagram", "kim janey transition team", "is kim janey married"], "kim janey": ["kim janey political views", "kim janey for mayor", "who is kim janey husband", "kim janey wikipedia", "kim janey campaign", "mayor kim janey age", "kim janey campaign website", "kim janey father"], "michael bianchi background": ["michael bianchi boston", "michael bianchi boston mayor", "michael bianchi brighton ma", "eric porter boston city council"], "michael bianchi boston": ["michael bianchi boston mayor", "michael bianchi brighton ma", "eric porter boston city council"], "michael bianchi COVID": ["michael bianchi boston mayor", "michael bianchi brighton ma", "eric porter boston city council"], "michael bianchi crime": false, "michael bianchi Education": false, "michael bianchi endorsement": ["michael bianchi boston city council", "eric porter boston city council"], "michael bianchi for mayor": ["michael bianchi brighton ma", "eric porter boston city council", "bianchi road bike"], "michael bianchi housing": false, "michael bianchi LGBT": ["when was lgbtq created", "lgbtq day", "lgbt symbols", "lgbtq sexualities"], "michael bianchi mayoral election": ["michael bianchi brighton ma"], "michael bianchi MBTA": ["michael bianchi boston city council", "eric porter boston city council", "michael bianchi boston mayor", "michael bianchi brighton ma"], "michael bianchi net worth": false, "michael bianchi partner": false, "michael bianchi police": ["michael bianchi boston", "michael bianchi boston city council", "michael bianchi boston mayor", "michael bianchi brighton ma", "eric porter boston city council"], "michael bianchi race": ["bianchi road bike"], "michael bianchi transportation": false, "michael bianchi": ["michael bianchi actor", "michael bianchi boston", "michael bianchi obituary", "michael bianchi boston mayor", "michael bianchi brighton ma", "michael bianchi architect", "eric porter boston city council"], "michelle wu background": ["michelle wu salary", "michelle wu linkedin", "michelle wu family", "michelle wu polls", "michelle wu mother", "michelle wu campaign", "michelle wu email", "michelle wu father"], "michelle wu boston": ["michelle wu instagram", "michelle wu boston globe", "michelle wu family", "michelle wu boston mayor polls", "where does michelle wu live", "michelle wu salary", "michelle wu mother", "michelle wu email"], "michelle wu COVID": ["michelle wu chinatown"], "michelle wu crime": ["michelle wu announcement", "michelle wu signature collection", "michelle wu housing", "michelle wu events", "michelle wu child care", "michelle wu opioid", "michelle wu campaign", "michelle wu accomplishments"], "michelle wu Education": ["michelle wu education plan", "michelle wu family", "where does michelle wu live", "michelle wu election", "michelle wu boston", "michelle wu mayor", "michelle wu campaign staff", "michelle wu mother"], "michelle wu endorsement": ["michelle wu instagram", "andrea campbell endorsements", "michelle wu twitter", "michelle wu family", "michelle wu husband", "michelle wu harvard", "michelle wu policies", "where does michelle wu live"], "michelle wu for mayor": ["michelle wu, boston husband", "michelle wu instagram", "michelle wu family", "michelle wu campaign staff", "michelle wu twitter", "michelle wu boston mayor polls", "michelle wu linkedin", "michelle wu campaign manager"], "michelle wu housing": ["michelle wu policies", "michelle wu child care", "michelle wu announcement", "michelle wu public transportation", "michelle wu signature collection", "michelle wu events", "michelle wu election", "michelle wu consulting"], "michelle wu LGBT": ["when was lgbtq created", "lgbtq day", "lgbt shows", "lgbtq sexualities"], "michelle wu mayoral election": ["michelle wu husband", "michelle wu family", "michelle wu instagram", "michelle wu twitter", "michelle wu boston mayor polls", "boston mayoral candidates", "where does michelle wu live", "michelle wu campaign staff"], "michelle wu MBTA": ["michelle wu election", "michelle wu announcement", "michelle wu endorsements", "michelle wu signature collection", "michelle wu staff", "michelle wu chinatown", "michelle wu policies", "boston mayor michelle wu"], "michelle wu net worth": ["michelle wu, boston husband", "michelle wu family", "where does michelle wu live", "michelle wu siblings", "michelle wu mother", "michelle wu father", "michelle wu education", "michelle wu twitter"], "michelle wu partner": ["michelle wu family", "michelle wu instagram", "where does michelle wu live", "michelle wu siblings", "michelle wu age", "michelle wu twitter", "michelle wu mayor", "michelle wu mother"], "michelle wu police": ["michelle wu announcement", "michelle wu election", "michelle wu housing", "michelle wu signature collection", "michelle wu accomplishments", "michelle wu policies", "michelle wu dsa", "michelle wu opioid"], "michelle wu race": ["michelle wu, boston husband", "michelle wu mother", "michelle wu instagram", "michelle wu family", "michelle wu harvard", "michelle wu linkedin", "michelle wu twitter", "michelle wu campaign staff"], "michelle wu transportation": ["free transportation"], "michelle wu": ["michelle wu instagram", "michelle wu linkedin", "michelle wu family", "michelle wu polls", "michelle wu salary", "where does michelle wu live", "michelle wu siblings", "michelle wu email"]}