{"andrea campbell background": ["andrea campbell father", "andrea campbell twin brother", "andrea campbell brother", "andrea campbell age", "andrea campbell family", "andrea campbell wikipedia", "andrea campbell parents", "who is andrea campbell husband"], "andrea campbell boston": ["andrea campbell boston husband", "andrea campbell boston brother", "andrea campbell husband matthew", "andrea campbell boston father", "andrea campbell boston mayor", "andrea campbell family", "andrea campbell mit", "andrea campbell father"], "andrea campbell COVID": false, "andrea campbell crime": ["who is andrea campbell husband", "andrea campbell bio", "andrea campbell twin brother", "andrea campbell family", "andrea campbell brother", "andrea campbell father", "andrea campbell age", "andrea campbell wikipedia"], "andrea campbell Education": ["andrea campbell bio", "andrea campbell family", "andrea campbell education plan", "andrea campbell father", "andrea campbell wikipedia", "andrea campbell twin brother", "andrea campbell husband matthew", "andrea campbell brother andre"], "andrea campbell endorsement": ["andrea campbell husband", "andrea campbell bio", "andrea campbell father", "andrea campbell fellowship", "andrea campbell husband matthew", "michelle wu endorsements", "andrea campbell housing", "andrea campbell progressive"], "andrea campbell for mayor": ["andrea campbell father", "andrea campbell bio", "andrea campbell husband matthew", "andrea campbell family", "andrea campbell twin brother", "andrea campbell brother", "andrea campbell grandfather", "andrea campbell parents"], "andrea campbell housing": ["andrea campbell husband", "andrea campbell endorsements", "andrea campbell fellowship", "andrea campbell boston public schools", "andrea campbell events", "andrea campbell progressive", "andrea campbell covid", "andrea campbell campaign manager"], "andrea campbell LGBT": ["when was lgbtq created", "lgbtq day", "lgbtq sexualities", "lgbt symbols"], "andrea campbell mayoral election": ["who is andrea campbell husband", "andrea campbell brother andre", "andrea campbell family", "andrea campbell bio", "andrea campbell twin brother", "andrea campbell father", "andrea campbell parents", "andrea campbell husband matthew"], "andrea campbell MBTA": ["andrea campbell bio", "andrea campbell husband", "andrea campbell brother andre", "andrea campbell obituary", "andrea campbell family", "andre campbell", "andrea campbell twin brother", "andrea campbell father"], "andrea campbell net worth": ["who is andrea campbell husband", "andrea campbell family", "andrea campbell twin brother", "andrea campbell wikipedia", "andrea campbell father", "andrea campbell husband matthew", "andrea campbell bio", "andrea campbell brother"], "andrea campbell partner": ["andrea campbell family", "andrea campbell father", "andrea campbell bio", "andrea campbell brother andre", "andrea campbell interview", "matthew scheier andrea campbell", "andrea campbell princeton", "kim janey husband"], "andrea campbell police": ["andrea campbell husband", "andrea campbell bio", "andrea campbell endorsements", "andrea campbell father", "andrea campbell fellowship", "andrea campbell brother", "andrea campbell housing", "andrea campbell covid"], "andrea campbell race": ["andrea campbell parents", "andrea campbell father", "who is andrea campbell husband", "andrea campbell family", "andrea campbell bio", "andrea campbell twin brother", "andrea campbell brother", "andrea campbell wikipedia"], "andrea campbell transportation": ["andrea campbell bio", "andrea campbell husband", "andrea campbell campaign jobs", "andrea campbell campaign manager", "andrea campbell father", "andrea campbell events", "andrea campbell housing", "andrea campbell endorsements"], "andrea campbell": ["who is andrea campbell husband", "andrea campbell brother", "matthew scheier andrea campbell", "andrea campbell twin brother", "andrea campbell wikipedia", "andrea campbell family", "andrea campbell parents", "andrea campbell bio"], "annissa essaibi george background": ["annissa essaibi george net worth", "annissa essaibi george parents", "annissa essaibi george siblings", "annissa essaibi george father", "annissa essaibi george family", "essaibi george husband", "annissa essaibi george twitter", "annissa essaibi george campaign website"], "annissa essaibi george boston": ["annissa essaibi george bio", "where does annissa essaibi george live", "annissa essaibi george father", "ezzeddine essaibi", "annissa essaibi george boston globe", "annissa essaibi george parents", "annissa essaibi george commercial", "annissa essaibi george ethnicity"], "annissa essaibi george COVID": ["annissa essaibi george dorchester ma"], "annissa essaibi george crime": false, "annissa essaibi george Education": ["annissa essaibi george net worth", "annissa essaibi george parents", "annissa essaibi george bio", "annissa essaibi george nationality", "annissa essaibi george siblings", "annissa essaibi george family", "annissa essaibi george father", "annissa essaibi george website"], "annissa essaibi george endorsement": ["annissa essaibi george commercial", "conor pewarski", "annissa essaibi george house", "ethnicity annissa essaibi george", "annissa essaibi george tiktok", "annissa essaibi george mass and cass"], "annissa essaibi george for mayor": ["annissa essaibi george campaign website", "annissa essaibi george ethnicity", "annissa essaibi george father", "annissa essaibi george family", "annissa essaibi george commercial", "annissa essaibi george campaign manager", "annissa essaibi george bio", "annissa essaibi george net worth"], "annissa essaibi george housing": ["annissa essaibi george commercial", "annissa essaibi george ethnicity", "annissa essaibi george campaign website", "annissa essaibi george staff", "where does annissa essaibi george live", "annissa essaibi george endorsements", "annissa essaibi george parents", "annissa essaibi george age"], "annissa essaibi george LGBT": ["when was lgbtq created"], "annissa essaibi george mayoral election": ["annissa essaibi george staff", "annissa essaibi george political party", "annissa essaibi george campaign website", "annissa essaibi george ethnicity", "annissa essaibi george father", "annissa essaibi george endorsements", "annissa essaibi george political views", "annissa essaibi george twitter"], "annissa essaibi george MBTA": ["annissa essaibi george father", "annissa essaibi george twitter", "annissa essaibi george commercial", "annissa essaibi george boston globe", "annissa essaibi george website", "annissa essaibi george ethnicity", "annissa essaibi george staff", "annissa essaibi george endorsements"], "annissa essaibi george net worth": false, "annissa essaibi george partner": ["annissa essaibi george father", "annissa essaibi george net worth", "annissa essaibi george ethnicity", "annissa essaibi george parents", "annissa essaibi george mother", "annissa essaibi george family", "annissa essaibi george age", "annissa essaibi george staff"], "annissa essaibi george police": ["annissa essaibi george commercial", "annissa essaibi george endorsements", "annissa essaibi george house", "annissa essaibi george tiktok", "ethnicity annissa essaibi george"], "annissa essaibi george race": ["annissa essaibi george parents", "annissa essaibi george father", "annissa essaibi george bio", "annissa essaibi george siblings", "annissa essaibi george staff", "annissa essaibi george family", "annissa essaibi george weight loss", "annissa essaibi george campaign manager"], "annissa essaibi george transportation": ["annissa essaibi george commercial", "annissa essaibi george endorsements", "annissa essaibi george tiktok"], "annissa essaibi george": ["annissa essaibi george ethnicity", "annissa essaibi george parents", "annissa essaibi george father", "annissa essaibi george bio", "annissa essaibi george family", "annissa essaibi george twitter", "annissa essaibi george siblings", "annissa essaibi george commercial"], "boston mayor candidates": ["boston mayoral candidates quiz", "boston mayoral primary results", "boston mayoral candidates party affiliation", "boston mayoral candidates on the issues", "boston mayoral polls", "boston mayoral election 2021 polls", "boston mayoral debate", "boston mayoral candidates comparison"], "boston mayoral election": ["boston mayoral election results", "boston mayoral election polls", "boston mayoral election results 2021", "boston mayoral election 2021 polls", "2017 boston mayoral election", "boston mayoral candidates on the issues", "boston mayoral debate", "boston mayoral candidates party affiliation"], "dana depelteau background": ["dana depelteau black lives matter", "dana depelteau twitter", "dana depelteau tweets", "michelle wu", "calla walsh"], "dana depelteau boston": ["dana depelteau black lives matter", "dana depelteau for mayor", "dana depelteau tweets", "dana depelteau twitter", "dana depelteau husband", "calla walsh"], "dana depelteau COVID": ["dana depelteau black lives matter", "dana depelteau twitter", "dana depelteau tweets", "dana depelteau for mayor", "calla walsh parents", "calla walsh winsor school", "calla walsh wikipedia", "michelle wu"], "dana depelteau crime": ["dana depelteau black lives matter", "dana depelteau twitter", "dana depelteau tweets", "dana depelteau for mayor", "calla walsh", "dana depelteau husband"], "dana depelteau Education": ["dana depelteau black lives matter", "dana depelteau twitter", "dana depelteau tweets", "calla walsh"], "dana depelteau endorsement": ["boston mayoral candidates 2021", "dana depelteau boston", "boston mayoral election 2020", "boston mayoral debate 2021", "boston mayoral candidates on the issues", "boston mayoral primary", "boston mayoral candidates party affiliation", "boston mayoral primary results"], "dana depelteau for mayor": ["dana depelteau black lives matter", "dana depelteau twitter", "dana depelteau tweets", "dana depelteau husband", "calla walsh"], "dana depelteau housing": ["dana depelteau black lives matter", "dana depelteau twitter", "dana depelteau tweets", "dana depelteau for mayor", "calla walsh", "michelle wu", "dana depelteau husband", "calla walsh wikipedia"], "dana depelteau LGBT": false, "dana depelteau mayoral election": ["boston mayoral candidates 2021", "boston mayoral election 2020", "boston mayoral election results", "boston mayoral candidates party affiliation", "dana depelteau twitter", "boston mayoral primary election", "dana depelteau for mayor", "boston mayoral candidates on the issues"], "dana depelteau MBTA": ["dana depelteau black lives matter", "dana depelteau twitter", "dana depelteau tweets", "calla walsh"], "dana depelteau net worth": ["dana depelteau black lives matter", "dana depelteau twitter", "dana depelteau tweets", "dana depelteau for mayor", "calla walsh"], "dana depelteau partner": ["dana depelteau twitter", "dana depelteau tweets", "calla walsh"], "dana depelteau police": ["dana depelteau black lives matter", "dana depelteau boston", "dana depelteau twitter", "dana depelteau tweets", "dana depelteau mayor", "calla walsh parents", "calla walsh winsor school", "michelle wu"], "dana depelteau race": ["boston mayoral race candidates 2021", "boston mayoral candidates party affiliation", "dana depelteau twitter", "boston mayoral polls", "boston mayoral race primary", "michelle wu boston mayor", "boston mayoral candidates on the issues", "boston mayoral debate 2021"], "dana depelteau transportation": ["dana depelteau boston", "calla walsh parents", "calla walsh winsor school", "michelle wu", "calla walsh wikipedia", "markeyverse"], "dana depelteau": ["dana depelteau black lives matter", "dana depelteau twitter", "dana depelteau tweets", "calla walsh"], "john barros background": ["john barros political party", "john barros campaign manager", "john barros city of boston", "john barros restaurant", "john barros boston restaurant", "michelle wu", "john barros endorsements", "andrea campbell"], "john barros boston": ["john barros boston wikipedia", "john barros boston wife", "john barros wife", "john barros boston restaurant", "john barros boston political party", "john barros boston mayor", "john barros boston globe", "john barros wiki"], "john barros COVID": false, "john barros crime": false, "john barros Education": ["john barros political party", "john barros for mayor", "john barros wikipedia", "john barros wife", "john barros boston wikipedia", "john barros high school", "john barros boston wife", "john barros age"], "john barros endorsement": ["john barros wife", "john barros boston political party", "john barros boston wife", "john barros for mayor", "john barros campaign manager", "john barros wiki", "annissa essaibi george", "tchintcia barros"], "john barros for mayor": ["john barros for mayor website", "john barros wife", "john barros political party", "john barros wikipedia", "john barros family", "john barros bio", "john barros campaign manager", "john barros boston wikipedia"], "john barros housing": false, "john barros LGBT": ["when was lgbtq created", "lgbtq day", "lgbtq sexualities", "lgbtq meaning of each letter"], "john barros mayoral election": ["john barros political party", "john barros wife", "john barros bio", "john barros wiki", "john barros campaign manager", "john barros boston", "john barros bc high"], "john barros MBTA": ["john barros wife", "john barros boston wife", "john barros for mayor", "john barros city of boston", "john barros boston wikipedia", "john barros bio", "john barros political party", "john barros family"], "john barros net worth": ["john barros wife", "john barros wikipedia", "john barros boston"], "john barros partner": ["john barros wikipedia", "john barros political party", "john barros family", "john barros boston wikipedia", "john barros bio", "john barros boston wife", "john barros for mayor", "john barros campaign manager"], "john barros police": ["john barros political party"], "john barros race": ["john barros wife", "john barros political party", "john barros for mayor", "john barros boston wife", "john barros wiki", "andrea campbell", "annissa essaibi george", "tchintcia barros"], "john barros transportation": false, "john barros": ["john barros wikipedia", "john barros family", "john barros wife", "john barros political party", "john barros restaurant", "john barros mayor", "john barros instagram", "john barros bio"], "jon santiago background": ["john barros", "jon santiago endorsements", "jon santiago age", "jon santiago mayor", "jon santiago photographer", "jon santiago campaign manager", "jon santiago bio", "jon santiago wife alexandra"], "jon santiago boston": ["jon santiago wife", "jon santiago boston globe", "jon santiago age", "jon santiago endorsements", "jon santiago facebook", "john barros boston", "jon santiago campaign manager", "jon santiago wife alexandra"], "jon santiago COVID": ["jon santiago linkedin"], "jon santiago crime": ["jon santiago wife", "jon santiago endorsements", "jon santiago campaign manager", "santiago chile", "where is santiago"], "jon santiago Education": ["jon santiago photographer", "jon santiago wife", "jon santiago bio", "jon santiago age", "jon santiago mayor", "john barros", "jon santiago wife alexandra", "jon santiago campaign manager"], "jon santiago endorsement": ["jon santiago wife", "jon santiago campaign manager"], "jon santiago for mayor": ["jon santiago wife", "jon santiago endorsements", "boston mayoral candidates", "jon santiago photographer", "jon santiago campaign manager", "jon santiago twitter", "john barros boston", "jon santiago age"], "jon santiago housing": ["jon santiago wife", "jon santiago endorsements", "john barros", "jon santiago wife alexandra", "jon santiago age", "jon santiago campaign manager", "jon santiago mayor", "jon santiago photographer"], "jon santiago LGBT": ["when was lgbtq created", "lgbtq day", "lgbtq sexualities", "lgbt shows"], "jon santiago mayoral election": ["jon santiago wife", "jon santiago campaign manager", "jon santiago endorsements", "jon santiago wife alexandra", "jon santiago photographer", "jon santiago age"], "jon santiago MBTA": false, "jon santiago net worth": ["jon santiago wife", "jon santiago age", "jon santiago endorsements", "jon santiago wife alexandra", "jon santiago campaign manager", "john barros", "jon santiago photographer", "jon santiago boston"], "jon santiago partner": ["jon santiago wife", "jon santiago wife alexandra", "jon santiago boston", "jon santiago instagram", "jon santiago endorsements", "jon santiago boston globe"], "jon santiago police": ["jon santiago wife", "jon santiago wife alexandra", "jon santiago endorsements", "jon santiago mayor", "jon santiago age", "jon santiago photographer", "jon santiago campaign manager", "jon santiago linkedin"], "jon santiago race": ["jon santiago wife", "jon santiago endorsements", "jon santiago campaign manager"], "jon santiago transportation": ["jon santiago campaign manager", "jon santiago wife", "jon santiago endorsements", "jon santiago wife alexandra", "jon santiago boston", "jon santiago boston globe", "jon santiago twitter"], "jon santiago": ["jon santiago wife", "jon santiago photographer", "jon santiago instagram", "jon santiago mayor", "jon santiago endorsements", "john barros", "jon santiago campaign", "jon santiago linkedin"], "kim janey background": ["who is kim janey husband", "kim janey partner", "kim janey campaign manager", "kim janey wikipedia", "kim janey parents nationality", "kim janey family", "kim janey staff", "kim janey campaign headquarters"], "kim janey boston": ["kim janey campaign headquarters", "kim janey partner", "kim janey campaign manager", "kim janey family", "kim janey staff", "kim janey twitter", "kim janey campaign website", "is kim janey married"], "kim janey COVID": ["covid vaccine passport app", "boston globe kim janey"], "kim janey crime": false, "kim janey Education": ["who is kim janey husband", "kim janey smith college", "mayor janey", "kim janey net worth", "kim janey political views", "kim janey age", "kim janey partner", "kim janey parents nationality"], "kim janey endorsement": false, "kim janey for mayor": ["kim janey campaign website", "kim janey partner", "mayor kim janey husband", "kim janey campaign manager", "kim janey staff", "kim janey campaign headquarters", "kim janey political views", "kim janey family"], "kim janey housing": ["kim janey campaign website", "kim janey campaign headquarters", "kim janey campaign manager", "kim janey family", "kim janey transition website", "kim janey partner", "kim janey age", "kim janey political views"], "kim janey LGBT": ["when was lgbtq created", "lgbtq day", "lgbtq sexualities", "lgbt symbols"], "kim janey mayoral election": false, "kim janey MBTA": ["kim janey husband", "kim janey age", "kim janey political views", "kim janey campaign website", "kim janey partner", "kim janey staff", "is kim janey married", "kim janey family"], "kim janey net worth": ["who is kim janey husband", "kim janey partner", "how old is kim janey daughter", "kim janey parents nationality", "kim janey wikipedia", "kim janey political views", "kim janey campaign website", "kim janey age"], "kim janey partner": ["is mayor kim janey married", "kim janey net worth", "kim janey parents nationality", "how old is kim janey daughter", "kim janey political views", "kim janey campaign website", "kim janey staff", "kim janey campaign manager"], "kim janey police": false, "kim janey race": ["kim janey for mayor", "kim janey age", "who is kim janey husband", "kim janey campaign", "kim janey partner", "kim janey political views", "kim janey family", "kim janey parents"], "kim janey transportation": false, "kim janey": ["kim janey political views", "mayor kim janey", "who is kim janey husband", "kim janey net worth", "kim janey age", "kim janey wikipedia", "kim janey staff", "kim janey campaign"], "michael bianchi background": false, "michael bianchi boston": ["michael bianchi boston mayor", "eric porter boston", "liz breadon", "liz breadon boston city council", "eric porter boston city council"], "michael bianchi COVID": false, "michael bianchi crime": false, "michael bianchi Education": ["michael bianchi actor", "michael bianchi obituary", "michael bianchi boston"], "michael bianchi endorsement": ["michael bianchi boston city council", "eric porter boston city council"], "michael bianchi for mayor": ["liz breadon", "liz breadon boston city council", "eric porter boston", "eric porter boston city council", "bianchi road bike"], "michael bianchi housing": ["michael bianchi boston", "michael bianchi boston city council", "liz breadon boston city council", "eric porter boston", "eric porter boston city council"], "michael bianchi LGBT": ["when was lgbtq created", "lgbtq day", "lgbt symbols", "lgbtq sexualities"], "michael bianchi mayoral election": false, "michael bianchi MBTA": ["michael bianchi boston", "michael bianchi boston city council", "liz breadon boston city council", "eric porter boston", "eric porter boston city council"], "michael bianchi net worth": false, "michael bianchi partner": false, "michael bianchi police": false, "michael bianchi race": ["michael bianchi mayor", "bianchi road bike"], "michael bianchi transportation": false, "michael bianchi": ["michael bianchi boston", "michael bianchi actor", "michael bianchi obituary", "michael bianchi michigan", "michael bianchi boston city council", "liz breadon", "eric porter boston", "liz breadon boston city council"], "michelle wu background": ["michelle wu salary", "michelle wu endorsements", "michelle wu family", "michelle wu mother", "michelle wu political party", "michelle wu campaign manager", "michelle wu siblings", "michelle wu wikipedia"], "michelle wu boston": ["michelle wu boston college", "michelle wu instagram", "michelle wu, boston globe", "michelle wu boston mayor age", "michelle wu family", "where does michelle wu live", "michelle wu endorsements", "michelle wu salary"], "michelle wu COVID": false, "michelle wu crime": ["michelle wu twitter", "michelle wu announcement", "michelle wu signature collection", "michelle wu mother", "michelle wu mayor husband", "michelle wu housing", "michelle wu events", "michelle wu child care"], "michelle wu Education": ["michelle wu education plan", "michelle wu family", "michelle wu age", "michelle wu polls", "michelle wu net worth", "where was michelle wu (born)", "where does michelle wu live", "michelle wu siblings"], "michelle wu endorsement": ["andrea campbell endorsements", "michelle wu twitter", "michelle wu family", "michelle wu policies", "michelle wu for mayor", "michelle wu socialist", "michelle wu, husband", "where does michelle wu live"], "michelle wu for mayor": ["michelle wu family", "michelle wu instagram", "michelle wu boston husband", "michelle wu siblings", "michelle wu policies", "michelle wu political party", "where does michelle wu live", "michelle wu linkedin"], "michelle wu housing": ["where does michelle wu live", "michelle wu house", "michelle wu, boston globe", "michelle wu endorsement", "michelle wu small business", "michelle wu rent stabilization", "michelle wu development", "michelle wu opioid"], "michelle wu LGBT": ["when was lgbtq created", "lgbtq day"], "michelle wu mayoral election": ["boston mayoral election", "michelle wu, husband", "michelle wu family", "michelle wu political party", "where does michelle wu live", "michelle wu wikipedia", "michelle wu siblings", "michelle wu mother"], "michelle wu MBTA": ["michelle wu free the t", "michelle wu accomplishments", "michelle wu endorsement", "michelle wu boston college", "michelle wu for mayor", "michelle wu poster", "michelle wu mayor husband", "michelle wu development"], "michelle wu net worth": ["michelle wu family", "michelle wu boston husband", "where does michelle wu live", "michelle wu, husband", "michelle wu parents", "michelle wu endorsements", "where is michelle wu from", "michelle wu political party"], "michelle wu partner": ["michelle wu instagram", "conor pewarski", "michelle wu boston mayor husband", "michelle wu net worth", "michelle wu salary", "andrea campbell", "michelle wu twitter", "how old is michelle wu"], "michelle wu police": ["michelle wu endorsement", "michelle wu mayor husband", "michelle wu accomplishments", "michelle wu for mayor", "michelle wu mask mandate", "michelle wu speech", "michelle wu poster", "does michelle wu speak spanish"], "michelle wu race": ["michelle wu boston husband", "michelle wu family", "michelle wu mother", "michelle wu siblings", "michelle wu linkedin", "michelle wu twitter", "michelle wu campaign staff", "michelle wu endorsements"], "michelle wu transportation": ["michelle wu free the t", "michelle wu signature collection", "michelle wu housing", "michelle wu accomplishments", "michelle wu development", "michelle wu mayor husband", "michelle wu events", "michelle wu endorsement"], "michelle wu": ["michelle wu instagram", "michelle wu family", "michelle wu mother", "michelle wu linkedin", "where does michelle wu live", "michelle wu wiki", "michelle wu endorsements", "michelle wu salary"]}