{"boston mayoral election": ["boston mayoral election results", "boston mayoral election polls", "boston mayoral election results 2021", "boston mayoral election 2021 polls", "2017 boston mayoral election", "boston mayoral candidates on the issues", "boston mayoral debate", "boston mayoral candidates party affiliation", "boston mayoral candidates"], "boston mayor candidates": ["boston mayoral candidates quiz", "boston mayoral primary results", "boston mayoral candidates party affiliation", "boston mayoral candidates on the issues", "boston mayors", "boston mayoral polls", "boston mayoral election 2021 polls", "boston mayoral candidates comparison", "boston mayoral election"], "michelle wu": ["michelle wu instagram", "michelle wu boston husband", "michelle wu linkedin", "michelle wu family", "michelle wu polls", "michelle wu salary", "michelle wu mother", "where does michelle wu live", "conor pewarski"], "andrea campbell": ["andrea campbell wikipedia", "andrea campbell bio", "who is andrea campbell husband", "andrea campbell father", "andrea campbell brother", "andrea campbell family", "andrea campbell twin brother", "andrea campbell parents", "andrea campbell husband"], "dana depelteau": ["dana depelteau black lives matter", "dana depelteau twitter", "dana depelteau tweets", "calla walsh"], "annissa essaibi george": ["annissa essaibi george parents", "annissa essaibi george bio", "annissa essaibi george father", "annissa essaibi george ethnicity", "annissa essaibi george twitter", "annissa essaibi george siblings", "annissa essaibi george commercial", "annissa essaibi george website", "annissa essaibi george husband"], "jon santiago": ["jon santiago photographer", "jon santiago instagram", "jon santiago wife", "jon santiago age", "jon santiago high school", "jon santiago mayor", "jon santiago endorsements", "john barros", "boston globe"], "kim janey": ["kim janey political views", "mayor kim janey", "who is kim janey husband", "kim janey net worth", "kim janey wikipedia", "kim janey campaign", "kim janey age", "kim janey family", "kim janey husband"], "michael bianchi": ["michael bianchi boston", "michael bianchi actor", "michael bianchi obituary", "michael bianchi michigan", "michael bianchi boston city council", "liz breadon", "eric porter boston", "liz breadon boston city council", "eric porter boston city council", "Mike Bianchi"], "john barros": ["john barros wikipedia", "john barros political party", "john barros restaurant", "john barros wife", "john barros boston wikipedia", "john barros mayor", "john barros family", "john barros bio", "conor pewarski"], "michelle wu boston": ["michelle wu boston husband", "michelle wu instagram", "michelle wu boston college", "michelle wu, boston globe", "michelle wu boston mayor age", "michelle wu family", "where does michelle wu live", "michelle wu siblings", "conor pewarski"], "andrea campbell boston": ["andrea campbell boston husband", "andrea campbell boston brother", "andrea campbell boston father", "andrea campbell father", "andrea campbell twin brother", "andrea campbell family", "andrea campbell bio", "andrea campbell wikipedia", "boston mayoral candidates"], "dana depelteau boston": ["dana depelteau black lives matter", "dana depelteau twitter", "dana depelteau for mayor", "dana depelteau tweets", "calla walsh", "dana depelteau husband"], "annissa essaibi george boston": ["annissa essaibi george boston globe", "annissa essaibi george website", "annissa essaibi george bio", "annissa essaibi george parents", "annissa essaibi george ethnicity", "annissa essaibi george twitter", "annissa essaibi george father", "annissa essaibi george commercial"], "jon santiago boston": ["jon santiago boston globe", "jon santiago wife", "jon santiago endorsements", "jon santiago campaign manager", "jon santiago age", "jon santiago wife alexandra", "jon santiago facebook", "jon santiago twitter"], "kim janey boston": ["kim janey campaign website", "kim janey age", "kim janey campaign headquarters", "kim janey political views", "kim janey partner", "who is kim janey husband", "kim janey net worth", "kim janey smith college", "kim janey husband"], "michael bianchi boston": ["michael bianchi boston mayor", "eric porter boston", "liz breadon", "liz breadon boston city council", "eric porter boston city council"], "john barros boston": ["john barros boston wikipedia", "john barros boston wife", "john barros boston mayor", "john barros boston restaurant", "john barros boston political party", "john barros boston globe", "john barros wife", "john barros wiki", "andrea campbell boston"], "michelle wu mayoral election": ["boston mayoral election", "who is michelle wu husband", "michelle wu family", "michelle wu political party", "where does michelle wu live", "michelle wu siblings", "michelle wu wikipedia", "michelle wu campaign staff"], "andrea campbell mayoral election": ["who is andrea campbell husband", "andrea campbell brother andre", "andrea campbell family", "andrea campbell bio", "andrea campbell twin brother", "andrea campbell father", "andrea campbell parents", "andrea campbell husband matthew"], "annissa essaibi george mayoral election": ["annissa essaibi george staff", "annissa essaibi george campaign website", "annissa essaibi george endorsements", "annissa essaibi george political party", "annissa essaibi george twitter", "annissa essaibi george ethnicity", "annissa essaibi george father", "annissa essaibi george campaign manager"], "jon santiago mayoral election": ["jon santiago endorsements", "jon santiago wife", "jon santiago campaign manager", "jon santiago for mayor"], "kim janey mayoral election": ["kim janey mayor election"], "michael bianchi mayoral election": ["bianca mayorga"], "john barros mayoral election": ["john barros political party", "john barros for mayor", "john barros wife", "john barros bio", "john barros wiki", "john barros boston wife", "tchintcia barros", "annissa essaibi george"], "michelle wu for mayor": ["michelle wu boston husband", "michelle wu family", "michelle wu instagram", "michelle wu political party", "where does michelle wu live", "michelle wu siblings", "michelle wu mother", "michelle wu campaign staff", "Michelle Wu"], "andrea campbell for mayor": ["andrea campbell family", "andrea campbell father", "who is andrea campbell husband", "andrea campbell brother", "andrea campbell parents", "andrea campbell wikipedia", "andrea campbell bio", "andrea campbell twin brother"], "dana depelteau for mayor": ["dana depelteau black lives matter", "dana depelteau twitter", "dana depelteau tweets", "calla walsh parents", "michelle wu"], "annissa essaibi george for mayor": ["annissa essaibi george father", "annissa essaibi george net worth", "annissa essaibi george campaign website", "ezzeddine essaibi", "annissa essaibi george ethnicity", "annissa essaibi george staff", "annissa essaibi george parents", "annissa essaibi george endorsements"], "jon santiago for mayor": ["jon santiago wife", "jon santiago campaign manager", "jon santiago photographer", "jon santiago endorsements", "jon santiago age", "jon santiago wife alexandra", "jon santiago twitter", "boston mayoral candidates"], "kim janey for mayor": ["kim janey campaign website", "mayor kim janey husband", "kim janey age", "kim janey campaign manager", "kim janey political views", "kim janey staff", "kim janey campaign headquarters", "kim janey partner"], "michael bianchi for mayor": ["liz breadon", "liz breadon boston city council", "eric porter boston", "eric porter boston city council", "bianchi road bike"], "john barros for mayor": ["john barros for mayor website", "john barros political party", "john barros wife", "john barros wikipedia", "john barros family", "john barros bio", "john barros campaign manager", "john barros boston wikipedia"], "michelle wu partner": ["michelle wu instagram", "conor pewarski", "michelle wu boston mayor husband", "michelle wu net worth", "michelle wu salary", "andrea campbell", "how old is michelle wu", "michelle wu twitter"], "andrea campbell partner": ["andrea campbell family", "andrea campbell father", "andrea campbell brother andre", "andrea campbell bio", "andrea campbell interview", "matthew scheier andrea campbell", "kim janey husband", "andrea campbell princeton"], "dana depelteau partner": ["dana depelteau twitter", "dana depelteau tweets", "calla walsh"], "annissa essaibi george partner": ["annissa essaibi george father", "annissa essaibi george net worth", "annissa essaibi george ethnicity", "annissa essaibi george parents", "annissa essaibi george mother", "annissa essaibi george family", "annissa essaibi george age", "annissa essaibi george staff"], "jon santiago partner": ["jon santiago wife", "jon santiago wife alexandra", "jon santiago boston", "jon santiago instagram", "jon santiago endorsements", "jon santiago boston globe"], "kim janey partner": ["is mayor kim janey married", "kim janey parents nationality", "kim janey for mayor", "kim janey net worth", "kim janey political views", "how old is kim janey daughter", "kim janey wikipedia", "kim janey campaign"], "michael bianchi partner": ["michael bianchi llc", "michael bianchi", "michael bianchi linkedin", "michael bianchi actor"], "john barros partner": ["john barros wikipedia", "john barros political party", "john barros family", "john barros boston wikipedia", "john barros bio", "john barros boston wife", "john barros for mayor", "john barros campaign manager"], "michelle wu race": ["michelle wu boston husband", "michelle wu mother", "michelle wu family", "michelle wu siblings", "michelle wu linkedin", "michelle wu twitter", "michelle wu campaign staff", "michelle wu endorsements"], "andrea campbell race": ["andrea campbell parents", "andrea campbell father", "who is andrea campbell husband", "andrea campbell family", "andrea campbell bio", "andrea campbell twin brother", "andrea campbell brother", "andrea campbell wikipedia"], "dana depelteau race": ["dana depelteau boston", "boston mayoral race candidates 2021", "dana depelteau mayor", "boston mayoral candidates party affiliation", "calla walsh parents", "dana depelteau twitter", "boston mayoral polls", "boston mayoral race primary"], "annissa essaibi george race": ["annissa essaibi george parents", "annissa essaibi george father", "annissa essaibi george staff", "ezzeddine essaibi", "annissa essaibi george bio", "annissa essaibi george commercial", "annissa essaibi george twitter", "annissa essaibi george endorsements"], "jon santiago race": ["jon santiago wife", "jon santiago endorsements", "jon santiago campaign manager"], "kim janey race": ["kim janey for mayor", "kim janey age", "who is kim janey husband", "kim janey partner", "kim janey campaign", "kim janey political views", "kim janey family", "kim janey parents"], "michael bianchi race": ["michael bianchi mayor", "bianchi road bike"], "john barros race": ["john barros wife", "john barros political party", "john barros for mayor", "john barros boston wife", "john barros wiki", "tchintcia barros", "andrea campbell", "annissa essaibi george"], "michelle wu endorsement": ["andrea campbell endorsements", "michelle wu twitter", "michelle wu family", "michelle wu policies", "michelle wu, husband", "michelle wu boston husband", "michelle wu mother", "where does michelle wu live"], "andrea campbell endorsement": ["andrea campbell husband", "andrea campbell bio", "andrea campbell fellowship", "andrea campbell father", "andrea campbell housing", "andrea campbell progressive", "andrea campbell events", "andrea campbell campaign jobs"], "dana depelteau endorsement": ["boston mayoral candidates 2021", "boston mayoral election 2020", "dana depelteau boston", "boston mayoral debate 2021", "boston mayoral candidates on the issues", "boston mayoral primary", "boston mayoral candidates party affiliation", "boston mayoral primary results"], "annissa essaibi george endorsement": ["annissa essaibi george commercial", "annissa essaibi george political views", "annissa essaibi george staff", "annissa essaibi george ethnicity", "annissa essaibi george political party", "annissa essaibi george campaign website", "annissa essaibi george father", "annissa essaibi george campaign manager"], "jon santiago endorsement": ["jon santiago wife", "jon santiago campaign manager"], "kim janey endorsement": ["kim janey endorsements"], "michael bianchi endorsement": ["michael bianchi boston city council", "liz breadon", "eric porter boston city council"], "john barros endorsement": ["john barros boston political party", "john barros for mayor", "john barros wife", "john barros boston wife", "john barros wiki", "john barros campaign manager", "andrea campbell", "tchintcia barros"], "michelle wu COVID": ["michelle wu covid", "michelle wu covid stance", "winners during covid"], "andrea campbell COVID": ["andrea campbell covid"], "dana depelteau COVID": ["dana depelteau boston", "dana depelteau black lives matter", "dana depelteau twitter", "dana depelteau tweets", "dana depelteau for mayor", "calla walsh parents", "calla walsh winsor school", "calla walsh wikipedia"], "annissa essaibi george COVID": ["annissa essaibi george covid"], "jon santiago COVID": ["jon santiago"], "kim janey COVID": ["mask mandate boston", "massachusetts indoor mask mandate", "massachusetts mask mandate 2021", "mask mandate cambridge, ma", "regeneron monoclonal antibody covid-19", "cdc covid cruise ships", "when will boston mask mandate end", "massachusetts mask mandate august 2021"], "michael bianchi COVID": [], "john barros COVID": ["john barros covid"], "michelle wu transportation": ["michelle wu signature collection", "michelle wu free the t", "michelle wu housing", "michelle wu accomplishments", "michelle wu announcement", "michelle wu development", "michelle wu mayor husband", "michelle wu events"], "andrea campbell transportation": ["andrea campbell bio", "andrea campbell husband", "andrea campbell campaign jobs", "andrea campbell campaign manager", "andrea campbell events", "andrea campbell father", "andrea campbell housing", "andrea campbell endorsements"], "dana depelteau transportation": ["dana depelteau boston", "calla walsh parents", "calla walsh winsor school", "markeyverse", "michelle wu", "calla walsh wikipedia"], "annissa essaibi george transportation": ["annissa essaibi george commercial", "annissa essaibi george staff", "annissa essaibi george father", "annissa essaibi george endorsements", "annissa essaibi george ethnicity", "annissa essaibi george website", "annissa essaibi george parents", "annissa essaibi george twitter"], "jon santiago transportation": ["jon santiago campaign manager", "jon santiago wife", "jon santiago endorsements", "jon santiago wife alexandra", "jon santiago boston", "jon santiago boston globe", "jon santiago twitter"], "kim janey transportation": ["kim janey family", "kim janey city council", "kim janey mayor", "kim janey policies"], "michael bianchi transportation": ["michael bianchi llc", "michael bianchi linkedin", "michael bianchi", "michael bianchi boston"], "john barros transportation": ["john barros campaign", "john barros", "john barros mayor", "john barros massachusetts", "john barros boston"], "michelle wu MBTA": ["michelle wu free the t", "michelle wu signature collection", "michelle wu transportation", "michelle wu accomplishments", "michelle wu announcement", "michelle wu housing", "michelle wu endorsement", "michelle wu child care"], "andrea campbell MBTA": ["andrea campbell bio", "andrea campbell husband", "andrea campbell brother andre", "andrea campbell obituary", "andrea campbell family", "andre campbell", "andrea campbell twin brother", "andrea campbell father"], "dana depelteau MBTA": ["dana depelteau black lives matter", "dana depelteau twitter", "dana depelteau tweets", "calla walsh"], "annissa essaibi george MBTA": ["annissa essaibi george father", "annissa essaibi george twitter", "annissa essaibi george commercial", "annissa essaibi george boston globe", "annissa essaibi george ethnicity", "annissa essaibi george website", "ezzeddine essaibi", "annissa essaibi george staff"], "jon santiago MBTA": ["jon santiago wife", "jon santiago age", "jon santiago photographer", "jon santiago endorsements", "jon santiago wife alexandra", "jon santiago mayor", "jon santiago campaign manager", "jon santiago boston globe"], "kim janey MBTA": ["kim janey husband", "kim janey age", "kim janey political views", "kim janey campaign website", "kim janey partner", "kim janey staff", "is kim janey married", "kim janey family"], "michael bianchi MBTA": ["michael bianchi boston", "michael bianchi boston city council", "liz breadon", "eric porter boston", "liz breadon boston city council", "eric porter boston city council"], "john barros MBTA": ["john barros wife", "john barros boston wife", "john barros for mayor", "john barros boston wikipedia", "john barros city of boston", "john barros political party", "john barros bio", "john barros wiki"], "andrea campbell Education": ["who is andrea campbell husband", "andrea campbell family", "andrea campbell bio", "andrea campbell father", "andrea campbell brother andre", "andrea campbell wikipedia", "andrea campbell parents", "andrea campbell education plan"], "dana depelteau Education": ["dana depelteau black lives matter", "dana depelteau twitter", "dana depelteau tweets", "calla walsh"], "annissa essaibi george Education": ["annissa essaibi george bio", "annissa essaibi george net worth", "annissa essaibi george parents", "annissa essaibi george nationality", "annissa essaibi george siblings", "annissa essaibi george staff", "ezzeddine essaibi", "annissa essaibi george father"], "jon santiago Education": ["jon santiago photographer", "jon santiago wife", "jon santiago bio", "jon santiago age", "jon santiago mayor", "john barros", "jon santiago wife alexandra", "jon santiago campaign manager"], "kim janey Education": ["kim janey for mayor", "kim janey age", "kim janey smith college", "who is kim janey husband", "kim janey net worth", "kim janey campaign website", "kim janey political views", "kim janey family"], "michael bianchi Education": ["michael bianchi actor", "michael bianchi obituary", "michael bianchi boston"], "john barros Education": ["john barros political party", "john barros for mayor", "john barros wife", "john barros wikipedia", "john barros boston wikipedia", "john barros high school", "john barros boston wife", "john barros age"], "michelle wu LGBT": ["when was lgbtq created", "lgbtq day", "lgbt shows"], "andrea campbell LGBT": ["when was lgbtq created", "lgbtq day", "lgbtq sexualities", "lgbt symbols"], "dana depelteau LGBT": ["when was lgbtq created", "lgbtq day", "lgbtq sexualities", "lgbtq meaning of each letter"], "annissa essaibi george LGBT": [], "jon santiago LGBT": ["when was lgbtq created", "lgbtq day", "lgbtq sexualities", "lgbt shows"], "kim janey LGBT": ["when was lgbtq created", "lgbtq day", "lgbtq sexualities", "lgbt symbols"], "michael bianchi LGBT": ["when was lgbtq created", "lgbtq day", "lgbt symbols", "lgbtq sexualities"], "john barros LGBT": ["when was lgbtq created", "lgbtq day", "lgbtq sexualities", "lgbtq meaning of each letter"], "michelle wu background": ["michelle wu family", "michelle wu salary", "michelle wu net worth", "michelle wu siblings", "michelle wu boston husband", "is michelle wu related to janet wu", "michelle wu mother", "who is michelle wu husband"], "andrea campbell background": ["andrea campbell family", "andrea campbell father", "andrea campbell brother", "andrea campbell wikipedia", "who is andrea campbell husband", "andrea campbell parents", "andrea campbell twin brother", "andrea campbell age"], "dana depelteau background": ["dana depelteau black lives matter", "dana depelteau twitter", "dana depelteau tweets", "michelle wu", "calla walsh", "calla walsh wikipedia"], "annissa essaibi george background": ["annissa essaibi george father", "annissa essaibi george net worth", "annissa essaibi george siblings", "ezzeddine essaibi", "annissa essaibi george staff", "annissa essaibi george parents", "annissa essaibi george campaign website", "annissa essaibi george campaign manager"], "jon santiago background": ["john barros", "jon santiago endorsements", "jon santiago age", "jon santiago mayor", "jon santiago photographer", "jon santiago campaign manager", "jon santiago wife alexandra", "jon santiago bio"], "kim janey background": ["who is kim janey husband", "kim janey campaign", "kim janey age", "kim janey for mayor", "kim janey campaign website", "kim janey family", "kim janey campaign manager", "kim janey net worth"], "michael bianchi background": ["michael bianchi", "michael bianchi actor", "michael bianchi linkedin", "michael bianchi llc"], "john barros background": ["john barros campaign manager", "john barros city of boston", "tchintcia barros", "john barros restaurant", "john barros boston restaurant", "michelle wu", "john barros endorsements", "andrea campbell"], "michelle wu net worth": ["michelle wu boston husband", "michelle wu family", "michelle wu siblings", "michelle wu age", "where does michelle wu live", "michelle wu mother", "michelle wu polls", "michelle wu twitter"], "andrea campbell net worth": ["andrea campbell's husband", "andrea campbell campaign jobs"], "dana depelteau net worth": ["dana depelteau black lives matter", "dana depelteau twitter", "dana depelteau tweets", "dana depelteau for mayor", "calla walsh"], "annissa essaibi george net worth": ["annissa essaibi george net worth"], "jon santiago net worth": ["jon santiago wife", "jon santiago age", "jon santiago endorsements", "jon santiago wife alexandra", "jon santiago campaign manager", "john barros", "jon santiago photographer", "jon santiago boston"], "kim janey net worth": ["who is kim janey husband", "kim janey age", "kim janey partner", "kim janey parents nationality", "kim janey for mayor", "is kim janey married", "kim janey family", "kim janey campaign website"], "michael bianchi net worth": ["michael veracka net worth", "michael cooper's net worth", "michael bickford net worth", "michael bohlsen net worth", "michael teigen net worth"], "john barros net worth": ["john barros wife", "john barros wikipedia", "john barros boston"], "michelle wu crime": ["michelle wu twitter", "michelle wu announcement", "michelle wu signature collection", "michelle wu mother", "michelle wu mayor husband", "michelle wu housing", "michelle wu events", "michelle wu child care"], "andrea campbell crime": ["who is andrea campbell husband", "andrea campbell bio", "andrea campbell twin brother", "andrea campbell family", "andrea campbell brother", "andrea campbell father", "andrea campbell age", "andrea campbell wikipedia"], "dana depelteau crime": ["dana depelteau black lives matter", "dana depelteau boston", "dana depelteau twitter", "dana depelteau mayor", "dana depelteau tweets", "calla walsh", "dana depelteau husband"], "annissa essaibi george crime": ["annissa essaibi george", "annissa essaibi george campaign", "annissa essaibi george wiki", "annissa essaibi george bio"], "jon santiago crime": ["santiago chile", "where is santiago"], "kim janey crime": ["kim janey for mayor", "kim janey husband", "marty walsh"], "michael bianchi crime": ["michael bianchi", "michael bianchi llc"], "john barros crime": ["john barros mayor", "john barros campaign", "john barros boston", "john barros", "john barros massachusetts"], "michelle wu police": ["michelle wu announcement", "michelle wu endorsement", "michelle wu mayor husband", "michelle wu housing", "michelle wu signature collection", "michelle wu accomplishments", "michelle wu policies", "michelle wu child care"], "andrea campbell police": ["andrea campbell husband", "andrea campbell bio", "andrea campbell brother", "andrea campbell events", "andrea campbell endorsements", "andrea campbell father", "andrea campbell fellowship", "andrea campbell housing"], "dana depelteau police": ["dana depelteau black lives matter", "dana depelteau boston", "dana depelteau twitter", "calla walsh parents", "dana depelteau tweets", "calla walsh winsor school", "dana depelteau mayor", "michelle wu"], "annissa essaibi george police": ["annissa essaibi george commercial", "annissa essaibi george endorsements", "annissa essaibi george house", "annissa essaibi george tiktok", "ethnicity annissa essaibi george"], "jon santiago police": ["jon santiago wife", "jon santiago wife alexandra", "jon santiago endorsements", "jon santiago mayor", "jon santiago age", "jon santiago photographer", "jon santiago campaign manager", "jon santiago linkedin"], "kim janey police": [], "michael bianchi police": ["michael bianchi boston", "michael bianchi boston city council", "michael bianchi brighton ma", "liz breadon", "michael bianchi boston mayor", "eric porter boston", "eric porter boston city council"], "john barros police": ["john barros campaign", "john barros mayor", "john barros"], "michelle wu housing": ["where does michelle wu live", "michelle wu child care", "michelle wu house", "michelle wu, boston globe", "michelle wu announcement", "michelle wu signature collection", "michelle wu commercial", "michelle wu endorsement"], "andrea campbell housing": ["andrea campbell husband", "andrea campbell endorsements", "andrea campbell fellowship", "andrea campbell boston public schools", "andrea campbell events", "andrea campbell progressive", "andrea campbell covid", "andrea campbell campaign manager"], "dana depelteau housing": ["dana depelteau black lives matter", "dana depelteau twitter", "dana depelteau tweets", "calla walsh parents", "dana depelteau for mayor", "calla walsh winsor school", "markeyverse", "michelle wu"], "annissa essaibi george housing": ["annissa essaibi george commercial", "annissa essaibi george ethnicity", "annissa essaibi george campaign website", "annissa essaibi george staff", "where does annissa essaibi george live", "annissa essaibi george endorsements", "annissa essaibi george age", "annissa essaibi george parents"], "jon santiago housing": ["jon santiago wife", "jon santiago endorsements", "john barros", "jon santiago wife alexandra", "jon santiago age", "jon santiago campaign manager", "jon santiago mayor", "jon santiago photographer"], "kim janey housing": ["kim janey campaign website", "kim janey campaign headquarters", "kim janey campaign manager", "kim janey family", "kim janey transition website", "who is kim janey husband", "kim janey for mayor", "kim janey partner"], "michael bianchi housing": ["michael bianchi boston", "michael bianchi boston city council", "liz breadon", "liz breadon boston city council", "eric porter boston", "eric porter boston city council"], "john barros housing": ["john barros wife", "john barros bio", "john barros boston", "john barros facebook", "john barros age", "john barros instagram", "john barros campaign manager"], "dana depelteau mayoral election": ["boston mayoral candidates 2021", "boston mayoral election 2020", "boston mayoral election results", "boston mayoral candidates party affiliation", "boston mayoral primary election", "dana depelteau for mayor", "boston mayoral candidates on the issues", "boston mayoral election 2021 polls"], "michelle wu Education": ["michelle wu education plan", "michelle wu family", "michelle wu, husband", "is michelle wu married", "michelle wu wikipedia", "michelle wu siblings", "michelle wu endorsements", "where does michelle wu live"]}