{"boston mayoral election": ["boston mayoral election results", "boston mayoral primary results", "boston mayoral polls", "boston mayoral election results 2021", "boston mayoral election 2021 polls", "boston mayoral candidates party affiliation", "boston mayoral candidates on the issues", "boston mayoral debate", "boston mayoral candidates"], "boston mayor candidates": ["boston mayoral candidates quiz", "boston mayoral primary results", "boston mayoral poll 2021", "boston mayoral election results", "boston mayoral candidates party affiliation", "boston mayoral election results 2021", "boston mayoral candidates on the issues", "boston mayoral polls", "boston mayoral election"], "michelle wu": ["michelle wu instagram", "michelle wu harvard", "michelle wu, boston husband", "michelle wu twitter", "michelle wu mayor", "michelle wu family", "michelle wu polls", "michelle wu salary", "conor pewarski"], "andrea campbell": ["andrea campbell wikipedia", "andrea campbell bio", "who is andrea campbell husband", "andrea campbell father", "andrea campbell brother", "andrea campbell family", "andrea campbell parents", "andrea campbell mit", "andrea campbell husband"], "dana depelteau": ["dana depelteau black lives matter", "dana depelteau husband", "michelle wu", "dana depelteau twitter", "dana depelteau tweets", "calla walsh", "calla walsh wikipedia", "dana depelteau for mayor"], "annissa essaibi george": ["annissa essaibi george net worth", "annissa essaibi george parents", "annissa essaibi george father", "annissa essaibi george twitter", "annissa essaibi george siblings", "annissa essaibi george website", "annissa essaibi george commercial", "annissa essaibi george endorsements", "ruthzee louijeune"], "jon santiago": ["jon santiago photographer", "jon santiago instagram", "jon santiago wife", "jon santiago high school", "jon santiago age", "jon santiago district", "jon santiago campaign", "jon santiago mayor", "boston globe"], "kim janey": ["kim janey political views", "who is kim janey husband", "kim janey wikipedia", "kim janey campaign", "kim janey net worth", "kim janey campaign website", "kim janey father", "kim janey policies", "kim janey husband"], "michael bianchi": ["michael bianchi boston", "michael bianchi actor", "michael bianchi obituary", "michael bianchi boston city council", "liz breadon", "michael bianchi architect", "michael j bianchi boston city council", "eric porter boston city council", "Mike Bianchi"], "john barros": ["john barros wikipedia", "john barros restaurant", "john barros political party", "john barros boston wikipedia", "john barros wife", "john barros website", "john barros family", "john barros for mayor website", "john barros boston"], "michelle wu boston": ["michelle wu, boston husband", "michelle wu instagram", "michelle wu boston latin", "michelle wu boston mayor age", "michelle wu boston mayor husband", "michelle wu family", "where does michelle wu live", "michelle wu salary", "conor pewarski"], "andrea campbell boston": ["andrea campbell boston husband", "andrea campbell boston brother", "andrea campbell boston twin brother", "andrea campbell boston father", "andrea campbell boston public schools", "andrea campbell family", "andrea campbell wikipedia", "andrea campbell bio", "boston mayoral candidates"], "dana depelteau boston": ["dana depelteau black lives matter", "dana depelteau twitter", "dana depelteau for mayor", "dana depelteau tweets", "calla walsh"], "annissa essaibi george boston": ["annissa essaibi george net worth", "annissa essaibi george boston globe", "annissa essaibi george parents", "annissa essaibi george website", "annissa essaibi george father", "annissa essaibi george twitter", "annissa essaibi george staff", "ezzeddine essaibi"], "jon santiago boston": ["jon santiago boston globe", "jon santiago wife", "jon santiago campaign manager", "jon santiago endorsements", "jon santiago high school", "jon santiago twitter", "jon santiago facebook", "jon santiago age"], "kim janey boston": ["kim janey campaign website", "kim janey age", "kim janey campaign headquarters", "kim janey for mayor campaign", "kim janey political views", "kim janey partner", "kim janey twitter", "kim janey smith college", "kim janey husband"], "michael bianchi boston": ["michael bianchi boston mayor", "michael bianchi brighton ma", "liz breadon", "eric porter boston", "eric porter boston city council", "michael bianchi city council", "liz breadon boston city council"], "john barros boston": ["john barros boston wikipedia", "john barros boston wife", "john barros boston restaurant", "john barros boston political party", "john barros boston globe", "john barros wife", "john barros wiki", "john barros for mayor website", "andrea campbell boston"], "michelle wu mayoral election": ["boston mayoral election", "michelle wu husband", "michelle wu family", "michelle wu political party", "where does michelle wu live", "michelle wu wikipedia", "michelle wu campaign", "michelle wu siblings"], "andrea campbell mayoral election": ["andrea campbell bio", "andrea campbell husband", "andrea campbell family", "andrea campbell twin brother", "andrea campbell brother", "andrea campbell husband matthew", "andrea campbell wikipedia", "andrea campbell polls"], "dana depelteau mayoral election": ["boston mayoral candidates 2021", "boston mayoral election 2020", "boston mayoral election results", "dana depelteau black lives matter", "dana depelteau twitter", "boston mayoral election candidates", "boston mayoral candidates party affiliation", "dana depelteau tweets"], "annissa essaibi george mayoral election": ["annissa essaibi george staff", "annissa essaibi george father", "annissa essaibi george campaign website", "annissa essaibi george endorsements", "annissa essaibi george family", "annissa essaibi george parents", "annissa essaibi george campaign manager", "annissa essaibi george wiki"], "jon santiago mayoral election": ["jon santiago campaign manager", "jon santiago wife", "jon santiago for mayor", "jon santiago endorsements"], "kim janey mayoral election": ["boston mayoral election results", "michelle wu", "michelle wu, boston mayor", "annissa essaibi george", "andrea campbell"], "michael bianchi mayoral election": ["michael bianchi boston"], "john barros mayoral election": ["john barros political party", "john barros for mayor website", "john barros boston political party", "john barros wife", "john barros wiki", "john barros boston wikipedia", "john barros boston mayor", "john barros bio"], "michelle wu for mayor": ["michelle wu, boston husband", "michelle wu family", "michelle wu instagram", "michelle wu political party", "michelle wu salary", "where does michelle wu live", "michelle wu siblings", "michelle wu mother", "Michelle Wu"], "andrea campbell for mayor": ["andrea campbell family", "andrea campbell brother", "andrea campbell father", "who is andrea campbell husband", "andrea campbell parents", "andrea campbell wikipedia", "andrea campbell bio", "andrea campbell grandfather"], "dana depelteau for mayor": ["dana depelteau black lives matter", "dana depelteau twitter", "dana depelteau tweets", "calla walsh parents", "michelle wu"], "annissa essaibi george for mayor": ["annissa essaibi george net worth", "annissa essaibi george father", "annissa essaibi george campaign website", "annissa essaibi george parents", "annissa essaibi george staff", "annissa essaibi george endorsements", "annissa essaibi george campaign manager", "annissa essaibi george family"], "jon santiago for mayor": ["jon santiago campaign manager", "jon santiago wife", "jon santiago photographer", "jon santiago endorsements", "jon santiago twitter", "jon santiago state representative", "jon santiago facebook", "jon santiago wife alexandra"], "kim janey for mayor": ["kim janey for mayor campaign", "kim janey campaign website", "kim janey age", "kim janey political views", "kim janey campaign manager", "kim janey campaign headquarters", "kim janey partner", "kim janey parents", "michelle wu mayor"], "michael bianchi for mayor": ["michael bianchi city council", "liz breadon", "eric porter boston city council", "liz breadon boston city council", "bianchi road bike"], "john barros for mayor": ["john barros for mayor website", "john barros political party", "john barros wife", "john barros family", "john barros wikipedia", "john barros bio", "john barros campaign manager", "john barros boston wikipedia"], "michelle wu partner": ["michelle wu, boston husband", "michelle wu family", "is michelle wu married", "is michelle wu related to janet wu", "michelle wu siblings", "where does michelle wu live", "michelle wu boston mayor husband", "michelle wu salary"], "andrea campbell partner": ["andrea campbell family", "andrea campbell father", "andrea campbell brother andre", "andrea campbell husband matthew", "andrea campbell parents", "andrea campbell wikipedia", "andrea campbell boston husband", "andrea campbell obituary"], "dana depelteau partner": ["dana depelteau tweets", "dana depelteau twitter", "calla walsh"], "annissa essaibi george partner": ["annissa essaibi george net worth", "annissa essaibi george father", "annissa essaibi george parents", "annissa essaibi george mother", "annissa essaibi george age", "annissa essaibi george staff", "annissa essaibi george twitter", "where does annissa essaibi george live"], "jon santiago partner": ["jon santiago wife", "jon santiago wife alexandra", "jon santiago campaign manager", "jon santiago boston", "jon santiago endorsements", "jon santiago facebook", "jon santiago high school", "jon santiago twitter"], "kim janey partner": ["is mayor kim janey married", "mayor kim janey husband", "kim janey parents nationality", "kim janey for mayor", "kim janey net worth", "kim janey political views", "kim janey wikipedia", "how old is kim janey daughter"], "michael bianchi partner": ["michael bianchi llc", "michael bianchi", "michael bianchi linkedin", "michael bianchi actor"], "john barros partner": ["john barros wife", "john barros family", "john barros political party", "john barros wiki", "john barros bio", "john barros bc high", "john barros boston", "john barros email"], "michelle wu race": ["michelle wu, boston husband", "michelle wu mother", "michelle wu family", "michelle wu instagram", "michelle wu siblings", "michelle wu salary", "michelle wu mayor", "michelle wu age"], "andrea campbell race": ["andrea campbell parents", "andrea campbell father", "who is andrea campbell husband", "andrea campbell family", "andrea campbell bio", "andrea campbell brother", "andrea campbell wikipedia", "andrea campbell husband matthew"], "dana depelteau race": ["dana depelteau black lives matter", "dana depelteau twitter", "dana depelteau tweets", "boston mayoral race candidates 2021", "dana depelteau for mayor", "boston mayoral election 2020", "boston mayoral candidates party affiliation", "boston mayoral polls"], "annissa essaibi george race": ["annissa essaibi george parents", "annissa essaibi george net worth", "annissa essaibi george father", "annissa essaibi george staff", "annissa essaibi george twitter", "is annissa essaibi george black", "annissa essaibi george endorsements", "annissa essaibi george wiki"], "kim janey race": ["michelle wu", "annissa essaibi george", "michelle wu, boston mayor", "boston mayoral election results", "andrea campbell"], "john barros race": ["john barros wikipedia", "john barros family", "john barros for mayor website", "john barros wife", "john barros bio", "john barros political party", "john barros boston wikipedia", "john barros campaign manager"], "michelle wu endorsement": ["michelle wu instagram", "andrea campbell endorsements", "michelle wu twitter", "michelle wu family", "michelle wu policies", "michelle wu husband", "michelle wu mother", "michelle wu linkedin"], "dana depelteau endorsement": ["dana depelteau black lives matter", "dana depelteau tweets", "boston mayoral candidates 2021", "dana depelteau mayor", "boston mayoral election 2020", "boston mayoral debate 2021", "boston mayoral poll 2021", "boston mayoral election candidates"], "annissa essaibi george endorsement": ["annissa essaibi george business", "annissa essaibi george commercial", "annissa essaibi george pronunciation"], "jon santiago endorsement": ["jon santiago wife", "jon santiago campaign manager"], "kim janey endorsement": ["kim janey endorsements"], "michael bianchi endorsement": ["liz breadon", "eric porter boston city council"], "john barros endorsement": ["john barros for mayor", "john barros political party", "john barros boston political party", "john barros wife", "john barros wiki", "john barros bc high", "john barros boston wife", "john barros family"], "michelle wu COVID": ["michelle wu covid", "winners during covid"], "andrea campbell COVID": ["andrea campbell covid"], "dana depelteau COVID": ["dana depelteau black lives matter", "dana depelteau twitter", "dana depelteau tweets", "dana depelteau for mayor", "calla walsh wikipedia", "calla walsh parents", "michelle wu", "markeyverse"], "annissa essaibi george COVID": ["annissa essaibi george covid"], "jon santiago COVID": ["jon santiago"], "kim janey COVID": ["mask mandate boston", "covid vaccine passport app", "mask mandate cambridge, ma", "cdc covid cruise ships", "nyc mask mandate", "when will boston mask mandate end", "rhode island mask mandate", "brookline mask mandate"], "michael bianchi COVID": [], "john barros COVID": ["john barros email", "john barros education"], "michelle wu transportation": ["michelle wu signature collection", "michelle wu free the t", "michelle wu housing", "michelle wu accomplishments", "michelle wu announcement", "michelle wu election", "michelle wu commercial", "michelle wu lawn sign"], "andrea campbell transportation": ["andrea campbell transportation plan", "andrea campbell campaign jobs", "andrea campbell husband", "andrea campbell obituary", "andrea campbell campaign manager", "andrea campbell events", "andrea campbell housing", "andrea campbell covid"], "dana depelteau transportation": ["calla walsh wikipedia", "michelle wu", "dana depelteau twitter", "calla walsh cambridge parents"], "annissa essaibi george transportation": ["annissa essaibi george staff", "annissa essaibi george commercial", "annissa essaibi george father", "annissa essaibi george endorsements", "annissa essaibi george parents", "annissa essaibi george website", "annissa essaibi george twitter", "annissa essaibi george campaign manager"], "jon santiago transportation": ["jon santiago campaign manager", "jon santiago wife", "jon santiago endorsements", "jon santiago wife alexandra", "jon santiago high school", "jon santiago boston mayor", "john barros", "john barros boston"], "kim janey transportation": ["kim janey campaign website", "kim janey for mayor", "kim janey campaign headquarters", "kim janey campaign manager", "kim janey kimesha", "kim janey parents nationality", "kim janey family", "who is kim janey husband"], "michael bianchi transportation": ["michael bianchi llc", "michael bianchi linkedin", "michael bianchi", "michael bianchi boston"], "john barros transportation": ["john barros for mayor website", "john barros wiki", "john barros political party", "john barros boston wikipedia", "john barros wife", "john barros boston political party", "john barros campaign manager", "john barros bc high"], "michelle wu MBTA": ["michelle wu signature collection", "michelle wu transportation", "michelle wu accomplishments", "michelle wu election", "michelle wu announcement", "michelle wu housing", "michelle wu child care", "michelle wu events"], "andrea campbell MBTA": ["andrea campbell bio", "andrea campbell husband", "andrea campbell brother andre", "andrea campbell boston husband", "andrea campbell polls", "andrea campbell obituary", "andrea campbell family", "andrea campbell twin brother"], "dana depelteau MBTA": ["dana depelteau black lives matter", "dana depelteau twitter", "dana depelteau tweets", "calla walsh"], "annissa essaibi george MBTA": ["annissa essaibi george net worth", "annissa essaibi george father", "annissa essaibi george twitter", "annissa essaibi george boston globe", "annissa essaibi george website", "ezzeddine essaibi", "annissa essaibi george staff", "annissa essaibi george parents"], "jon santiago MBTA": ["jon santiago wife", "jon santiago endorsements", "jon santiago photographer", "jon santiago age", "jon santiago high school", "jon santiago campaign manager", "jon santiago wife alexandra", "jon santiago boston"], "kim janey MBTA": ["kim janey mayor of boston", "kim janey city of boston", "kim janey mayor"], "michael bianchi MBTA": ["michael bianchi boston", "michael bianchi boston city council", "liz breadon", "eric porter boston city council", "michael j bianchi boston city council", "liz breadon boston city council"], "john barros MBTA": ["john barros for mayor website", "john barros wife", "john barros boston globe", "john barros boston wikipedia", "john barros boston wife", "john barros wiki", "john barros political party", "john barros age"], "michelle wu Education": ["michelle wu education plan", "michelle wu family", "michelle wu husband", "michelle wu salary", "is michelle wu married", "is michelle wu related to janet wu", "michelle wu instagram", "michelle wu wikipedia"], "andrea campbell Education": ["who is andrea campbell husband", "andrea campbell family", "andrea campbell bio", "andrea campbell father", "andrea campbell brother andre", "andrea campbell wikipedia", "andrea campbell education plan", "andrea campbell parents"], "dana depelteau Education": ["dana depelteau black lives matter", "dana depelteau tweets", "dana depelteau twitter", "calla walsh wikipedia", "michelle wu", "calla walsh parents", "markeyverse"], "annissa essaibi george Education": ["annissa essaibi george net worth", "annissa essaibi george parents", "annissa essaibi george nationality", "annissa essaibi george siblings", "annissa essaibi george staff", "annissa essaibi george father", "annissa essaibi george website", "annissa essaibi george family"], "jon santiago Education": ["jon santiago photographer", "jon santiago wife", "jon santiago bio", "john barros", "jon santiago mayor", "jon santiago campaign manager", "jon santiago age", "jon santiago high school"], "kim janey Education": ["kim janey age", "kim janey for mayor", "who is kim janey husband", "kim janey net worth", "kim janey campaign website", "kim janey political views", "kim janey family", "kim janey partner"], "michael bianchi Education": ["michael bianchi", "michael bianchi linkedin", "michael bianchi llc", "michael bianchi boston"], "john barros Education": ["john barros for mayor website", "john barros political party", "john barros wife", "john barros wiki", "john barros age", "john barros boston wikipedia", "john barros bio", "john barros high school"], "michelle wu LGBT": ["when was lgbtq created", "lgbtq day", "lgbt shows", "lgbtq sexualities"], "andrea campbell LGBT": ["when was lgbtq created", "lgbtq day", "lgbtq sexualities", "lgbt symbols"], "dana depelteau LGBT": ["when was lgbtq created", "lgbtq day", "lgbtq sexualities", "lgbtq meaning of each letter"], "annissa essaibi george LGBT": ["annissa essaibi george campaign", "annissa essaibi george", "annissa essaibi george wiki", "annissa essaibi george bio"], "jon santiago LGBT": ["when was lgbtq created", "lgbtq day", "lgbtq sexualities", "lgbt shows"], "kim janey LGBT": ["when was lgbtq created", "lgbtq day", "lgbtq sexualities", "lgbt symbols"], "michael bianchi LGBT": ["queer photography history", "lgbtq photographers near me", "contemporary queer photographers", "when was lgbtq created", "lgbtq day", "lgbt symbols", "lgbtq sexualities"], "john barros LGBT": ["when was lgbtq created", "lgbtq day", "lgbtq sexualities", "lgbtq meaning of each letter"], "michelle wu background": ["michelle wu family", "michelle wu salary", "michelle wu instagram", "michelle wu siblings", "michelle wu, boston husband", "is michelle wu related to janet wu", "michelle wu mother", "michelle wu linkedin"], "andrea campbell background": ["andrea campbell family", "andrea campbell father", "andrea campbell brother", "andrea campbell wikipedia", "who is andrea campbell husband", "andrea campbell parents", "andrea campbell twin brother", "andrea campbell age"], "dana depelteau background": ["dana depelteau black lives matter", "john barros", "dana depelteau tweets", "kim janey", "dana depelteau twitter", "michelle wu", "calla walsh wikipedia", "jon santiago"], "annissa essaibi george background": ["annissa essaibi george father", "annissa essaibi george net worth", "annissa essaibi george siblings", "annissa essaibi george staff", "ezzeddine essaibi", "annissa essaibi george parents", "annissa essaibi george campaign website", "annissa essaibi george mayor"], "jon santiago background": ["john barros", "jon santiago wife", "jon santiago campaign manager", "jon santiago endorsements", "jon santiago mayor", "jon santiago photographer", "jon santiago high school", "jon santiago age"], "kim janey background": ["who is kim janey husband", "kim janey age", "kim janey campaign", "kim janey for mayor", "kim janey campaign website", "kim janey family", "kim janey campaign manager", "kim janey wiki"], "michael bianchi background": ["michael bianchi boston", "michael bianchi city council", "michael bianchi boston city council", "michael bianchi mayor", "michael j bianchi ii", "michael j bianchi boston city council", "michael bianchi brighton ma", "liz breadon"], "john barros background": ["john barros political party", "john barros wiki", "john barros email", "john barros boston political party", "john barros campaign manager", "john barros bc high", "john barros boston restaurant", "andrea campbell"], "michelle wu net worth": ["michelle wu, boston husband", "michelle wu family", "michelle wu siblings", "michelle wu age", "where does michelle wu live", "is michelle wu married", "michelle wu parents", "is michelle wu related to janet wu"], "andrea campbell net worth": ["who is andrea campbell husband", "andrea campbell family", "andrea campbell twin brother", "andrea campbell wikipedia", "andrea campbell father", "andrea campbell husband matthew", "andrea campbell bio", "andrea campbell brother"], "dana depelteau net worth": ["dana depelteau black lives matter", "dana depelteau tweets", "dana depelteau twitter", "boston mayoral primary 2021 date", "michelle wu", "dana depelteau for mayor", "boston mayoral polls", "boston mayoral poll 2021"], "annissa essaibi george net worth": ["annissa essaibi george parents", "annissa essaibi george age", "annissa essaibi george father", "annissa essaibi george staff", "where does annissa essaibi george live", "annissa essaibi george endorsements", "annissa essaibi george mother", "annissa essaibi george website"], "jon santiago net worth": ["jon santiago wife", "jon santiago endorsements", "jon santiago campaign manager", "jon santiago wife alexandra", "john barros", "jon santiago high school", "jon santiago age", "jon santiago photographer"], "kim janey net worth": ["kim janey age", "who is kim janey husband", "kim janey partner", "kim janey parents nationality", "kim janey for mayor", "is kim janey married", "kim janey family", "how old is kim janey daughter"], "michael bianchi net worth": ["michael bianchi llc", "michael bianchi actor", "michael bianchi"], "john barros net worth": ["john barros wife", "john barros wikipedia", "john barros boston", "kim janey", "kim janey boston", "kim janey husband"], "michelle wu crime": ["michelle wu announcement", "michelle wu signature collection", "michelle wu housing", "michelle wu child care", "michelle wu events", "michelle wu commercial", "michelle wu campaign", "michelle wu accomplishments"], "andrea campbell crime": ["who is andrea campbell husband", "andrea campbell bio", "andrea campbell twin brother", "andrea campbell family", "andrea campbell boston husband", "andrea campbell brother", "andrea campbell father", "andrea campbell wikipedia"], "dana depelteau crime": ["dana depelteau black lives matter", "dana depelteau mayor", "dana depelteau tweets", "dana depelteau twitter", "dana depelteau boston", "calla walsh"], "annissa essaibi george crime": ["annissa essaibi george father", "annissa essaibi george net worth", "annissa essaibi george parents", "annissa essaibi george staff", "annissa essaibi george twitter", "annissa essaibi george bio", "annissa essaibi george religion", "annissa essaibi george family"], "jon santiago crime": ["santiago chile", "where is santiago"], "kim janey crime": ["kim janey political views", "kim janey press conference"], "michael bianchi crime": ["michael bianchi", "michael bianchi llc"], "john barros crime": ["john barros mayor", "john barros campaign", "john barros boston", "john barros", "john barros massachusetts"], "michelle wu police": ["michelle wu announcement", "michelle wu election", "michelle wu covid", "michelle wu commercial", "michelle wu housing", "michelle wu signature collection", "michelle wu policies", "michelle wu accomplishments"], "andrea campbell police": ["andrea campbell husband", "andrea campbell brother", "andrea campbell obituary", "andrea campbell events", "andrea campbell endorsements", "andrea campbell housing", "andrea campbell fellowship", "andrea campbell covid"], "dana depelteau police": ["dana depelteau black lives matter", "dana depelteau tweets", "dana depelteau mayor", "dana depelteau twitter", "michelle wu", "calla walsh parents", "dana depelteau boston", "calla walsh wikipedia"], "annissa essaibi george police": ["annissa essaibi george commercial", "annissa essaibi george business", "annissa essaibi george endorsements"], "jon santiago police": ["jon santiago wife", "jon santiago wife alexandra", "jon santiago endorsements", "jon santiago state representative", "jon santiago campaign manager", "jon santiago mayor", "jon santiago photographer", "jon santiago facebook"], "kim janey police": [], "michael bianchi police": ["michael bianchi boston", "michael bianchi boston city council", "michael bianchi boston mayor", "michael bianchi brighton ma", "michael j bianchi boston city council", "liz breadon", "eric porter boston city council"], "john barros police": ["john barros campaign", "john barros mayor", "john barros"], "michelle wu housing": ["where does michelle wu live", "michelle wu husband", "michelle wu child care", "michelle wu announcement", "michelle wu commercial", "michelle wu lawn sign", "michelle wu zoning", "michelle wu mother"], "andrea campbell housing": ["andrea campbell husband", "andrea campbell obituary", "andrea campbell endorsements", "andrea campbell fellowship", "andrea campbell boston public schools", "andrea campbell events", "andrea campbell covid", "andrea campbell campaign jobs"], "dana depelteau housing": ["dana depelteau black lives matter", "dana depelteau tweets", "dana depelteau twitter", "dana depelteau for mayor", "boston mayoral polls", "calla walsh parents", "calla walsh wikipedia", "kim janey"], "annissa essaibi george housing": ["annissa essaibi george net worth", "annissa essaibi george staff", "annissa essaibi george campaign website", "annissa essaibi george endorsements", "where does annissa essaibi george live", "annissa essaibi george parents", "annissa essaibi george father", "annissa essaibi george mother"], "jon santiago housing": ["jon santiago wife", "john barros", "jon santiago endorsements", "jon santiago campaign manager", "jon santiago wife alexandra", "jon santiago mayor", "jon santiago facebook", "jon santiago photographer"], "kim janey housing": ["kim janey campaign website", "kim janey campaign headquarters", "kim janey campaign manager", "kim janey transition website", "who is kim janey husband", "kim janey kimesha", "kim janey for mayor", "kim janey partner"], "michael bianchi housing": ["michael bianchi llc", "michael bianchi", "michael bianchi architect"], "john barros housing": ["john barros wife", "john barros family", "john barros for mayor", "john barros political party", "john barros wiki", "john barros bio", "john barros bc high", "john barros age"], "jon santiago race": ["jon santiago wife", "jon santiago endorsements", "jon santiago campaign manager"], "michael bianchi race": ["michael bianchi mayor", "liz breadon", "bianchi road bike"], "andrea campbell endorsement": ["andrea campbell husband", "andrea campbell husband matthew", "andrea campbell fellowship", "andrea campbell housing", "andrea campbell campaign manager", "andrea campbell brother", "andrea campbell twitter", "andrea campbell obituary"]}