{"boston mayoral election": ["boston mayoral election results", "boston mayoral election polls", "boston mayoral election results 2021", "boston mayoral election 2021 polls", "2017 boston mayoral election", "boston mayoral candidates party affiliation", "boston mayoral candidates on the issues", "boston mayoral debate", "boston mayoral candidates"], "boston mayor candidates": ["boston mayoral candidates quiz", "boston mayoral candidates platforms", "boston mayoral candidates party affiliation", "boston mayoral election results", "boston mayoral candidates on the issues", "boston mayoral election polls", "boston mayoral election 2021 polls", "boston mayoral candidates comparison", "boston mayoral polls"], "michelle wu": ["michelle wu instagram", "michelle wu boston husband", "michelle wu linkedin", "michelle wu family", "michelle wu polls", "michelle wu mother", "where does michelle wu live", "michelle wu wiki", "conor pewarski"], "andrea campbell": ["andrea campbell bio", "who is andrea campbell husband", "andrea campbell father", "andrea campbell brother", "andrea campbell family", "andrea campbell twin brother", "andrea campbell parents", "andrea campbell mit", "andrea campbell husband"], "dana depelteau": ["dana depelteau black lives matter", "dana depelteau twitter", "michelle wu", "dana depelteau tweets", "calla walsh", "calla walsh parents"], "annissa essaibi george": ["annissa essaibi george net worth", "annissa essaibi george parents", "annissa essaibi george bio", "annissa essaibi george ethnicity", "annissa essaibi george father", "annissa essaibi george twitter", "annissa essaibi george website", "annissa essaibi george commercial", "annissa essaibi george husband"], "jon santiago": ["jon santiago photographer", "jon santiago instagram", "jon santiago wife", "jon santiago age", "jon santiago mayor", "jon santiago campaign", "john barros", "jon santiago twitter"], "kim janey": ["kim janey political views", "mayor kim janey", "who is kim janey husband", "kim janey wikipedia", "kim janey net worth", "kim janey campaign", "kim janey age", "kim janey family", "kim janey husband"], "michael bianchi": ["michael bianchi boston", "michael bianchi actor", "michael bianchi obituary", "michael bianchi boston city council", "michael bianchi boston mayor", "michael bianchi architect", "michael bianchi for city council", "liz breadon", "eric porter boston city council", "Mike Bianchi"], "john barros": ["john barros wikipedia", "john barros political party", "john barros restaurant", "john barros boston wikipedia", "john barros wife", "john barros mayor", "john barros family", "john barros bio", "john barros boston"], "michelle wu boston": ["michelle wu boston husband", "michelle wu boston college", "michelle wu, boston globe", "michelle wu boston mayor age", "michelle wu family", "where does michelle wu live", "michelle wu salary", "michelle wu siblings", "conor pewarski"], "andrea campbell boston": ["andrea campbell boston husband", "andrea campbell boston brother", "andrea campbell boston twin brother", "andrea campbell boston father", "andrea campbell twin brother", "andrea campbell father", "andrea campbell wiki", "andrea campbell family", "boston mayor"], "dana depelteau boston": ["dana depelteau black lives matter", "dana depelteau twitter", "dana depelteau for mayor", "dana depelteau tweets", "calla walsh parents", "michelle wu"], "annissa essaibi george boston": ["annissa essaibi george net worth", "annissa essaibi george boston globe", "annissa essaibi george bio", "annissa essaibi george website", "annissa essaibi george parents", "annissa essaibi george ethnicity", "annissa essaibi george twitter", "annissa essaibi george father"], "jon santiago boston": ["jon santiago boston globe", "jon santiago wife", "jon santiago campaign manager", "jon santiago twitter", "jon santiago endorsements", "jon santiago wife alexandra", "jon santiago age", "jon santiago facebook"], "kim janey boston": ["kim janey campaign website", "kim janey age", "kim janey campaign headquarters", "kim janey partner", "kim janey political views", "kim janey net worth", "phyllis janey", "is kim janey married", "kim janey husband"], "michael bianchi boston": ["liz breadon", "eric porter boston", "eric porter boston city council", "liz breadon boston city council", "michael bianchi mayor"], "john barros boston": ["john barros boston wikipedia", "john barros boston wife", "john barros boston mayor", "john barros boston restaurant", "john barros boston political party", "john barros wife", "john barros boston globe", "john barros twitter", "andrea campbell boston"], "michelle wu mayoral election": ["who is michelle wu husband", "michelle wu family", "michelle wu political party", "where does michelle wu live", "michelle wu wikipedia", "michelle wu siblings", "michelle wu campaign", "michelle wu campaign staff"], "andrea campbell mayoral election": ["who is andrea campbell husband", "andrea campbell family", "andrea campbell campaign manager", "andrea campbell brother", "andrea campbell twin brother", "andrea campbell parents", "andrea campbell husband matthew", "andrea campbell for mayor"], "dana depelteau mayoral election": ["boston mayoral candidates 2021", "boston mayoral election 2020", "dana depelteau twitter", "boston mayoral election results", "boston mayoral candidates party affiliation", "boston mayoral primary election", "boston mayoral election 2021 polls", "boston mayoral candidates on the issues"], "annissa essaibi george mayoral election": ["annissa essaibi george staff", "annissa essaibi george political party", "annissa essaibi george campaign website", "annissa essaibi george ethnicity", "annissa essaibi george father", "annissa essaibi george political views", "annissa essaibi george net worth", "annissa essaibi george endorsements"], "jon santiago mayoral election": ["jon santiago wife", "jon santiago endorsements", "jon santiago, md"], "kim janey mayoral election": ["kim janey for mayor", "kim janey age", "kim janey partner", "who is kim janey husband", "boston mayoral election", "kim janey political views", "kim janey family", "kim janey campaign"], "michael bianchi mayoral election": ["michael bianchi boston"], "john barros mayoral election": ["john barros political party", "john barros for mayor", "john barros wife", "john barros bio", "john barros boston wife", "john barros wiki", "john barros bc high", "tchintcia barros"], "michelle wu for mayor": ["michelle wu boston husband", "michelle wu family", "michelle wu instagram", "michelle wu political party", "where does michelle wu live", "michelle wu siblings", "michelle wu mother", "michelle wu campaign staff", "Michelle Wu"], "andrea campbell for mayor": ["andrea campbell family", "andrea campbell brother", "andrea campbell father", "who is andrea campbell husband", "andrea campbell parents", "andrea campbell twin brother", "andrea campbell campaign manager", "andrea campbell wikipedia"], "dana depelteau for mayor": ["dana depelteau twitter", "dana depelteau black lives matter", "dana depelteau tweets", "calla walsh parents", "michelle wu"], "annissa essaibi george for mayor": ["annissa essaibi george net worth", "annissa essaibi george father", "annissa essaibi george campaign website", "annissa essaibi george ethnicity", "annissa essaibi george staff", "annissa essaibi george parents", "annissa essaibi george endorsements", "annissa essaibi george campaign manager"], "jon santiago for mayor": ["jon santiago wife", "jon santiago campaign manager", "jon santiago twitter", "jon santiago photographer", "jon santiago endorsements", "jon santiago wife alexandra", "jon santiago, md", "jon santiago age"], "kim janey for mayor": ["kim janey campaign website", "mayor kim janey husband", "kim janey age", "kim janey political views", "kim janey partner", "kim janey campaign headquarters", "kim janey family", "mayor kim janey twitter", "michelle wu mayor"], "john barros for mayor": ["john barros for mayor website", "john barros political party", "john barros wife", "john barros family", "john barros bio", "john barros wiki", "john barros campaign manager", "john barros boston wikipedia"], "michelle wu partner": ["michelle wu instagram", "conor pewarski", "michelle wu boston mayor husband", "michelle wu salary", "michelle wu net worth", "how old is michelle wu", "michelle wu mother", "michelle wu twitter"], "andrea campbell partner": ["andrea campbell family", "andrea campbell father", "andrea campbell brother", "andrea campbell bio", "andrea campbell interview", "matthew scheier andrea campbell", "kim janey husband", "andrea campbell princeton"], "dana depelteau partner": ["dana depelteau twitter", "dana depelteau tweets", "calla walsh"], "annissa essaibi george partner": ["annissa essaibi george net worth", "annissa essaibi george father", "annissa essaibi george ethnicity", "annissa essaibi george parents", "annissa essaibi george siblings", "annissa essaibi george mother", "annissa essaibi george age", "annissa essaibi george staff"], "jon santiago partner": ["jon santiago wife", "jon santiago wife alexandra", "jon santiago instagram", "jon santiago boston", "jon santiago, md", "jon santiago endorsements", "jon santiago boston globe"], "kim janey partner": ["who is kim janey husband", "is mayor kim janey married", "kim janey parents nationality", "kim janey for mayor", "kim janey net worth", "kim janey political views", "kim janey wikipedia", "how old is kim janey daughter"], "michael bianchi partner": ["michael bianchi llc", "michael bianchi", "michael bianchi linkedin", "michael bianchi actor"], "john barros partner": ["john barros wife", "john barros political party", "john barros family", "john barros boston wikipedia", "john barros wiki", "john barros bio", "john barros boston wife", "john barros for mayor"], "michelle wu race": ["michelle wu boston husband", "michelle wu mother", "michelle wu family", "michelle wu siblings", "michelle wu linkedin", "michelle wu twitter", "michelle wu campaign staff", "michelle wu endorsements"], "andrea campbell race": ["andrea campbell parents", "andrea campbell father", "who is andrea campbell husband", "andrea campbell family", "andrea campbell twin brother", "andrea campbell brother", "andrea campbell husband matthew", "andrea campbell grandfather"], "dana depelteau race": ["dana depelteau boston", "boston mayoral candidates party affiliation", "boston mayoral race candidates 2021", "calla walsh parents", "calla walsh wikipedia", "boston mayoral race primary", "michelle wu, boston mayor", "boston mayoral candidates on the issues"], "annissa essaibi george race": ["annissa essaibi george net worth", "annissa essaibi george parents", "annissa essaibi george father", "annissa essaibi george staff", "annissa essaibi george bio", "annissa essaibi george twitter", "annissa essaibi george facebook", "annissa essaibi george endorsements"], "jon santiago race": ["jon santiago wife", "jon santiago photographer", "jon santiago mayor", "jon santiago campaign manager", "jon santiago endorsements", "santiago mayer", "jon santiago twitter", "jon santiago wife alexandra"], "kim janey race": ["kim janey for mayor", "kim janey age", "who is kim janey husband", "kim janey partner", "kim janey campaign", "kim janey political views", "kim janey father", "kim janey family"], "michael bianchi race": ["michael bianchi mayor", "bianchi road bike"], "john barros race": ["john barros wife", "john barros political party", "john barros for mayor", "john barros boston wife", "john barros wiki", "tchintcia barros", "andrea campbell", "annissa essaibi george"], "michelle wu endorsement": ["michelle wu election", "michelle wu consulting", "andrea campbell endorsements", "michelle wu policies", "michelle wu signature collection", "michelle wu events", "michelle wu commercial", "michelle wu husband"], "andrea campbell endorsement": ["andrea campbell husband", "andrea campbell fellowship", "andrea campbell campaign manager", "andrea campbell brother", "michelle wu endorsements", "andrea campbell progressive", "andrea campbell events", "andrea campbell campaign jobs"], "dana depelteau endorsement": ["boston city council candidates 2021", "when is boston mayoral election 2021", "boston mayoral debate 2021", "boston mayoral candidates on the issues", "boston mayoral poll 2021", "boston mayoral race candidates 2021", "boston mayoral candidates party affiliation", "boston mayoral primary results"], "annissa essaibi george endorsement": ["annissa essaibi george net worth", "annissa essaibi george political views", "annissa essaibi george staff", "annissa essaibi george ethnicity", "annissa essaibi george political party", "michelle wu endorsements", "annissa essaibi george campaign website", "annissa essaibi george father"], "jon santiago endorsement": ["jon santiago endorsements"], "kim janey endorsement": ["kim janey endorsements"], "michael bianchi endorsement": ["michael bianchi llc", "michael bianchi", "michael bianchi linkedin", "michael bianchi actor"], "john barros endorsement": ["john barros boston political party", "john barros wife", "john barros for mayor", "john barros boston wife", "john barros wiki", "john barros campaign manager", "annissa essaibi george"], "michelle wu COVID": ["michelle wu covid", "michelle wu covid stance", "winners during covid"], "andrea campbell COVID": ["andrea campbell covid"], "dana depelteau COVID": ["dana depelteau twitter", "dana depelteau black lives matter", "dana depelteau tweets", "dana depelteau for mayor", "calla walsh"], "annissa essaibi george COVID": ["annissa essaibi george covid"], "jon santiago COVID": ["jon santiago"], "kim janey COVID": ["indoor mask mandate boston", "massachusetts indoor mask mandate", "massachusetts mask mandate 2021", "mask mandate cambridge, ma", "cdc covid cruise ships", "when will boston mask mandate end", "massachusetts mask mandate august 2021", "boston mask mandate gyms"], "michael bianchi COVID": [], "john barros COVID": ["john barros covid"], "michelle wu transportation": ["michelle wu signature collection", "michelle wu housing", "michelle wu free the t", "michelle wu accomplishments", "who is michelle wu husband", "michelle wu election", "michelle wu mayor husband", "michelle wu development"], "andrea campbell transportation": ["andrea campbell campaign manager", "andrea campbell campaign jobs", "andrea campbell husband", "andrea campbell brother", "andrea campbell home address", "andrea campbell events", "andrea campbell housing", "andrea campbell endorsements"], "dana depelteau transportation": ["calla walsh wikipedia", "calla walsh parents", "dana depelteau boston", "markeyverse", "michelle wu"], "annissa essaibi george transportation": ["annissa essaibi george net worth", "annissa essaibi george staff", "annissa essaibi george father", "annissa essaibi george commercial", "annissa essaibi george ethnicity", "annissa essaibi george website", "annissa essaibi george parents", "annissa essaibi george twitter"], "jon santiago transportation": ["jon santiago campaign manager", "jon santiago wife", "jon santiago endorsements", "jon santiago wife alexandra", "jon santiago, md", "jon santiago boston", "jon santiago boston globe", "jon santiago twitter"], "kim janey transportation": ["kim janey family", "kim janey city council", "kim janey mayor", "kim janey policies"], "michael bianchi transportation": ["michael bianchi llc", "michael bianchi linkedin", "michael bianchi", "michael bianchi boston"], "john barros transportation": ["john barros campaign", "john barros", "john barros mayor", "john barros massachusetts", "john barros boston"], "michelle wu MBTA": ["michelle wu free the t", "who is michelle wu husband", "michelle wu signature collection", "michelle wu transportation", "michelle wu election", "michelle wu accomplishments", "michelle wu endorsement", "michelle wu housing"], "andrea campbell MBTA": ["andrea campbell husband", "andrea campbell brother", "andrea campbell obituary", "andrea campbell family", "andre campbell obituary", "andrea campbell twin brother", "andrea campbell age", "andrea campbell boston globe"], "dana depelteau MBTA": ["dana depelteau twitter", "dana depelteau black lives matter", "dana depelteau tweets", "calla walsh"], "annissa essaibi george MBTA": ["annissa essaibi george father", "annissa essaibi george boston", "annissa essaibi george twitter", "annissa essaibi george commercial", "annissa essaibi george ethnicity", "annissa essaibi george boston globe", "annissa essaibi george campaign website", "annissa essaibi george endorsements"], "jon santiago MBTA": ["jon santiago wife", "jon santiago wife alexandra", "jon santiago age", "jon santiago endorsements", "jon santiago photographer", "jon santiago mayor", "jon santiago campaign manager", "jon santiago twitter"], "kim janey MBTA": ["who is kim janey husband", "kim janey age", "kim janey political views", "kim janey father", "kim janey campaign website", "kim janey partner", "is kim janey married", "kim janey policies"], "michael bianchi MBTA": ["michael bianchi boston", "michael bianchi boston city council", "liz breadon", "eric porter boston city council", "liz breadon boston city council"], "john barros MBTA": ["john barros wife", "john barros boston wife", "john barros boston wikipedia", "john barros for mayor", "john barros age", "john barros bio", "john barros political party", "john barros restaurant"], "michelle wu Education": ["michelle wu education plan", "michelle wu family", "who is michelle wu husband", "is michelle wu married", "michelle wu boston husband", "michelle wu wikipedia", "michelle wu siblings", "michelle wu endorsements"], "andrea campbell Education": ["who is andrea campbell husband", "andrea campbell family", "andrea campbell father", "andrea campbell brother", "andrea campbell bio", "andrea campbell parents", "andrea campbell twin brother", "andrea campbell husband matthew"], "dana depelteau Education": ["dana depelteau black lives matter", "dana depelteau twitter", "dana depelteau tweets", "calla walsh"], "annissa essaibi george Education": ["annissa essaibi george bio", "annissa essaibi george net worth", "annissa essaibi george parents", "annissa essaibi george nationality", "annissa essaibi george siblings", "annissa essaibi george staff", "ezzeddine essaibi", "annissa essaibi george facebook"], "jon santiago Education": ["jon santiago photographer", "jon santiago wife", "jon santiago mayor", "john barros", "jon santiago campaign manager", "jon santiago wife alexandra", "jon santiago age", "jon santiago endorsements"], "kim janey Education": ["kim janey age", "kim janey for mayor", "who is kim janey husband", "kim janey net worth", "kim janey political views", "kim janey campaign website", "kim janey family", "did kim janey graduate from smith college"], "michael bianchi Education": ["michael bianchi actor", "michael bianchi obituary", "michael bianchi boston"], "john barros Education": ["john barros political party", "john barros for mayor", "john barros wife", "john barros age", "john barros boston wikipedia", "john barros wiki", "john barros boston wife", "john barros high school"], "michelle wu LGBT": ["when was lgbtq created", "lgbtq day", "lgbt shows", "lgbtq sexualities"], "andrea campbell LGBT": ["when was lgbtq created", "lgbtq day", "lgbtq sexualities", "lgbt symbols"], "dana depelteau LGBT": ["when was lgbtq created", "lgbtq day", "lgbtq sexualities", "lgbtq meaning of each letter"], "annissa essaibi george LGBT": [], "jon santiago LGBT": ["when was lgbtq created", "lgbtq day", "lgbtq sexualities", "lgbt shows"], "kim janey LGBT": ["when was lgbtq created", "lgbtq day", "lgbtq sexualities", "lgbt symbols"], "michael bianchi LGBT": ["michael bianchi boston", "michael bianchi"], "john barros LGBT": ["when was lgbtq created", "lgbtq day", "lgbtq sexualities", "lgbtq meaning of each letter"], "michelle wu background": ["michelle wu family", "michelle wu salary", "michelle wu siblings", "michelle wu boston husband", "is michelle wu related to janet wu", "michelle wu mother", "who is michelle wu husband", "is michelle wu married"], "andrea campbell background": ["andrea campbell family", "andrea campbell father", "andrea campbell brother", "who is andrea campbell husband", "andrea campbell parents", "andrea campbell twin brother", "andrea campbell age", "andrea campbell wiki"], "dana depelteau background": ["dana depelteau black lives matter", "dana depelteau twitter", "dana depelteau tweets", "michelle wu", "calla walsh", "calla walsh wikipedia", "markeyverse", "calla walsh cambridge parents"], "annissa essaibi george background": ["annissa essaibi george father", "annissa essaibi george net worth", "annissa essaibi george siblings", "ezzeddine essaibi", "annissa essaibi george staff", "annissa essaibi george parents", "annissa essaibi george campaign website", "annissa essaibi george mayor"], "jon santiago background": ["john barros", "jon santiago mayor", "jon santiago campaign manager", "jon santiago endorsements", "jon santiago age", "jon santiago wife alexandra", "jon santiago photographer", "jon santiago, md"], "kim janey background": ["who is kim janey husband", "kim janey campaign", "kim janey age", "kim janey for mayor", "kim janey campaign website", "kim janey family", "kim janey policies", "kim janey net worth"], "michael bianchi background": ["michael bianchi", "michael bianchi actor", "michael bianchi linkedin", "michael bianchi llc"], "john barros background": ["john barros campaign manager", "john barros twitter", "john barros city of boston", "john barros restaurant", "john barros boston restaurant", "john barros endorsements", "michelle wu", "kim janey"], "michelle wu net worth": ["michelle wu boston husband", "michelle wu husband", "michelle wu family", "michelle wu siblings", "michelle wu age", "where does michelle wu live", "where is michelle wu from", "michelle wu parents"], "andrea campbell net worth": ["boston city councilor andrea campbell brother", "andrea campbell campaign jobs"], "dana depelteau net worth": ["dana depelteau black lives matter", "dana depelteau twitter", "dana depelteau tweets", "dana depelteau for mayor", "calla walsh"], "annissa essaibi george net worth": ["annissa essaibi george net worth"], "jon santiago net worth": ["jon santiago wife", "jon santiago age", "jon santiago wife alexandra", "jon santiago endorsements", "jon santiago campaign manager", "john barros", "jon santiago boston", "jon santiago photographer"], "kim janey net worth": ["who is kim janey husband", "kim janey age", "kim janey partner", "kim janey parents nationality", "kim janey for mayor", "is kim janey married", "kim janey family", "how old is kim janey daughter"], "michael bianchi net worth": ["michael bianchi llc", "michael bianchi actor", "michael bianchi"], "john barros net worth": ["john barros wife", "john barros wikipedia"], "michelle wu crime": ["michelle wu twitter", "who is michelle wu husband", "michelle wu signature collection", "michelle wu mother", "michelle wu mayor husband", "michelle wu events", "michelle wu housing", "michelle wu child care"], "andrea campbell crime": ["who is andrea campbell husband", "andrea campbell twin brother", "andrea campbell bio", "andrea campbell family", "andrea campbell brother", "andrea campbell father", "andrea campbell age", "andrea campbell husband matthew"], "dana depelteau crime": ["dana depelteau black lives matter", "dana depelteau twitter", "dana depelteau boston", "dana depelteau mayor", "dana depelteau tweets", "calla walsh"], "annissa essaibi george crime": ["annissa essaibi george ethnicity", "annissa essaibi george father", "annissa essaibi george parents", "annissa essaibi george family", "annissa essaibi george endorsements", "annissa essaibi george mayor", "annissa essaibi george campaign ad", "annissa essaibi george house"], "jon santiago crime": ["santiago chile", "where is santiago"], "kim janey crime": ["kim janey political views", "kim janey press conference"], "michael bianchi crime": ["michael bianchi", "michael bianchi llc"], "john barros crime": ["john barros mayor", "john barros campaign", "john barros boston", "john barros", "john barros massachusetts"], "michelle wu police": ["michelle wu election", "michelle wu twitter", "who is michelle wu husband", "michelle wu mayor husband", "michelle wu endorsement", "michelle wu signature collection", "michelle wu policies", "michelle wu accomplishments"], "andrea campbell police": ["andrea campbell husband", "andrea campbell brother", "andrea campbell events", "andrea campbell endorsements", "andrea campbell fellowship", "andrea campbell housing", "andrea campbell covid", "andrea campbell campaign manager"], "dana depelteau police": ["dana depelteau black lives matter", "dana depelteau twitter", "dana depelteau boston", "calla walsh parents", "dana depelteau tweets", "calla walsh wikipedia", "dana depelteau mayor", "michelle wu"], "annissa essaibi george police": [], "jon santiago police": ["jon santiago wife", "jon santiago wife alexandra", "jon santiago endorsements", "jon santiago mayor", "jon santiago campaign manager", "jon santiago age", "jon santiago photographer", "jon santiago twitter"], "kim janey police": [], "michael bianchi police": ["michael bianchi boston", "michael bianchi boston city council", "liz breadon", "michael bianchi boston mayor", "michael bianchi for city council", "eric porter boston city council", "michael bianchi brighton ma"], "john barros police": ["john barros campaign", "john barros mayor", "john barros"], "michelle wu housing": ["where does michelle wu live", "michelle wu husband", "michelle wu child care", "michelle wu house", "michelle wu, boston globe", "michelle wu commercial", "michelle wu - real estate", "michelle wu transportation"], "andrea campbell housing": ["andrea campbell husband", "andrea campbell endorsements", "andrea campbell fellowship", "andrea campbell boston public schools", "andrea campbell events", "andrea campbell progressive", "andrea campbell home address", "andrea campbell covid"], "dana depelteau housing": ["dana depelteau twitter", "dana depelteau tweets", "calla walsh", "calla walsh parents", "michelle wu"], "annissa essaibi george housing": ["annissa essaibi george housing"], "jon santiago housing": ["jon santiago wife", "john barros", "jon santiago wife alexandra", "jon santiago endorsements", "jon santiago campaign manager", "jon santiago mayor", "jon santiago, md", "jon santiago age"], "kim janey housing": ["kim janey campaign website", "kim janey campaign headquarters", "kim janey for mayor", "who is kim janey husband", "kim janey family", "kim janey partner", "kim janey age", "kim janey political views"], "michael bianchi housing": ["michael bianchi boston", "michael bianchi boston city council", "liz breadon", "eric porter boston city council", "liz breadon boston city council"], "michael bianchi for mayor": ["liz breadon", "eric porter boston city council", "liz breadon boston city council", "bianchi road bike"], "john barros housing": ["john barros wife", "john barros boston", "john barros bio", "john barros facebook", "john barros age", "john barros instagram", "john barros campaign manager"]}