{"boston mayoral election": ["boston mayoral election 2020", "boston mayoral election results", "boston mayoral candidates 2021", "boston mayoral election 2021 primary", "boston mayoral election primary", "boston mayoral election polls", "boston mayoral polls", "boston mayoral election candidates", "boston mayoral election 2021"], "boston mayor candidates": ["boston mayoral election 2020", "boston mayoral election candidates", "boston mayoral race candidates 2021", "boston elections, 2021", "boston mayoral election 2021 primary", "boston mayoral primary 2021", "boston mayoral election results", "boston mayoral primary election", "boston mayoral candidates 2021"], "michelle wu": ["michelle wu linkedin", "michelle wu instagram", "michelle wu twitter", "michelle wu husband", "michelle wu mayor", "michelle wu polls", "michelle wu housing", "michelle wu wikipedia", "andrea campbell boston"], "andrea campbell": ["andrea campbell husband", "andrea campbell brother", "alvin campbell", "andrea campbell argentina", "andrea campbell boston", "andrea campbell boston husband", "andrea campbell for mayor", "andrea campbell endorsements", "andrea campbell twin brother"], "dana depelteau": ["calla walsh", "dana depelteau twitter", "dana depelteau", "dana depelteau black lives matter", "dana depelteau boston"], "annissa essaibi george": ["annissa essaibi george husband", "david halbert", "annissa essaibi george father", "Lydia Edwards", "boston mayor", "boston mayoral candidates", "annissa essaibi george ethnicity", "annissa essaibi george family", "michael flaherty"], "jon santiago": ["boston weather", "boston globe", "jon santiago age", "jon santiago wife", "jon santiago", "jon santiago boston", "jon santiago campaign manager", "jon santiago endorsements", "jon santiago ad"], "kim janey": ["kim janey boston", "boston mayor", "andrea campbell boston", "kim janey husband", "kim janey family", "kim janey mayor", "epic pass", "biden press conference", "conor pewarski"], "michael bianchi": ["michael bianchi boston", "michael bianchi actor", "michael bianco", "michael bianchi boston mayor", "michael bianchi brighton", "michael bianchi obituary", "michael bianchi boston city council", "michael bianchi brighton ma", "michael bianchi"], "john barros": ["john barros boston", "boston mayoral race", "john barros education", "john barrows sales", "john barros wife", "john barros wikipedia", "john barros bio", "john barros boston wife", "john barros age"], "michelle wu boston": ["andrea campbell boston", "boston mayor", "conor pewarski", "boston election results", "michelle wu boston husband", "michelle wu boston mayor", "michelle wu boston latin", "michelle wu boston globe", "michelle wu boston mayor polls"], "andrea campbell boston": ["andrea campbell boston husband", "boston mayoral candidates", "boston mayoral race", "andrea campbell boston brother", "andrea campbell boston", "andrea campbell boston mayoral candidate", "andrea campbell boston globe", "andrea campbell boston email", "andrea campbell boston public schools"], "dana depelteau boston": ["dana depelteau boston"], "annissa essaibi george boston": ["annissa essaibi george boston", "annissa essaibi george boston globe", "annissa essaibi george boston mayor"], "jon santiago boston": ["jon santiago boston", "jon santiago boston globe", "dr. jon santiago boston", "dr jon santiago boston medical center", "jon santiago boston medical center", "jon santiago boston ma"], "kim janey boston": ["kim janey husband", "kim janey boston mayor", "kim janey boston", "kim janey boston globe", "kim janey boston vaccine", "kim janey boston herald", "kim janey boston mask mandate", "how old is kim janey boston", "kim janey boston gov"], "michael bianchi boston": ["michael bianchi boston", "michael bianchi boston city council", "michael bianchi boston mayor"], "john barros boston": ["john barros wife", "john barros boston", "john barros boston wife", "john barros boston school committee", "john barros boston globe", "john barros boston political party", "john barros boston wikipedia", "john barros boston restaurant", "john barros boston ma", "john barros city of boston"], "michelle wu mayoral election": ["michelle wu mayor", "michelle wu running for mayor", "michelle wu endorsements"], "andrea campbell mayoral election": ["city councilor andrea campbell"], "dana depelteau mayoral election": [], "annissa essaibi george mayoral election": ["annissa essaibi george mayor", "annissa essaibi george campaign", "city councilor annissa essaibi-george", "annissa essaibi george campaign manager"], "jon santiago mayoral election": [], "kim janey mayoral election": ["kim janey mayor election"], "michael bianchi mayoral election": [], "john barros mayoral election": ["john barros political party", "john barros for mayor", "john barros for mayor website", "boston mayoral election", "john barros boston wikipedia", "john barros boston mayor", "john barros wife", "john barros bio"], "michelle wu for mayor": ["michelle wu boston husband", "michelle wu family", "michelle wu campaign staff", "michelle wu instagram", "michelle wu twitter", "michelle wu endorsements", "michelle wu polls", "michelle wu linkedin", "Michelle Wu", "michelle wu for mayor mobilize"], "andrea campbell for mayor": ["andrea campbell for mayor"], "dana depelteau for mayor": ["dana depelteau for mayor"], "annissa essaibi george for mayor": ["annissa essaibi george for mayor"], "jon santiago for mayor": ["jon santiago for mayor"], "kim janey for mayor": ["kim janey for mayor", "kim janey running for mayor", "will kim janey run for mayor"], "michael bianchi for mayor": ["michael bianchi"], "john barros for mayor": ["john barros for mayor"], "michelle wu partner": [], "andrea campbell partner": ["andrea campbell", "andrea campbell husband"], "dana depelteau partner": ["dana depelteau black lives matter", "dana depelteau twitter", "dana depelteau boston", "dana depelteau mayor", "michelle wu", "edward markey", "sonia alleyne", "better boston super pac"], "annissa essaibi george partner": ["annissa essaibi"], "jon santiago partner": [], "kim janey partner": ["kim janey partner"], "michael bianchi partner": [], "john barros partner": ["john barros", "john barros wife", "john barros massachusetts"], "michelle wu race": ["michelle wu", "michelle wu mayor", "michelle wu campaign", "michelle wu bio"], "andrea campbell race": [], "dana depelteau race": [], "annissa essaibi george race": [], "jon santiago race": [], "kim janey race": ["kim janey", "kim janey staff"], "michael bianchi race": [], "john barros race": ["john barros"], "michelle wu endorsement": ["michelle wu endorsements"], "andrea campbell endorsement": ["andrea campbell endorsements"], "dana depelteau endorsement": [], "annissa essaibi george endorsement": ["annissa essaibi george endorsements"], "jon santiago endorsement": ["jon santiago endorsements"], "kim janey endorsement": ["kim janey endorsements"], "michael bianchi endorsement": [], "john barros endorsement": ["john barros endorsements"], "michelle wu COVID": ["michelle wu covid", "winners during covid"], "andrea campbell COVID": ["andrea campbell"], "dana depelteau COVID": [], "annissa essaibi george COVID": ["annissa essaibi"], "jon santiago COVID": [], "kim janey COVID": ["kim janey covid update", "kim janey covid vaccine", "kim janey covid restrictions", "did any of the kardashians get covid 19", "did any of the kardashians have coronavirus", "did hong kong shut down for covid"], "michael bianchi COVID": [], "john barros COVID": [], "michelle wu transportation": ["michelle wu transportation"], "andrea campbell transportation": ["andrea campbell transportation plan"], "dana depelteau transportation": [], "annissa essaibi george transportation": [], "jon santiago transportation": [], "kim janey transportation": ["kim janey", "kim janey office"], "john barros transportation": ["john barros"], "michelle wu MBTA": ["michelle wu mbta", "michelle wu free mbta"], "andrea campbell MBTA": ["andrea campbell boston", "andrea campbell boston ma", "andrea campbell boston city council"], "dana depelteau MBTA": [], "annissa essaibi george MBTA": ["annissa essaibi"], "jon santiago MBTA": [], "kim janey MBTA": ["kim janey"], "michael bianchi MBTA": [], "john barros MBTA": ["john barros massachusetts", "john barros"], "michelle wu Education": ["michelle wu education", "michelle wu education plan"], "andrea campbell Education": ["andrea campbell education"], "dana depelteau Education": [], "annissa essaibi george Education": ["annissa essaibi george husband", "annissa essaibi george ethnicity", "annissa essaibi george parents", "annissa essaibi george staff", "annissa essaibi george mayor", "annissa essaibi george twitter", "annissa essaibi george boston globe", "annissa essaibi george family"], "jon santiago Education": [], "kim janey Education": ["kim janey education", "kim janey education background"], "michael bianchi Education": ["michael bianchi", "michael bianchi llc"], "john barros Education": ["john barros education"], "michelle wu LGBT": [], "andrea campbell LGBT": [], "dana depelteau LGBT": [], "annissa essaibi george LGBT": ["annissa essaibi"], "jon santiago LGBT": ["the dorchester news", "dorchester reporter", "news around dorchester", "boston dorchester news", "dorchester reporter phone number", "jinny chalmers obituary", "dorchester journal", "boston neighborhood newspapers"], "kim janey LGBT": [], "michael bianchi LGBT": [], "john barros LGBT": ["the dorchester news", "dorchester reporter", "dot dorchester", "jinny chalmers obituary", "dorchester reporter phone number", "news around dorchester", "dorchester journal", "boston neighborhood newspapers"], "michelle wu background": ["michelle wu family", "michelle wu email", "michelle wu instagram", "michelle wu education", "michelle wu linkedin", "michelle wu boston husband", "michelle wu bio", "michelle wu mayor", "michelle wu background"], "andrea campbell background": ["andrea campbell background"], "dana depelteau background": [], "annissa essaibi george background": ["annissa essaibi"], "jon santiago background": ["jon santiago"], "kim janey background": ["kim janey for mayor", "kim janey age", "kim janey smith college", "kim janey campaign website", "who is kim janey husband", "kim janey political views", "kim janey campaign manager", "kim janey policies", "kim janey background"], "michael bianchi background": ["michael bianchi", "michael bianchi llc", "michael bianchi architect"], "john barros background": ["john barros", "john barros wife"], "michelle wu net worth": ["michelle wu boston husband", "michelle wu instagram", "michelle wu salary", "michelle wu family", "where does michelle wu live", "michelle wu age", "michelle wu endorsements", "michelle wu twitter", "michelle wu net worth"], "andrea campbell net worth": [], "dana depelteau net worth": [], "annissa essaibi george net worth": ["annissa essaibi george net worth"], "jon santiago net worth": [], "kim janey net worth": ["kim janey net worth", "how much is kim worth", "how rich is kim", "how much is kim west worth", "what is kim's net worth"], "michael bianchi net worth": [], "john barros net worth": [], "michelle wu crime": ["michelle wu", "michelle wu attorney", "michelle wu bio"], "andrea campbell crime": [], "dana depelteau crime": [], "annissa essaibi george crime": ["annissa essaibi"], "jon santiago crime": ["jon santiago"], "kim janey crime": ["kim janey"], "michael bianchi crime": ["michael bianchi"], "john barros crime": ["john barros", "john barros massachusetts"], "michelle wu police": [], "andrea campbell police": ["andrea campbell police union", "andrea campbell husband", "andre campbell", "andrea campbell brother", "andrea campbell obituary", "andrea campbell events", "andrea campbell brother andre", "andrea campbell housing", "andrea campbell boston police"], "annissa essaibi george police": [], "jon santiago police": [], "kim janey police": ["kim janey police budget"], "michael bianchi police": ["michael bianchi"], "john barros police": ["john barros"], "andrea campbell housing": ["andrea campbell housing"], "dana depelteau housing": [], "annissa essaibi george housing": ["annissa essaibi george housing"], "jon santiago housing": ["jon santiago"], "kim janey housing": ["kim janey housing"], "michael bianchi housing": ["michael bianchi", "michael bianchi llc", "michael bianchi architect"], "john barros housing": ["john barros"], "michael bianchi transportation": ["michael bianchi llc", "michael bianchi"], "dana depelteau police": [], "michelle wu housing": ["michelle wu housing"]}