{"boston mayoral election": ["boston mayoral election results", "boston mayoral polls", "boston mayoral election 2021 polls", "boston mayoral candidates party affiliation", "boston mayoral candidates on the issues", "boston mayoral debate", "boston mayoral candidates comparison", "michelle wu boston mayor", "boston mayoral candidates"], "boston mayor candidates": ["boston mayoral candidates quiz", "boston mayoral election results", "boston mayoral poll 2021", "boston mayoral candidates party affiliation", "boston mayoral candidates on the issues", "boston mayoral polls", "boston mayoral candidates positions", "boston mayoral candidates comparison", "boston mayoral election"], "michelle wu": ["michelle wu instagram", "michelle wu harvard", "michelle wu, boston husband", "michelle wu mayor", "michelle wu family", "michelle wu polls", "michelle wu mother", "michelle wu salary", "conor pewarski"], "andrea campbell": ["andrea campbell wikipedia", "andrea campbell bio", "who is andrea campbell husband", "andrea campbell father", "andrea campbell brother", "andrea campbell family", "andrea campbell parents", "andrea campbell mit", "andrea campbell husband"], "dana depelteau": ["dana depelteau black lives matter", "dana depelteau husband", "michelle wu", "dana depelteau twitter", "dana depelteau tweets", "calla walsh", "calla walsh wikipedia", "dana depelteau for mayor"], "annissa essaibi george": ["annissa essaibi george net worth", "annissa essaibi george father", "annissa essaibi george parents", "annissa essaibi george twitter", "annissa essaibi george website", "annissa essaibi george endorsements", "annissa essaibi george commercial", "annissa essaibi george business", "ruthzee louijeune"], "jon santiago": ["jon santiago photographer", "jon santiago wife", "jon santiago district", "jon santiago high school", "jon santiago boston", "jon santiago age", "jon santiago boston globe", "jon santiago campaign", "boston globe"], "kim janey": ["kim janey political views", "mayor kim janey age", "kim janey for mayor campaign", "kim janey net worth", "kim janey campaign", "kim janey campaign website", "kim janey partner", "kim janey campaign headquarters", "kim janey husband"], "michael bianchi": ["michael bianchi boston", "michael bianchi actor", "michael bianchi obituary", "michael bianchi boston city council", "michael bianchi architect", "liz breadon", "eric porter boston city council", "liz breadon boston city council", "Mike Bianchi"], "john barros": ["john barros wikipedia", "john barros restaurant", "john barros political party", "john barros boston wikipedia", "john barros wife", "john barros website", "john barros family", "john barros for mayor website", "john barros boston"], "michelle wu boston": ["michelle wu, boston husband", "michelle wu instagram", "michelle wu boston globe", "michelle wu boston mayor", "michelle wu family", "where does michelle wu live", "michelle wu salary", "michelle wu bio", "conor pewarski"], "andrea campbell boston": ["andrea campbell boston husband", "andrea campbell boston brother", "andrea campbell boston father", "who is andrea campbell husband", "andrea campbell boston public schools", "andrea campbell twin brother", "andrea campbell wiki", "andrea campbell father", "boston mayoral candidates"], "dana depelteau boston": ["dana depelteau black lives matter", "dana depelteau twitter", "dana depelteau for mayor", "dana depelteau tweets", "calla walsh"], "annissa essaibi george boston": ["annissa essaibi george net worth", "annissa essaibi george boston globe", "annissa essaibi george parents", "annissa essaibi george website", "annissa essaibi george father", "annissa essaibi george twitter", "annissa essaibi george staff", "ezzeddine essaibi"], "jon santiago boston": ["jon santiago boston globe", "jon santiago wife", "jon santiago campaign manager", "jon santiago endorsements", "jon santiago twitter", "jon santiago facebook", "jon santiago wife alexandra", "jon santiago age"], "kim janey boston": ["kim janey campaign website", "kim janey for mayor campaign", "kim janey age", "kim janey campaign headquarters", "kim janey political views", "kim janey partner", "kim janey twitter", "kim janey campaign manager", "kim janey husband"], "michael bianchi boston": ["michael bianchi boston mayor", "michael bianchi brighton ma", "liz breadon", "eric porter boston city council", "liz breadon boston city council"], "john barros boston": ["john barros boston wikipedia", "john barros boston wife", "john barros boston restaurant", "john barros boston political party", "john barros boston globe", "john barros wife", "john barros wiki", "john barros for mayor website", "andrea campbell boston"], "michelle wu mayoral election": ["boston mayoral election 2021", "michelle wu husband", "michelle wu family", "michelle wu political party", "michelle wu wikipedia", "where does michelle wu live", "michelle wu polls", "michelle wu endorsements"], "andrea campbell mayoral election": ["who is andrea campbell husband", "andrea campbell bio", "andrea campbell family", "andrea campbell brother", "andrea campbell husband matthew", "andrea campbell boston husband", "andrea campbell twin brother", "andrea campbell polls"], "dana depelteau mayoral election": ["boston mayoral candidates 2021", "boston mayoral election 2020", "boston mayoral election results", "dana depelteau black lives matter", "dana depelteau twitter", "boston mayoral candidates party affiliation", "dana depelteau for mayor", "boston mayoral polls"], "annissa essaibi george mayoral election": ["annissa essaibi george staff", "annissa essaibi george father", "annissa essaibi george endorsements", "annissa essaibi george family", "annissa essaibi george campaign manager", "annissa essaibi george parents", "annissa essaibi george facebook", "michelle wu"], "jon santiago mayoral election": ["jon santiago wife", "jon santiago endorsements", "jon santiago campaign manager"], "kim janey mayoral election": ["michelle wu", "michelle wu boston mayor", "annissa essaibi george", "marty walsh", "andrea campbell", "kim janey for mayor", "kim janey for mayor campaign", "kim janey campaign website"], "michael bianchi mayoral election": [], "john barros mayoral election": ["john barros political party", "john barros for mayor website", "john barros wife", "boston mayoral candidates", "john barros boston wikipedia", "john barros wiki", "john barros family", "john barros boston mayor"], "michelle wu for mayor": ["michelle wu, boston husband", "michelle wu family", "michelle wu instagram", "michelle wu political party", "where does michelle wu live", "michelle wu mother", "michelle wu campaign staff", "michelle wu endorsements", "Michelle Wu"], "andrea campbell for mayor": ["andrea campbell family", "andrea campbell brother", "andrea campbell father", "who is andrea campbell husband", "andrea campbell parents", "andrea campbell wikipedia", "andrea campbell bio", "andrea campbell twin brother"], "dana depelteau for mayor": ["dana depelteau black lives matter", "dana depelteau twitter", "dana depelteau tweets", "calla walsh parents", "michelle wu"], "annissa essaibi george for mayor": ["annissa essaibi george net worth", "annissa essaibi george father", "annissa essaibi george campaign website", "ezzeddine essaibi", "annissa essaibi george parents", "annissa essaibi george staff", "annissa essaibi george endorsements", "annissa essaibi george campaign manager"], "jon santiago for mayor": ["jon santiago wife", "jon santiago campaign manager", "jon santiago photographer", "jon santiago endorsements", "jon santiago twitter", "jon santiago state representative", "jon santiago facebook", "jon santiago boston globe"], "kim janey for mayor": ["kim janey for mayor campaign", "kim janey campaign website", "kim janey age", "kim janey political views", "kim janey campaign manager", "kim janey campaign headquarters", "kim janey partner", "kim janey wikipedia", "michelle wu mayor"], "michael bianchi for mayor": ["liz breadon", "eric porter boston city council", "liz breadon boston city council", "bianchi road bike"], "john barros for mayor": ["john barros for mayor website", "john barros political party", "john barros wife", "john barros family", "john barros wikipedia", "john barros bio", "john barros campaign manager", "john barros email"], "michelle wu partner": ["michelle wu, boston husband", "michelle wu family", "is michelle wu married", "is michelle wu related to janet wu", "where does michelle wu live", "michelle wu siblings", "michelle wu net worth", "michelle wu mayor"], "andrea campbell partner": ["andrea campbell family", "andrea campbell brother andre", "andrea campbell husband matthew", "andrea campbell parents", "andrea campbell boston husband", "andrea campbell obituary", "andrea campbell princeton", "andrea campbell housing"], "dana depelteau partner": ["dana depelteau twitter", "dana depelteau tweets", "calla walsh"], "annissa essaibi george partner": ["annissa essaibi george net worth", "annissa essaibi george parents", "annissa essaibi george mother", "annissa essaibi george age", "annissa essaibi george staff", "where does annissa essaibi george live", "annissa essaibi george twitter", "annissa essaibi george endorsements"], "jon santiago partner": [], "kim janey partner": ["is mayor kim janey married", "kim janey parents nationality", "kim janey for mayor", "kim janey net worth", "kim janey wikipedia", "kim janey political views", "how old is kim janey daughter", "kim janey campaign"], "john barros partner": ["john barros wife", "john barros political party", "john barros family", "john barros wiki", "john barros for mayor", "john barros, boston", "john barros email", "john barros boston political party"], "michelle wu race": ["michelle wu, boston husband", "michelle wu mother", "michelle wu family", "michelle wu instagram", "michelle wu mayor", "michelle wu campaign staff", "michelle wu age", "michelle wu education"], "andrea campbell race": ["andrea campbell parents", "andrea campbell father", "who is andrea campbell husband", "andrea campbell family", "andrea campbell bio", "andrea campbell twin brother", "andrea campbell brother", "andrea campbell husband matthew"], "dana depelteau race": ["dana depelteau black lives matter", "boston mayoral race candidates 2021", "dana depelteau twitter", "boston mayoral election 2020", "dana depelteau for mayor", "boston mayoral polls", "dana depelteau tweets", "michelle wu boston mayor"], "annissa essaibi george race": ["annissa essaibi george parents", "annissa essaibi george net worth", "annissa essaibi george father", "annissa essaibi george staff", "annissa essaibi george campaign", "annissa essaibi george twitter", "annissa essaibi george endorsements", "annissa essaibi george boston globe"], "jon santiago race": ["jon santiago wife", "jon santiago endorsements", "jon santiago campaign manager"], "kim janey race": ["michelle wu", "annissa essaibi george", "andrea campbell", "michelle wu boston mayor", "marty walsh", "kim janey for mayor", "kim janey campaign", "kim janey for mayor campaign"], "michael bianchi race": ["liz breadon", "michael bianchi mayor", "bianchi road bike"], "john barros race": ["john barros wikipedia", "john barros family", "john barros for mayor website", "john barros wife", "john barros bio", "john barros political party", "john barros boston wikipedia", "john barros campaign manager"], "michelle wu endorsement": ["michelle wu instagram", "andrea campbell endorsements", "michelle wu family", "michelle wu twitter", "michelle wu husband", "michelle wu policies", "michelle wu mother", "michelle wu linkedin"], "andrea campbell endorsement": ["andrea campbell campaign manager", "andrea campbell fundraising"], "dana depelteau endorsement": ["dana depelteau black lives matter", "john barros", "boston mayoral candidates 2021", "dana depelteau boston", "dana depelteau twitter", "boston mayoral election 2020", "boston mayoral election 2021 polls", "boston mayoral candidates on the issues"], "annissa essaibi george endorsement": ["annissa essaibi george business", "annissa essaibi george commercial", "annissa essaibi george mass and cass", "annissa essaibi george political views", "annissa essaibi george family", "annissa essaibi george wiki", "annissa essaibi george pronunciation"], "jon santiago endorsement": ["jon santiago endorsements"], "kim janey endorsement": ["mayor kim janey staff", "kim janey transition website", "kim janey transition team", "kim janey campaign headquarters", "kim janey campaign website", "kim janey for mayor", "kim janey for mayor campaign", "kim janey campaign manager"], "michael bianchi endorsement": ["liz breadon", "eric porter boston city council"], "john barros endorsement": ["john barros political party", "john barros boston political party", "john barros wife", "john barros bc high", "john barros wiki", "john barros boston wife", "john barros boston wikipedia", "john barros family"], "michelle wu COVID": ["michelle wu chinatown", "michelle wu campaign contributions"], "andrea campbell COVID": ["andrea campbell covid"], "dana depelteau COVID": ["dana depelteau black lives matter", "dana depelteau twitter", "dana depelteau tweets", "dana depelteau for mayor", "calla walsh wikipedia", "calla walsh parents", "calla walsh winsor school", "michelle wu"], "annissa essaibi george COVID": ["annissa essaibi george covid"], "jon santiago COVID": [], "kim janey COVID": ["mask mandate boston", "covid vaccine passport app", "mask mandate cambridge, ma", "regeneron monoclonal antibody covid-19", "cdc covid cruise ships", "rhode island mask mandate", "new york mask mandate", "brookline mask mandate"], "michael bianchi COVID": ["michael bianchi obituary", "michael bianchi boston", "michael bianchi actor", "michael bianchi architect"], "john barros COVID": ["john barros email", "john barros education"], "michelle wu transportation": ["michelle wu signature collection", "michelle wu housing", "michelle wu announcement", "michelle wu commercial", "michelle wu election", "michelle wu lawn sign", "michelle wu accomplishments", "michelle wu events"], "andrea campbell transportation": ["andrea campbell brother", "andrea campbell campaign jobs", "andrea campbell husband", "andrea campbell obituary", "andrea campbell campaign manager", "andrea campbell events", "andrea campbell housing", "andrea campbell covid"], "dana depelteau transportation": ["calla walsh wikipedia", "calla walsh cambridge parents", "calla walsh winsor school", "michelle wu"], "annissa essaibi george transportation": ["annissa essaibi george staff", "annissa essaibi george father", "annissa essaibi george commercial", "annissa essaibi george endorsements", "annissa essaibi george website", "annissa essaibi george parents", "annissa essaibi george twitter", "annissa essaibi george campaign manager"], "jon santiago transportation": ["jon santiago campaign manager", "jon santiago wife", "jon santiago endorsements", "jon santiago boston globe", "jon santiago wife alexandra", "jon santiago for mayor", "jon santiago facebook", "jon santiago twitter"], "kim janey transportation": ["kim janey campaign website", "kim janey for mayor campaign", "kim janey campaign headquarters", "kim janey kimesha", "kim janey parents nationality", "kim janey family", "kim janey age", "who is kim janey husband"], "michael bianchi transportation": ["michael bianchi llc", "michael bianchi"], "john barros transportation": ["john barros"], "michelle wu MBTA": ["michelle wu signature collection", "michelle wu transportation", "michelle wu election", "michelle wu announcement", "michelle wu housing", "michelle wu events", "michelle wu child care", "michelle wu commercial"], "andrea campbell MBTA": ["andrea campbell bio", "andrea campbell husband", "andrea campbell brother andre", "andrea campbell boston husband", "andrea campbell polls", "andrea campbell obituary", "andrea campbell family", "andre campbell obituary"], "dana depelteau MBTA": ["dana depelteau black lives matter", "dana depelteau twitter", "dana depelteau tweets", "calla walsh"], "annissa essaibi george MBTA": ["annissa essaibi george net worth", "annissa essaibi george father", "annissa essaibi george twitter", "annissa essaibi george commercial", "annissa essaibi george boston globe", "annissa essaibi george website", "annissa essaibi george staff", "annissa essaibi george endorsements"], "jon santiago MBTA": ["jon santiago wife", "jon santiago endorsements", "jon santiago photographer", "jon santiago boston globe", "jon santiago wife alexandra", "jon santiago age", "jon santiago twitter", "jon santiago campaign manager"], "kim janey MBTA": ["kim janey"], "michael bianchi MBTA": ["michael bianchi boston city council", "liz breadon", "eric porter boston city council", "liz breadon boston city council"], "john barros MBTA": ["john barros for mayor website", "john barros wife", "john barros boston globe", "john barros boston wikipedia", "john barros boston wife", "john barros wiki", "john barros age", "john barros political party"], "michelle wu Education": ["michelle wu education plan", "michelle wu family", "michelle wu husband", "is michelle wu married", "is michelle wu related to janet wu", "michelle wu instagram", "michelle wu wikipedia", "michelle wu endorsements"], "andrea campbell Education": ["who is andrea campbell husband", "andrea campbell family", "andrea campbell bio", "andrea campbell father", "andrea campbell brother andre", "andrea campbell wikipedia", "andrea campbell parents", "andrea campbell education plan"], "dana depelteau Education": ["dana depelteau black lives matter", "dana depelteau twitter", "dana depelteau tweets", "calla walsh winsor school", "calla walsh wikipedia", "michelle wu", "calla walsh parents", "markeyverse"], "annissa essaibi george Education": ["annissa essaibi george net worth", "annissa essaibi george bio", "annissa essaibi george parents", "annissa essaibi george nationality", "annissa essaibi george staff", "annissa essaibi george father", "annissa essaibi george family", "annissa essaibi george commercial"], "jon santiago Education": ["jon santiago photographer", "jon santiago wife", "jon santiago bio", "john barros", "jon santiago mayor", "jon santiago age", "jon santiago wife alexandra", "jon santiago campaign manager"], "kim janey Education": ["kim janey age", "kim janey for mayor", "who is kim janey husband", "kim janey net worth", "kim janey for mayor campaign", "kim janey campaign website", "kim janey political views", "kim janey family"], "michael bianchi Education": ["michael bianchi", "michael bianchi llc"], "john barros Education": ["john barros for mayor website", "john barros political party", "john barros wife", "john barros wiki", "john barros age", "john barros boston wikipedia", "john barros bio", "john barros high school"], "michelle wu LGBT": ["when was lgbtq created", "lgbtq day", "lgbt shows", "lgbtq sexualities"], "andrea campbell LGBT": ["when was lgbtq created", "lgbtq day", "lgbtq sexualities", "lgbt symbols"], "dana depelteau LGBT": ["when was lgbtq created", "lgbtq day", "lgbtq sexualities", "lgbtq meaning of each letter"], "annissa essaibi george LGBT": ["annissa essaibi"], "jon santiago LGBT": ["when was lgbtq created", "lgbtq day", "lgbtq sexualities", "lgbt shows"], "kim janey LGBT": ["when was lgbtq created", "lgbtq day", "lgbtq sexualities", "lgbt symbols"], "michael bianchi LGBT": ["queer photography history", "lgbtq photographers near me", "contemporary queer photographers", "when was lgbtq created", "lgbtq day", "lgbt symbols", "lgbtq sexualities"], "john barros LGBT": ["when was lgbtq created", "lgbtq day", "lgbtq sexualities", "lgbtq meaning of each letter"], "michelle wu background": ["michelle wu family", "michelle wu email", "michelle wu salary", "michelle wu instagram", "michelle wu, boston husband", "is michelle wu related to janet wu", "michelle wu mother", "michelle wu siblings"], "andrea campbell background": ["andrea campbell family", "andrea campbell father", "andrea campbell brother", "andrea campbell wikipedia", "who is andrea campbell husband", "andrea campbell parents", "andrea campbell twin brother", "andrea campbell age"], "dana depelteau background": ["dana depelteau black lives matter", "john barros", "kim janey", "dana depelteau twitter", "dana depelteau tweets", "michelle wu", "calla walsh", "calla walsh wikipedia"], "annissa essaibi george background": ["annissa essaibi george father", "annissa essaibi george net worth", "annissa essaibi george staff", "annissa essaibi george parents", "annissa essaibi george campaign", "annissa essaibi george mayor", "annissa essaibi george campaign website", "annissa essaibi george campaign manager"], "jon santiago background": ["john barros", "jon santiago wife", "jon santiago endorsements", "jon santiago mayor", "jon santiago photographer", "jon santiago campaign manager", "jon santiago age", "jon santiago bio"], "kim janey background": ["who is kim janey husband", "kim janey age", "kim janey campaign", "kim janey for mayor", "kim janey campaign website", "kim janey family", "kim janey wiki", "kim janey net worth"], "michael bianchi background": ["michael bianchi boston", "michael bianchi boston city council", "michael bianchi boston mayor", "michael bianchi brighton ma", "liz breadon", "eric porter boston city council", "michael bianchi obituary"], "john barros background": ["john barros political party", "john barros wiki", "john barros email", "john barros, boston", "john barros campaign manager", "john barros bc high", "john barros boston restaurant", "annissa essaibi george"], "michelle wu net worth": ["michelle wu, boston husband", "michelle wu family", "michelle wu age", "where does michelle wu live", "michelle wu siblings", "is michelle wu married", "is michelle wu related to janet wu", "michelle wu mother"], "andrea campbell net worth": ["who is andrea campbell husband", "andrea campbell family", "andrea campbell twin brother", "andrea campbell wikipedia", "andrea campbell father", "andrea campbell husband matthew", "andrea campbell brother", "andrea campbell bio"], "dana depelteau net worth": ["dana depelteau black lives matter", "dana depelteau twitter", "dana depelteau tweets", "boston mayoral primary 2021 date", "boston mayoral polls", "dana depelteau for mayor", "boston mayoral election 2020", "boston mayoral primary date"], "annissa essaibi george net worth": ["annissa essaibi george parents", "annissa essaibi george age", "annissa essaibi george father", "annissa essaibi george endorsements", "annissa essaibi george staff", "annissa essaibi george website", "annissa essaibi george twitter", "annissa essaibi george family"], "jon santiago net worth": ["jon santiago wife", "jon santiago endorsements", "jon santiago wife alexandra", "john barros", "jon santiago photographer", "jon santiago high school", "jon santiago age", "jon santiago campaign manager"], "kim janey net worth": ["kim janey age", "who is kim janey husband", "kim janey partner", "kim janey parents nationality", "kim janey for mayor", "is kim janey married", "kim janey family", "how old is kim janey daughter"], "michael bianchi net worth": [], "john barros net worth": ["john barros wife", "john barros wikipedia", "john barros, boston", "kim janey", "kim janey, boston", "kim janey husband"], "michelle wu crime": ["michelle wu announcement", "michelle wu signature collection", "michelle wu housing", "michelle wu events", "michelle wu child care", "michelle wu commercial", "michelle wu opioid", "michelle wu campaign"], "andrea campbell crime": ["who is andrea campbell husband", "andrea campbell bio", "andrea campbell twin brother", "andrea campbell family", "andrea campbell boston husband", "andrea campbell brother", "andrea campbell father", "andrea campbell obituary"], "dana depelteau crime": ["dana depelteau black lives matter", "dana depelteau boston", "dana depelteau twitter", "dana depelteau mayor", "dana depelteau tweets", "calla walsh"], "annissa essaibi george crime": ["annissa essaibi"], "jon santiago crime": ["santiago chile", "where is santiago"], "kim janey crime": ["kim janey for mayor", "kim janey husband", "marty walsh"], "michael bianchi crime": ["michael bianchi"], "john barros crime": ["john barros wife", "john barros for mayor", "john barros family", "john barros wiki", "john barros, boston", "john barros age", "john barros facebook", "john barros email"], "michelle wu police": ["michelle wu announcement", "michelle wu election", "michelle wu commercial", "michelle wu signature collection", "michelle wu accomplishments", "michelle wu housing", "michelle wu child care", "michelle wu policies"], "andrea campbell police": ["andrea campbell husband", "andrea campbell brother", "andrea campbell obituary", "andrea campbell events", "andrea campbell endorsements", "andrea campbell housing", "andrea campbell fellowship", "andrea campbell covid"], "annissa essaibi george police": [], "jon santiago police": ["jon santiago wife", "jon santiago wife alexandra", "jon santiago endorsements", "jon santiago state representative", "jon santiago campaign", "jon santiago mayor", "jon santiago photographer", "jon santiago boston globe"], "kim janey police": [], "michael bianchi police": ["michael bianchi boston", "michael bianchi brighton ma", "liz breadon", "michael bianchi mayor", "eric porter boston city council"], "john barros police": ["john barros"], "michelle wu housing": ["where does michelle wu live", "michelle wu child care", "michelle wu announcement", "michelle wu commercial", "michelle wu signature collection", "michelle wu lawn sign", "michelle wu events", "michelle wu policies"], "andrea campbell housing": ["andrea campbell husband", "andrea campbell obituary", "andrea campbell endorsements", "andrea campbell fellowship", "andrea campbell boston public schools", "andrea campbell events", "andrea campbell covid", "andrea campbell platform"], "dana depelteau housing": ["dana depelteau black lives matter", "dana depelteau twitter", "dana depelteau tweets", "calla walsh parents", "calla walsh wikipedia", "dana depelteau for mayor", "boston mayoral polls", "calla walsh winsor school"], "annissa essaibi george housing": ["annissa essaibi george commercial", "annissa essaibi george staff", "annissa essaibi george campaign website", "annissa essaibi george endorsements", "where does annissa essaibi george live", "annissa essaibi george father", "annissa essaibi george parents", "annissa essaibi george family"], "jon santiago housing": ["jon santiago wife", "jon santiago endorsements", "john barros", "jon santiago wife alexandra", "jon santiago campaign manager", "jon santiago mayor", "jon santiago photographer", "jon santiago facebook"], "kim janey housing": ["kim janey campaign website", "kim janey campaign headquarters", "kim janey for mayor campaign", "who is kim janey husband", "kim janey kimesha", "kim janey partner", "kim janey parents nationality", "where does kim janey live"], "michael bianchi housing": ["michael bianchi", "michael bianchi llc", "michael bianchi architect"], "john barros housing": ["john barros wife", "john barros family", "john barros for mayor", "john barros political party", "john barros wiki", "john barros age", "john barros bc high", "john barros, boston"], "michael bianchi partner": [], "dana depelteau police": ["dana depelteau black lives matter", "dana depelteau boston", "dana depelteau twitter", "calla walsh parents", "dana depelteau tweets", "calla walsh wikipedia", "dana depelteau mayor", "calla walsh winsor school"]}