{"boston mayoral election": ["michelle wu", "kim janey", "michelle wu boston husband", "boston city council at-large", "annissa essaibi george", "conor pewarski", "michelle wu political party", "boston mayoral election results twitter", "boston mayoral candidates"], "boston mayor candidates": ["boston mayoral candidates platforms", "boston mayoral candidates party affiliation", "boston mayoral candidates on the issues", "boston mayoral candidates essaibi george", "boston mayoral candidates comparison", "boston mayoral debate", "michelle wu, boston mayor", "annissa essaibi george", "boston mayoral polls"], "michelle wu": ["michelle wu boston husband", "michelle wu polls", "michelle wu salary", "where does michelle wu live", "is michelle wu related to janet wu", "michelle wu political party", "michelle wu endorsements", "michelle wu campaign staff", "michelle wu husband"], "andrea campbell": ["andrea campbell wikipedia", "andrea campbell bio", "who is andrea campbell husband", "andrea campbell father", "andrea campbell brother", "andrea campbell family", "andrea campbell twin brother", "andrea campbell parents", "andrea campbell husband"], "dana depelteau": ["dana depelteau black lives matter", "michelle wu", "dana depelteau twitter", "dana depelteau tweets", "calla walsh", "calla walsh parents", "markeyverse"], "annissa essaibi george": ["annissa essaibi george net worth", "annissa essaibi george bio", "annissa essaibi george parents", "annissa essaibi george ethnicity", "annissa essaibi george twitter", "annissa essaibi george website", "annissa essaibi george commercial", "annissa essaibi george endorsements", "annissa essaibi george husband"], "jon santiago": ["jon santiago photographer", "jon santiago instagram", "jon santiago wife", "jon santiago campaign", "jon santiago age", "jon santiago mayor", "john barros", "jon santiago, md", "boston globe"], "kim janey": ["kim janey political views", "who is kim janey husband", "kim janey wikipedia", "kim janey campaign", "kim janey net worth", "kim janey campaign website", "kim janey policies", "kim janey partner", "kim janey husband"], "michael bianchi": ["michael bianchi boston", "michael bianchi actor", "michael bianchi obituary", "michael bianchi boston city council", "michael bianchi boston mayor", "michael bianchi district 9", "michael bianchi brighton ma", "liz breadon", "Liz Breadon Homeopathy", "eric porter boston city council"], "john barros": ["john barros wikipedia", "john barros political party", "john barros restaurant", "john barros boston wikipedia", "john barros wife", "john barros mayor", "john barros family", "john barros bio", "boston mayor"], "michelle wu boston": ["michelle wu boston husband", "michelle wu boston college", "michelle wu, boston globe", "where does michelle wu live", "michelle wu salary", "michelle wu political party", "michelle wu endorsements", "michelle wu policies", "andrea campbell boston"], "dana depelteau boston": ["dana depelteau twitter", "dana depelteau black lives matter", "dana depelteau tweets", "calla walsh", "calla walsh parents", "michelle wu", "markeyverse"], "annissa essaibi george boston": ["annissa essaibi george net worth", "annissa essaibi george boston globe", "annissa essaibi george bio", "annissa essaibi george website", "annissa essaibi george parents", "annissa essaibi george ethnicity", "annissa essaibi george father", "annissa essaibi george staff"], "jon santiago boston": ["jon santiago boston globe", "jon santiago wife", "jon santiago campaign", "jon santiago campaign manager", "jon santiago twitter", "jon santiago endorsements", "jon santiago wife alexandra", "jon santiago facebook"], "kim janey boston": ["kim janey campaign website", "kim janey age", "kim janey campaign headquarters", "kim janey political views", "kim janey partner", "kim janey net worth", "kim janey twitter", "kim janey campaign manager", "kim janey husband"], "michael bianchi boston": ["michael bianchi boston mayor", "michael bianchi boston city council", "michael bianchi brighton ma", "eric porter boston", "liz breadon", "michael bianchi district 9", "eric porter boston city council", "michael bianchi for city council"], "john barros boston": ["john barros boston wikipedia", "john barros boston wife", "john barros boston mayor", "john barros boston restaurant", "john barros boston political party", "john barros wife", "john barros boston globe", "john barros wiki", "Annissa Essaibi George", "andrea campbell boston"], "michelle wu mayoral election": ["boston mayoral election results", "conor pewarski", "michelle wu husband", "boston mayoral race", "annissa essaibi george", "mayor election 2021 results", "boston globe michelle wu", "michelle wu socialist"], "andrea campbell mayoral election": ["who is andrea campbell husband", "andrea campbell bio", "andrea campbell family", "andrea campbell husband matthew", "andrea campbell brother", "andrea campbell twin brother", "andrea campbell wikipedia", "andrea campbell father"], "dana depelteau mayoral election": ["boston mayoral candidates 2021", "boston mayoral election 2020", "dana depelteau twitter", "boston mayoral election results", "boston mayoral candidates party affiliation", "boston mayoral primary election", "boston mayoral election 2021 polls", "boston mayoral candidates on the issues"], "annissa essaibi george mayoral election": ["michelle wu", "boston mayoral election results", "michelle wu political party", "michelle wu vs annissa essaibi george polls", "michelle wu vs annissa essaibi george reddit", "kim janey"], "jon santiago mayoral election": ["jon santiago wife", "jon santiago endorsements", "jon santiago, md", "rep jon santiago"], "kim janey mayoral election": ["kim janey political views", "mayor of boston election 2021", "mayor of boston 2020", "kim janey net worth", "kim janey partner", "boston mayor kim janey husband", "who is the mayor of boston", "is mayor kim janey married"], "michael bianchi mayoral election": ["liz breadon", "michael bianchi boston city council", "michael bianchi brighton ma", "michael bianchi district 9", "eric porter boston city council", "boston city council elections 2021", "michael bianchi for city council"], "john barros mayoral election": ["john barros political party", "john barros for mayor", "john barros wife", "john barros boston wikipedia", "john barros boston wife", "john barros wiki", "john barros age", "annissa essaibi george"], "michelle wu for mayor": ["michelle wu boston husband", "michelle wu political party", "where does michelle wu live", "michelle wu salary", "michelle wu polls", "michelle wu campaign staff", "michelle wu twitter", "michelle wu endorsements", "Michelle Wu"], "andrea campbell for mayor": ["andrea campbell family", "andrea campbell father", "andrea campbell brother", "who is andrea campbell husband", "andrea campbell parents", "andrea campbell wikipedia", "andrea campbell bio", "andrea campbell twin brother"], "dana depelteau for mayor": ["dana depelteau twitter", "dana depelteau black lives matter", "dana depelteau tweets", "calla walsh parents", "michelle wu", "markeyverse"], "annissa essaibi george for mayor": ["annissa essaibi george net worth", "annissa essaibi george father", "annissa essaibi george ethnicity", "annissa essaibi george campaign website", "annissa essaibi george bio", "annissa essaibi george staff", "annissa essaibi george endorsements", "annissa essaibi george campaign manager"], "jon santiago for mayor": ["jon santiago wife", "jon santiago campaign", "jon santiago campaign manager", "jon santiago photographer", "jon santiago twitter", "jon santiago endorsements", "jon santiago wife alexandra", "jon santiago, md"], "kim janey for mayor": ["kim janey campaign website", "mayor kim janey husband", "kim janey political views", "kim janey campaign manager", "kim janey campaign headquarters", "kim janey partner", "kim janey staff", "kim janey net worth", "michelle wu mayor"], "michael bianchi for mayor": ["michael bianchi for city council", "liz breadon", "eric porter boston city council", "bianchi road bike"], "john barros for mayor": ["john barros for mayor website", "john barros wife", "john barros political party", "john barros wikipedia", "john barros family", "john barros bio", "john barros boston wikipedia", "john barros boston wife"], "michelle wu partner": ["michelle wu boston husband", "michelle wu family", "is michelle wu related to janet wu", "is michelle wu married", "where does michelle wu live", "michelle wu salary", "michelle wu wikipedia", "michelle wu political party"], "andrea campbell partner": ["andrea campbell family", "andrea campbell father", "andrea campbell bio", "andrea campbell brother andre", "andrea campbell twin brother", "andrea campbell wikipedia", "what does andrea campbell's husband do", "andrea campbell obituary"], "dana depelteau partner": ["dana depelteau twitter", "dana depelteau tweets", "calla walsh"], "annissa essaibi george partner": ["annissa essaibi george net worth", "annissa essaibi george father", "annissa essaibi george ethnicity", "annissa essaibi george parents", "annissa essaibi george siblings", "annissa essaibi george mother", "annissa essaibi george age", "annissa essaibi george staff"], "jon santiago partner": ["jon santiago wife", "jon santiago wife alexandra", "jon santiago boston", "jon santiago instagram", "jon santiago, md", "jon santiago endorsements", "jon santiago boston globe"], "kim janey partner": ["who is kim janey husband", "is mayor kim janey married", "kim janey parents nationality", "kim janey for mayor", "kim janey net worth", "kim janey political views", "kim janey wikipedia", "how old is kim janey daughter"], "michael bianchi partner": ["michael bianchi boston city council", "michael bianchi district 9", "eric porter boston city council", "michael bianchi brighton ma", "michael bianchi boston mayor"], "john barros partner": ["john barros wikipedia", "john barros political party", "john barros family", "john barros boston wikipedia", "john barros for mayor", "john barros bio", "tchintcia barros", "john barros age"], "michelle wu race": ["michelle wu boston husband", "michelle wu siblings", "michelle wu salary", "boston mayoral race", "michelle wu political party", "michelle wu endorsements", "where does michelle wu live", "michelle wu polls"], "andrea campbell race": ["andrea campbell parents", "andrea campbell father", "who is andrea campbell husband", "andrea campbell family", "andrea campbell bio", "andrea campbell twin brother", "andrea campbell brother", "andrea campbell husband matthew"], "dana depelteau race": ["dana depelteau boston", "dana depelteau twitter", "boston mayoral candidates party affiliation", "boston mayoral race candidates 2021", "dana depelteau mayor", "calla walsh parents", "boston mayoral race primary", "dana depelteau tweets"], "annissa essaibi george race": ["annissa essaibi george parents", "annissa essaibi george father", "annissa essaibi george staff", "annissa essaibi george siblings", "annissa essaibi george bio", "annissa essaibi george triplets", "annissa essaibi george endorsements", "annissa essaibi george campaign website"], "jon santiago race": ["jon santiago campaign", "jon santiago wife", "jon santiago photographer", "jon santiago mayor", "jon santiago endorsements", "jon santiago campaign manager", "santiago mayer", "john barros"], "kim janey race": ["kim janey for mayor", "kim janey age", "who is kim janey husband", "kim janey partner", "kim janey campaign", "kim janey political views", "kim janey family", "is kim janey married"], "michael bianchi race": ["michael bianchi boston city council", "liz breadon", "michael bianchi brighton ma", "eric porter boston city council", "michael bianchi district 9", "michael bianchi for city council", "michael bianchi boston mayor", "bianchi road bike"], "john barros race": ["john barros wife", "john barros political party", "john barros for mayor", "john barros boston wikipedia", "john barros boston wife", "john barros wiki", "tchintcia barros", "andrea campbell"], "michelle wu endorsement": ["andrea campbell endorsements", "michelle wu salary", "michelle wu husband", "michelle wu policies", "where does michelle wu live", "michelle wu polls", "michelle wu political party", "michelle wu campaign"], "andrea campbell endorsement": ["andrea campbell husband", "andrea campbell fellowship", "andrea campbell father", "andrea campbell campaign manager", "andrea campbell housing", "andrea campbell progressive", "andrea campbell campaign jobs", "andrea campbell events"], "dana depelteau endorsement": ["dana depelteau twitter", "boston mayoral candidates 2021", "dana depelteau boston", "dana depelteau tweets", "boston mayoral election 2020", "dana depelteau mayor", "boston mayoral candidates on the issues", "boston mayoral candidates party affiliation"], "annissa essaibi george endorsement": ["annissa essaibi george net worth", "annissa essaibi george campaign ad", "annissa essaibi george house", "annissa essaibi george mass and cass", "annissa essaibi george tiktok"], "jon santiago endorsement": ["jon santiago endorsements"], "kim janey endorsement": ["kim janey election", "kim janey staff", "kim janey heart agenda", "kim janey campaign manager", "kim janey transition website", "kim janey campaign headquarters", "kim janey metco", "kim janey education"], "michael bianchi endorsement": ["michael bianchi boston city council", "michael bianchi for city council", "liz breadon", "eric porter boston city council", "michael bianchi brighton ma", "michael bianchi boston mayor"], "john barros endorsement": ["john barros boston political party", "john barros for mayor", "john barros wife", "john barros boston wife", "john barros wiki", "tchintcia barros", "annissa essaibi george"], "michelle wu COVID": ["michelle wu covid", "michelle wu covid plan", "michelle wu covid vaccine", "michelle wu covid stance", "winners during covid"], "andrea campbell COVID": ["andrea campbell covid"], "dana depelteau COVID": ["dana depelteau twitter", "dana depelteau black lives matter", "dana depelteau tweets", "dana depelteau for mayor", "calla walsh"], "annissa essaibi george COVID": ["annissa essaibi george covid"], "jon santiago COVID": ["jon santiago"], "kim janey COVID": [], "michael bianchi COVID": [], "john barros COVID": ["john barros covid"], "michelle wu transportation": ["michelle wu signature collection", "michelle wu free the t", "michelle wu housing", "michelle wu accomplishments", "who is michelle wu husband", "michelle wu construction", "michelle wu election", "michelle wu zoning"], "andrea campbell transportation": ["andrea campbell campaign manager", "andrea campbell husband", "andrea campbell campaign jobs", "andrea campbell home address", "andrea campbell events", "andrea campbell boston public schools", "andrea campbell father", "andrea campbell housing"], "dana depelteau transportation": ["dana depelteau twitter", "dana depelteau boston", "calla walsh parents", "calla walsh winsor school", "calla walsh twitter", "markeyverse", "michelle wu"], "annissa essaibi george transportation": ["annissa essaibi george staff", "annissa essaibi george bio", "annissa essaibi george father", "annissa essaibi george mayor", "annissa essaibi george commercial", "annissa essaibi george ethnicity", "annissa essaibi george website", "annissa essaibi george parents"], "jon santiago transportation": ["jon santiago campaign manager", "jon santiago wife", "jon santiago endorsements", "jon santiago wife alexandra", "jon santiago, md", "jon santiago boston", "jon santiago twitter", "jon santiago boston globe"], "kim janey transportation": ["kim janey family", "kim janey city council", "kim janey mayor", "kim janey policies"], "michael bianchi transportation": ["michael bianchi llc", "michael bianchi linkedin", "michael bianchi", "michael bianchi boston"], "john barros transportation": ["john barros campaign", "john barros", "john barros mayor", "john barros massachusetts", "john barros boston"], "michelle wu MBTA": ["who is michelle wu husband", "michelle wu signature collection", "michelle wu transportation", "michelle wu election", "michelle wu accomplishments", "michelle wu housing", "michelle wu endorsement", "michelle wu child care"], "andrea campbell MBTA": ["andrea campbell bio", "andrea campbell husband", "andrea campbell brother andre", "andrea campbell obituary", "andrea campbell family", "andre campbell", "andrea campbell twin brother", "andrea campbell father"], "dana depelteau MBTA": ["dana depelteau twitter", "dana depelteau black lives matter", "dana depelteau tweets", "calla walsh"], "annissa essaibi george MBTA": ["annissa essaibi george boston", "annissa essaibi george father", "annissa essaibi george twitter", "annissa essaibi george commercial", "annissa essaibi george boston globe", "annissa essaibi george bio", "annissa essaibi george website", "annissa essaibi george ethnicity"], "jon santiago MBTA": ["jon santiago wife", "jon santiago wife alexandra", "jon santiago boston", "jon santiago endorsements", "jon santiago campaign", "jon santiago photographer", "jon santiago twitter", "jon santiago age"], "kim janey MBTA": ["who is kim janey husband", "kim janey age", "kim janey political views", "kim janey campaign website", "kim janey partner", "kim janey father", "is kim janey married", "kim janey wikipedia"], "michael bianchi MBTA": ["michael bianchi boston", "michael bianchi boston city council", "liz breadon", "michael bianchi district 9", "eric porter boston city council", "michael bianchi brighton ma", "liz breadon boston city council", "michael bianchi for city council"], "john barros MBTA": ["john barros wife", "john barros boston wife", "john barros for mayor", "john barros boston wikipedia", "john barros political party", "john barros city of boston", "john barros wiki", "john barros age"], "michelle wu Education": ["michelle wu education plan", "who is michelle wu husband", "michelle wu salary", "is michelle wu married", "is michelle wu related to janet wu", "michelle wu political party", "where does michelle wu live", "michelle wu policies"], "andrea campbell Education": ["who is andrea campbell husband", "andrea campbell family", "andrea campbell bio", "andrea campbell father", "andrea campbell brother andre", "andrea campbell wikipedia", "andrea campbell parents", "andrea campbell twin brother"], "dana depelteau Education": ["dana depelteau black lives matter", "dana depelteau twitter", "dana depelteau tweets", "calla walsh"], "annissa essaibi george Education": ["annissa essaibi george net worth", "annissa essaibi george bio", "annissa essaibi george staff", "annissa essaibi george nationality", "annissa essaibi george siblings", "annissa essaibi george parents", "annissa essaibi george family", "annissa essaibi george website"], "jon santiago Education": ["jon santiago photographer", "jon santiago wife alexandra", "jon santiago campaign manager", "jon santiago for mayor", "john barros", "jon santiago, md", "jon santiago endorsements", "jon santiago facebook"], "kim janey Education": ["kim janey for mayor", "kim janey age", "who is kim janey husband", "kim janey campaign website", "kim janey net worth", "kim janey political views", "did kim janey graduate from smith college", "kim janey family"], "michael bianchi Education": ["michael bianchi boston city council", "michael bianchi district 9", "michael bianchi brighton ma", "eric porter boston city council"], "john barros Education": ["john barros political party", "john barros for mayor", "john barros wife", "john barros wikipedia", "john barros age", "john barros boston wikipedia", "john barros boston wife", "john barros high school"], "michelle wu LGBT": [], "andrea campbell LGBT": ["andrea campbell husband", "andrea campbell endorsement", "andrea campbell housing", "andrea campbell ma", "andrea campbell events", "andrea campbell campaign manager", "andrea campbell fellowship", "andrea campbell boston"], "dana depelteau LGBT": ["when was lgbtq created", "lgbtq day", "lgbtq sexualities", "lgbt symbols"], "annissa essaibi george LGBT": [], "jon santiago LGBT": [], "john barros LGBT": [], "michelle wu background": ["michelle wu salary", "michelle wu boston husband", "is michelle wu related to janet wu", "where does michelle wu live", "michelle wu political party", "is michelle wu married", "michelle wu policies", "michelle wu endorsements"], "andrea campbell background": ["andrea campbell family", "andrea campbell father", "andrea campbell brother", "andrea campbell wikipedia", "who is andrea campbell husband", "andrea campbell parents", "andrea campbell twin brother", "andrea campbell age"], "dana depelteau background": ["dana depelteau black lives matter", "dana depelteau twitter", "dana depelteau tweets", "michelle wu", "calla walsh parents", "markeyverse"], "annissa essaibi george background": ["annissa essaibi george father", "annissa essaibi george net worth", "annissa essaibi george siblings", "annissa essaibi george staff", "annissa essaibi george mayor", "annissa essaibi george campaign website", "annissa essaibi george campaign manager", "annissa essaibi george mother"], "jon santiago background": ["john barros", "jon santiago mayor", "jon santiago campaign manager", "jon santiago endorsements", "jon santiago, md", "jon santiago wife alexandra", "jon santiago photographer", "jon santiago twitter"], "kim janey background": ["who is kim janey husband", "kim janey for mayor", "kim janey campaign website", "kim janey age", "kim janey family", "kim janey campaign manager", "kim janey policies", "kim janey parents nationality"], "michael bianchi background": ["michael bianchini nomura", "michael bianchi malta", "michael bianchi maine", "michael bianchi actor"], "john barros background": ["john barros political party", "john barros party", "tchintcia barros", "andrea campbell", "kim janey", "john barros high school", "john barros city of boston", "john barros restaurant"], "michelle wu net worth": ["conor pewarski net worth", "michelle wu husband", "annissa essaibi george net worth", "michelle wu family", "where does michelle wu live", "is michelle wu married", "michelle wu political party", "is michelle wu related to janet wu"], "andrea campbell net worth": [], "dana depelteau net worth": ["dana depelteau black lives matter", "dana depelteau twitter", "dana depelteau tweets", "boston mayoral candidates 2021", "boston mayoral election 2020", "boston city council candidates 2021", "dana depelteau for mayor", "boston mayoral primary"], "annissa essaibi george net worth": ["annissa essaibi george net worth"], "jon santiago net worth": ["jon santiago wife", "jon santiago wife alexandra", "jon santiago endorsements", "jon santiago campaign manager", "john barros", "jon santiago mayor", "jon santiago facebook", "jon santiago twitter"], "kim janey net worth": ["who is kim janey husband", "kim janey parents nationality", "kim janey age", "is kim janey married", "kim janey partner", "kim janey for mayor", "kim janey family", "how old is kim janey daughter"], "michael bianchi net worth": ["michael bianchi llc", "michael bianchi actor", "michael bianchi"], "john barros net worth": ["john barros family", "john barros age"], "michelle wu crime": ["who is michelle wu husband", "michelle wu housing", "michelle wu opioid", "michelle wu transportation", "michelle wu endorsement", "michelle wu election", "michelle wu events", "michelle wu child care"], "andrea campbell crime": ["who is andrea campbell husband", "andrea campbell twin brother", "andrea campbell bio", "andrea campbell family", "andrea campbell brother andre", "andrea campbell age", "andrea campbell wikipedia", "andrea campbell obituary"], "dana depelteau crime": ["dana depelteau black lives matter", "dana depelteau twitter", "dana depelteau boston", "dana depelteau mayor", "dana depelteau tweets", "calla walsh"], "annissa essaibi george crime": ["conor pewarski", "michelle wu vs annissa essaibi george reddit"], "jon santiago crime": ["jon santiago"], "kim janey crime": ["kim janey news", "kim janey", "kim janey city council", "kim janey campaign"], "michael bianchi crime": ["michael bianchi", "michael bianchi llc"], "john barros crime": ["john barros mayor", "john barros campaign", "john barros boston", "john barros", "john barros massachusetts"], "michelle wu police": ["michelle wu election", "who is michelle wu husband", "michelle wu housing", "michelle wu mayor husband", "michelle wu endorsement", "michelle wu policies", "michelle wu accomplishments", "michelle wu child care"], "andrea campbell police": ["andrea campbell husband", "andrea campbell brother", "andrea campbell events", "andrea campbell father", "andrea campbell endorsements", "andrea campbell fellowship", "andrea campbell housing", "andrea campbell covid"], "dana depelteau police": ["dana depelteau black lives matter", "dana depelteau twitter", "dana depelteau boston", "dana depelteau tweets", "calla walsh parents", "dana depelteau mayor", "calla walsh winsor school", "calla walsh twitter"], "annissa essaibi george police": ["annissa essaibi george net worth", "annissa essaibi george development", "annissa essaibi george campaign ad", "annissa essaibi george house", "annissa essaibi george tiktok", "michelle wu vs annissa essaibi george reddit"], "jon santiago police": ["jon santiago wife", "jon santiago wife alexandra", "jon santiago campaign", "jon santiago endorsements", "jon santiago mayor", "jon santiago campaign manager", "jon santiago, md", "jon santiago age"], "kim janey police": [], "michael bianchi police": ["michael bianchi boston", "michael bianchi boston city council", "michael bianchi district 9", "liz breadon", "michael bianchi brighton ma", "eric porter boston city council", "michael bianchi for city council", "michael bianchi boston mayor"], "john barros police": ["john barros campaign", "john barros mayor", "john barros"], "michelle wu housing": ["where does michelle wu live", "michelle wu husband", "michelle wu house", "michelle wu, boston globe", "michelle wu transportation", "michelle wu - real estate", "michelle wu commercial", "michelle wu zoning"], "andrea campbell housing": ["andrea campbell husband", "andrea campbell endorsements", "andrea campbell fellowship", "andrea campbell boston public schools", "andrea campbell events", "andrea campbell progressive", "andrea campbell home address", "andrea campbell covid"], "dana depelteau housing": ["dana depelteau twitter", "dana depelteau tweets", "calla walsh", "calla walsh parents", "michelle wu"], "annissa essaibi george housing": ["annissa essaibi george net worth", "annissa essaibi george bio", "annissa essaibi george commercial", "annissa essaibi george ethnicity", "annissa essaibi george staff", "annissa essaibi george campaign website", "where does annissa essaibi george live", "annissa essaibi george father"], "jon santiago housing": ["jon santiago wife", "jon santiago wife alexandra", "jon santiago mayor", "john barros", "jon santiago endorsements", "jon santiago, md", "jon santiago campaign manager", "jon santiago photographer"], "kim janey housing": ["kim janey campaign headquarters", "kim janey campaign website", "kim janey election", "kim janey campaign manager", "kim janey partner", "kim janey transition website", "who is kim janey husband", "kim janey parents nationality"], "michael bianchi housing": ["michael bianchi boston", "michael bianchi boston city council", "liz breadon", "michael bianchi brighton ma", "eric porter boston city council", "michael bianchi for city council", "michael bianchi boston mayor"], "john barros housing": ["john barros wife", "john barros for mayor", "john barros boston wife", "john barros political party", "john barros boston wikipedia", "john barros facebook"], "andrea campbell boston": ["andrea campbell boston husband", "andrea campbell boston brother", "andrea campbell boston father", "andrea campbell father", "andrea campbell twin brother", "andrea campbell family", "andrea campbell bio", "andrea campbell boston mayor", "boston mayor"], "kim janey LGBT": ["when was lgbtq created", "lgbtq day", "what does q mean in lgbtq"], "michael bianchi LGBT": ["michael bianchi boston", "michael bianchi"]}