{"andrea campbell background": ["andrea campbell father", "andrea campbell twin brother", "andrea campbell brother", "andrea campbell age", "andrea campbell family", "andrea campbell parents", "who is andrea campbell husband", "andrea campbell wiki"], "andrea campbell boston": ["andrea campbell boston husband", "andrea campbell boston brother", "andrea campbell boston twin brother", "andrea campbell husband matthew", "andrea campbell boston father", "andrea campbell boston mayor", "andrea campbell family", "andrea campbell father"], "andrea campbell COVID": ["boston city councilor andrea campbell brother"], "andrea campbell crime": ["who is andrea campbell husband", "andrea campbell twin brother", "andrea campbell bio", "andrea campbell family", "andrea campbell brother", "andrea campbell father", "andrea campbell age", "andrea campbell husband matthew"], "andrea campbell Education": ["andrea campbell brother", "andrea campbell bio", "andrea campbell family", "andrea campbell father", "andrea campbell twin brother", "andrea campbell husband matthew", "andrea campbell education plan", "andrea campbell parents"], "andrea campbell endorsement": ["andrea campbell husband", "andrea campbell fellowship", "michelle wu endorsements", "andrea campbell campaign jobs", "andrea campbell progressive", "andrea campbell home address", "andrea campbell campaign manager", "andrea campbell brother"], "andrea campbell for mayor": ["andrea campbell father", "andrea campbell bio", "andrea campbell campaign manager", "andrea campbell family", "andrea campbell twin brother", "andrea campbell brother", "matthew scheier andrea campbell", "andrea campbell grandfather"], "andrea campbell housing": ["andrea campbell husband", "andrea campbell endorsements", "andrea campbell fellowship", "andrea campbell boston public schools", "andrea campbell events", "andrea campbell progressive", "andrea campbell home address", "andrea campbell covid"], "andrea campbell LGBT": ["when was lgbtq created", "lgbtq day", "lgbtq sexualities", "lgbt symbols"], "andrea campbell mayoral election": ["who is andrea campbell husband", "andrea campbell campaign manager", "andrea campbell brother", "andrea campbell family", "andrea campbell twin brother", "andrea campbell parents", "andrea campbell husband matthew", "andrea campbell grandfather"], "andrea campbell MBTA": ["andrea campbell husband", "andrea campbell brother", "andrea campbell obituary", "andrea campbell family", "andre campbell obituary", "andrea campbell twin brother", "andrea campbell age", "andrea campbell boston globe"], "andrea campbell net worth": ["boston city councilor andrea campbell brother", "andrea campbell campaign jobs"], "andrea campbell partner": ["andrea campbell family", "andrea campbell father", "andrea campbell brother", "andrea campbell bio", "andrea campbell parents", "andrea campbell boston husband", "andrea campbell interview", "andrea campbell wikipedia"], "andrea campbell police": false, "andrea campbell race": ["andrea campbell parents", "andrea campbell father", "who is andrea campbell husband", "andrea campbell family", "andrea campbell twin brother", "andrea campbell bio", "andrea campbell brother", "andrea campbell husband matthew"], "andrea campbell transportation": ["andrea campbell campaign manager", "andrea campbell campaign jobs", "andrea campbell husband", "andrea campbell brother", "andrea campbell home address", "andrea campbell events", "andrea campbell housing", "andrea campbell endorsements"], "andrea campbell": ["who is andrea campbell husband", "andrea campbell brother", "matthew scheier andrea campbell", "andrea campbell twin brother", "andrea campbell wikipedia", "andrea campbell family", "andrea campbell parents", "andrea campbell bio"], "annissa essaibi george background": ["annissa essaibi george net worth", "annissa essaibi george parents", "annissa essaibi george siblings", "annissa essaibi george father", "where does annissa essaibi george live", "annissa essaibi george family", "essaibi george husband", "annissa essaibi george twitter"], "annissa essaibi george boston": ["annissa essaibi george bio", "annissa essaibi george net worth", "where does annissa essaibi george live", "annissa essaibi george father", "annissa essaibi george boston globe", "annissa essaibi george parents", "annissa essaibi george ethnicity", "annissa essaibi george website"], "annissa essaibi george COVID": false, "annissa essaibi george crime": false, "annissa essaibi george Education": ["annissa essaibi george net worth", "annissa essaibi george parents", "annissa essaibi george bio", "annissa essaibi george nationality", "annissa essaibi george siblings", "annissa essaibi george family", "annissa essaibi george father", "annissa essaibi george facebook"], "annissa essaibi george endorsement": ["annissa essaibi george staff", "annissa essaibi george net worth", "annissa essaibi george father", "annissa essaibi george political party", "annissa essaibi george campaign website", "michelle wu endorsements", "annissa essaibi george campaign ad", "annissa essaibi george family"], "annissa essaibi george for mayor": ["annissa essaibi george campaign website", "annissa essaibi george ethnicity", "annissa essaibi george father", "annissa essaibi george family", "annissa essaibi george net worth", "annissa essaibi george bio", "annissa essaibi george campaign manager", "essaibi george husband"], "annissa essaibi george housing": false, "annissa essaibi george LGBT": ["when was lgbtq created"], "annissa essaibi george mayoral election": ["annissa essaibi george staff", "annissa essaibi george political party", "annissa essaibi george campaign website", "annissa essaibi george ethnicity", "annissa essaibi george father", "annissa essaibi george endorsements", "annissa essaibi george political views", "annissa essaibi george net worth"], "annissa essaibi george MBTA": ["annissa essaibi george net worth", "annissa essaibi george father", "annissa essaibi george twitter", "annissa essaibi george commercial", "annissa essaibi george boston globe", "annissa essaibi george ethnicity", "annissa essaibi george website", "annissa essaibi george bio"], "annissa essaibi george net worth": false, "annissa essaibi george partner": ["annissa essaibi george net worth", "annissa essaibi george father", "annissa essaibi george ethnicity", "annissa essaibi george parents", "annissa essaibi george siblings", "annissa essaibi george mother", "annissa essaibi george age", "annissa essaibi george staff"], "annissa essaibi george police": ["annissa essaibi george net worth", "annissa essaibi george campaign ad", "annissa essaibi george house", "annissa essaibi george tiktok"], "annissa essaibi george race": ["annissa essaibi george parents", "annissa essaibi george father", "annissa essaibi george net worth", "annissa essaibi george bio", "annissa essaibi george facebook", "annissa essaibi george staff", "annissa essaibi george family", "annissa essaibi george campaign manager"], "annissa essaibi george transportation": ["annissa essaibi george net worth", "annissa essaibi george staff", "annissa essaibi george father", "annissa essaibi george commercial", "annissa essaibi george mayor", "annissa essaibi george ethnicity", "annissa essaibi george website", "annissa essaibi george parents"], "annissa essaibi george": ["annissa essaibi george net worth", "annissa essaibi george ethnicity", "annissa essaibi george parents", "annissa essaibi george father", "annissa essaibi george bio", "annissa essaibi george twitter", "annissa essaibi george family", "annissa essaibi george siblings"], "boston mayor candidates": ["boston mayoral candidates platforms", "boston mayoral candidates quiz", "boston mayoral primary results", "boston mayoral candidates party affiliation", "boston mayoral election polls", "boston mayoral candidates on the issues", "boston mayoral debate", "differences between boston mayoral candidates"], "boston mayoral election": ["boston mayoral election results", "boston mayoral election polls", "boston mayoral election results 2021", "boston mayoral election 2021 polls", "2017 boston mayoral election", "boston mayoral candidates party affiliation", "boston mayoral candidates on the issues", "boston mayoral debate"], "dana depelteau background": ["dana depelteau black lives matter", "dana depelteau twitter", "dana depelteau tweets", "michelle wu", "calla walsh", "calla walsh wikipedia"], "dana depelteau boston": ["dana depelteau black lives matter", "dana depelteau for mayor", "dana depelteau twitter", "dana depelteau tweets", "calla walsh"], "dana depelteau COVID": ["dana depelteau twitter", "dana depelteau black lives matter", "dana depelteau tweets", "dana depelteau for mayor", "calla walsh"], "dana depelteau crime": ["dana depelteau black lives matter", "dana depelteau twitter", "dana depelteau boston", "dana depelteau mayor", "dana depelteau tweets", "calla walsh"], "dana depelteau Education": ["dana depelteau black lives matter", "dana depelteau twitter", "dana depelteau tweets", "calla walsh"], "dana depelteau endorsement": ["boston city council candidates 2021", "when is boston mayoral election 2021", "boston mayoral debate 2021", "boston mayoral candidates on the issues", "boston mayoral poll 2021", "boston mayoral race candidates 2021", "boston mayoral candidates party affiliation", "boston mayoral primary results"], "dana depelteau for mayor": ["dana depelteau black lives matter", "dana depelteau twitter", "dana depelteau tweets", "calla walsh parents", "michelle wu"], "dana depelteau housing": ["dana depelteau twitter", "dana depelteau tweets", "calla walsh", "calla walsh parents", "michelle wu"], "dana depelteau LGBT": ["when was lgbtq created", "lgbtq day", "lgbtq sexualities", "lgbtq meaning of each letter"], "dana depelteau mayoral election": ["boston mayoral candidates 2021", "boston mayoral election 2020", "dana depelteau twitter", "boston mayoral election results", "boston mayoral candidates party affiliation", "boston mayoral primary election", "dana depelteau for mayor", "boston mayoral election 2021 polls"], "dana depelteau MBTA": ["dana depelteau twitter", "dana depelteau black lives matter", "dana depelteau tweets", "calla walsh"], "dana depelteau net worth": ["dana depelteau black lives matter", "dana depelteau twitter", "dana depelteau tweets", "dana depelteau for mayor", "calla walsh"], "dana depelteau partner": ["dana depelteau twitter", "dana depelteau tweets", "calla walsh"], "dana depelteau police": ["dana depelteau black lives matter", "dana depelteau twitter", "dana depelteau boston", "calla walsh parents", "dana depelteau tweets", "calla walsh wikipedia", "dana depelteau mayor", "michelle wu"], "dana depelteau race": ["dana depelteau boston", "dana depelteau twitter", "boston mayoral candidates party affiliation", "boston mayoral race candidates 2021", "dana depelteau mayor", "calla walsh wikipedia", "calla walsh parents", "boston mayoral race primary"], "dana depelteau transportation": ["calla walsh wikipedia", "calla walsh parents", "dana depelteau boston", "michelle wu", "markeyverse"], "dana depelteau": ["dana depelteau black lives matter", "dana depelteau twitter", "dana depelteau tweets", "calla walsh parents", "michelle wu", "calla walsh"], "john barros background": ["john barros campaign manager", "john barros twitter", "john barros city of boston", "john barros restaurant", "john barros boston restaurant", "michelle wu", "kim janey", "andrea campbell"], "john barros boston": ["john barros boston wikipedia", "john barros boston wife", "john barros wife", "john barros boston restaurant", "john barros boston political party", "john barros boston mayor", "john barros boston globe", "andrea campbell boston"], "john barros COVID": false, "john barros crime": false, "john barros Education": ["john barros political party", "john barros for mayor", "john barros age", "john barros wife", "john barros boston wikipedia", "john barros wiki", "john barros boston wife", "john barros high school"], "john barros endorsement": ["john barros wife", "john barros boston political party", "john barros boston wife", "john barros for mayor", "john barros campaign manager", "john barros wiki", "annissa essaibi george"], "john barros for mayor": ["john barros for mayor website", "john barros wife", "john barros political party", "john barros wiki", "john barros family", "john barros bio", "john barros campaign manager", "john barros boston wikipedia"], "john barros housing": ["john barros wife", "john barros bio", "john barros boston", "john barros facebook", "john barros age", "john barros instagram", "john barros campaign manager"], "john barros LGBT": ["when was lgbtq created", "lgbtq day", "lgbtq sexualities", "lgbtq meaning of each letter"], "john barros mayoral election": ["john barros for mayor", "john barros boston political party", "john barros boston wife", "john barros wife", "john barros bio", "john barros wiki", "john barros age", "john barros bc high"], "john barros MBTA": ["john barros wife", "john barros boston wife", "john barros for mayor", "john barros boston wikipedia", "john barros political party", "john barros age", "john barros bio", "john barros wiki"], "john barros net worth": ["john barros wife", "john barros wikipedia"], "john barros partner": ["john barros wife", "john barros political party", "john barros family", "john barros boston wikipedia", "john barros wiki", "john barros bio", "john barros for mayor", "john barros campaign manager"], "john barros police": false, "john barros race": ["john barros wife", "john barros political party", "john barros for mayor", "john barros boston wife", "john barros wiki", "andrea campbell", "annissa essaibi george", "tchintcia barros"], "john barros transportation": false, "john barros": ["john barros wikipedia", "john barros family", "john barros wife", "john barros political party", "john barros restaurant", "john barros mayor", "john barros instagram", "john barros bio"], "jon santiago background": ["john barros", "jon santiago mayor", "jon santiago campaign manager", "jon santiago endorsements", "jon santiago age", "jon santiago wife alexandra", "jon santiago photographer", "jon santiago, md"], "jon santiago boston": ["jon santiago wife", "jon santiago boston globe", "jon santiago age", "jon santiago facebook", "jon santiago twitter", "john barros boston", "jon santiago campaign manager", "jon santiago endorsements"], "jon santiago COVID": false, "jon santiago crime": ["santiago chile", "where is santiago"], "jon santiago Education": ["jon santiago photographer", "jon santiago wife", "jon santiago mayor", "john barros", "jon santiago wife alexandra", "jon santiago campaign manager", "jon santiago age", "jon santiago endorsements"], "jon santiago endorsement": false, "jon santiago for mayor": ["jon santiago wife", "jon santiago twitter", "jon santiago campaign manager", "john barros boston", "boston mayoral candidates", "jon santiago endorsements", "jon santiago photographer", "jon santiago age"], "jon santiago housing": ["jon santiago wife", "john barros", "jon santiago endorsements", "jon santiago wife alexandra", "jon santiago mayor", "jon santiago campaign manager", "jon santiago, md", "jon santiago age"], "jon santiago LGBT": ["when was lgbtq created", "lgbtq day", "lgbtq sexualities", "lgbt shows"], "jon santiago mayoral election": ["jon santiago wife", "jon santiago campaign manager", "jon santiago twitter", "jon santiago wife alexandra", "jon santiago endorsements", "jon santiago, md", "john barros boston", "santiago mayer"], "jon santiago MBTA": ["jon santiago wife", "jon santiago wife alexandra", "jon santiago age", "jon santiago endorsements", "jon santiago photographer", "jon santiago mayor", "jon santiago campaign manager", "jon santiago twitter"], "jon santiago net worth": ["jon santiago wife alexandra", "jon santiago endorsements", "jon santiago campaign manager", "john barros", "jon santiago photographer", "jon santiago twitter", "john barros boston", "michelle wu"], "jon santiago partner": ["jon santiago wife", "jon santiago wife alexandra", "jon santiago boston", "jon santiago instagram", "jon santiago endorsements", "jon santiago, md", "jon santiago boston globe"], "jon santiago police": ["jon santiago wife", "jon santiago wife alexandra", "jon santiago endorsements", "jon santiago mayor", "jon santiago campaign manager", "jon santiago age", "jon santiago photographer", "jon santiago twitter"], "jon santiago race": ["jon santiago wife", "jon santiago photographer", "jon santiago mayor", "jon santiago campaign", "jon santiago endorsements", "jon santiago campaign manager", "santiago mayer", "john barros"], "jon santiago transportation": ["jon santiago campaign manager", "jon santiago wife", "jon santiago endorsements", "jon santiago wife alexandra", "jon santiago, md", "jon santiago boston", "jon santiago boston globe", "jon santiago twitter"], "jon santiago": ["jon santiago wife", "jon santiago photographer", "jon santiago instagram", "jon santiago mayor", "jon santiago campaign", "john barros", "jon santiago twitter", "jon santiago facebook"], "kim janey background": ["who is kim janey husband", "kim janey partner", "kim janey wikipedia", "kim janey father", "kim janey policies", "kim janey parents nationality", "kim janey family", "kim janey campaign headquarters"], "kim janey boston": ["kim janey campaign headquarters", "kim janey partner", "kim janey family", "kim janey political views", "kim janey twitter", "kim janey campaign website", "is kim janey married", "how old is kim janey daughter"], "kim janey COVID": ["indoor mask mandate boston", "massachusetts indoor mask mandate", "massachusetts mask mandate 2021", "mask mandate cambridge, ma", "cdc covid cruise ships", "when will boston mask mandate end", "massachusetts mask mandate august 2021", "brookline mask mandate"], "kim janey crime": false, "kim janey Education": ["who is kim janey husband", "mayor janey", "kim janey net worth", "kim janey political views", "kim janey age", "did kim janey graduate from smith college", "kim janey partner", "kim janey parents nationality"], "kim janey endorsement": false, "kim janey for mayor": ["kim janey campaign website", "kim janey partner", "mayor kim janey husband", "kim janey campaign headquarters", "kim janey political views", "kim janey family", "kim janey net worth", "is kim janey married"], "kim janey housing": ["kim janey campaign website", "kim janey campaign headquarters", "kim janey family", "kim janey transition website", "kim janey partner", "kim janey for mayor", "kim janey age", "kim janey political views"], "kim janey LGBT": ["when was lgbtq created", "lgbtq day", "lgbtq sexualities", "lgbt symbols"], "kim janey mayoral election": false, "kim janey MBTA": ["who is kim janey husband", "kim janey age", "kim janey political views", "kim janey father", "kim janey campaign website", "kim janey partner", "is kim janey married", "kim janey policies"], "kim janey net worth": ["who is kim janey husband", "kim janey partner", "how old is kim janey daughter", "kim janey parents nationality", "kim janey wikipedia", "kim janey political views", "kim janey age", "did kim janey graduate from smith college"], "kim janey partner": ["who is kim janey husband", "is mayor kim janey married", "kim janey net worth", "kim janey parents nationality", "how old is kim janey daughter", "kim janey political views", "kim janey campaign website", "did kim janey graduate from smith college"], "kim janey police": false, "kim janey race": ["kim janey for mayor", "kim janey age", "who is kim janey husband", "kim janey partner", "kim janey campaign", "kim janey political views", "kim janey father", "kim janey family"], "kim janey transportation": ["kim janey campaign website", "kim janey for mayor", "kim janey campaign headquarters", "kim janey net worth", "kim janey age", "kim janey campaign manager", "kim janey family", "kim janey parents nationality"], "kim janey": ["kim janey political views", "who is kim janey husband", "mayor kim janey", "kim janey policies", "kim janey campaign headquarters", "kim janey net worth", "kim janey staff", "kim janey age"], "michael bianchi background": false, "michael bianchi boston": ["liz breadon", "eric porter boston", "liz breadon boston city council", "eric porter boston city council", "michael bianchi mayor"], "michael bianchi COVID": false, "michael bianchi crime": false, "michael bianchi Education": ["michael bianchi actor", "michael bianchi obituary", "michael bianchi boston"], "michael bianchi endorsement": false, "michael bianchi for mayor": ["liz breadon", "liz breadon boston city council", "eric porter boston city council", "bianchi road bike"], "michael bianchi housing": ["michael bianchi boston", "michael bianchi boston city council", "eric porter boston city council", "liz breadon boston city council"], "michael bianchi LGBT": ["when was lgbtq created", "lgbtq day", "lgbt symbols", "lgbtq sexualities"], "michael bianchi mayoral election": false, "michael bianchi MBTA": ["michael bianchi boston", "michael bianchi boston city council", "liz breadon", "eric porter boston city council", "liz breadon boston city council"], "michael bianchi net worth": false, "michael bianchi partner": false, "michael bianchi police": ["michael bianchi boston", "michael bianchi boston city council", "liz breadon", "eric porter boston city council", "michael bianchi brighton ma"], "michael bianchi race": ["michael bianchi mayor", "bianchi road bike"], "michael bianchi transportation": false, "michael bianchi": ["michael bianchi boston", "michael bianchi actor", "michael bianchi obituary", "michael bianchi boston city council", "liz breadon", "michael bianchi architect", "liz breadon boston city council", "eric porter boston city council"], "michelle wu background": ["michelle wu salary", "michelle wu parents", "michelle wu endorsements", "michelle wu family", "michelle wu mother", "michelle wu mayor", "michelle wu political party", "michelle wu campaign manager"], "michelle wu boston": ["michelle wu boston college", "michelle wu, boston globe", "michelle wu boston mayor age", "michelle wu family", "michelle wu endorsements", "michelle wu campaign staff", "michelle wu policies", "where does michelle wu live"], "michelle wu COVID": false, "michelle wu crime": ["michelle wu twitter", "who is michelle wu husband", "michelle wu signature collection", "michelle wu mother", "michelle wu mayor husband", "michelle wu events", "michelle wu housing", "michelle wu child care"], "michelle wu Education": ["michelle wu education plan", "michelle wu family", "michelle wu age", "michelle wu polls", "michelle wu campaign staff", "where does michelle wu live", "michelle wu siblings", "michelle wu endorsements"], "michelle wu endorsement": ["andrea campbell endorsements", "michelle wu twitter", "michelle wu family", "michelle wu policies", "michelle wu husband", "where does michelle wu live", "michelle wu campaign staff", "michelle wu boston husband"], "michelle wu for mayor": ["michelle wu family", "michelle wu instagram", "michelle wu boston husband", "michelle wu platform", "michelle wu political party", "michelle wu siblings", "michelle wu policies", "where does michelle wu live"], "michelle wu housing": ["where does michelle wu live", "michelle wu house", "michelle wu husband", "michelle wu, boston globe", "michelle wu - real estate", "michelle wu transportation", "michelle wu endorsement", "michelle wu rent stabilization"], "michelle wu LGBT": ["when was lgbtq created", "lgbtq day", "lgbt shows", "lgbtq sexualities"], "michelle wu mayoral election": ["who is michelle wu husband", "michelle wu family", "michelle wu twitter", "michelle wu political party", "where does michelle wu live", "michelle wu wikipedia", "michelle wu campaign", "michelle wu mother"], "michelle wu MBTA": ["michelle wu free the t", "who is michelle wu husband", "michelle wu election", "michelle wu accomplishments", "michelle wu endorsement", "michelle wu boston college", "michelle wu mayor husband", "michelle wu development"], "michelle wu net worth": ["michelle wu family", "michelle wu boston husband", "where does michelle wu live", "michelle wu endorsements", "michelle wu political party", "michelle wu campaign staff", "michelle wu campaign manager", "michelle wu platform"], "michelle wu partner": ["michelle wu instagram", "conor pewarski", "michelle wu boston mayor husband", "michelle wu net worth", "michelle wu salary", "how old is michelle wu", "michelle wu mother", "michelle wu twitter"], "michelle wu police": ["michelle wu election", "who is michelle wu husband", "michelle wu endorsement", "michelle wu mayor husband", "michelle wu accomplishments", "michelle wu transportation", "michelle wu mask mandate", "michelle wu speech"], "michelle wu race": ["michelle wu boston husband", "michelle wu family", "michelle wu mother", "michelle wu siblings", "michelle wu linkedin", "michelle wu twitter", "michelle wu campaign staff", "michelle wu endorsements"], "michelle wu transportation": ["michelle wu signature collection", "michelle wu housing", "michelle wu free the t", "michelle wu accomplishments", "who is michelle wu husband", "michelle wu election", "michelle wu mayor husband", "michelle wu development"], "michelle wu": ["michelle wu instagram", "michelle wu mother", "michelle wu family", "where does michelle wu live", "michelle wu wiki", "michelle wu endorsements", "michelle wu linkedin", "michelle wu salary"]}