{"boston mayoral election": ["boston mayoral election 2020", "boston mayoral election results", "boston mayoral candidates 2021", "boston mayoral election 2021 primary", "boston mayoral election primary", "boston mayoral election polls", "boston mayoral polls", "boston mayoral election candidates", "boston mayoral election 2021"], "boston mayor candidates": ["boston mayoral election 2020", "boston mayoral election candidates", "boston mayoral primary 2021", "boston elections, 2021", "boston mayoral race candidates 2021", "boston mayoral election results", "boston mayoral primary 2021 date", "boston mayoral primary election", "boston mayoral candidates 2021"], "andrea campbell": ["andrea campbell husband", "andrea campbell brother", "andrea campbell wiki", "alvin campbell", "andrea campbell argentina", "andrea campbell boston", "andrea campbell boston husband", "andrea campbell for mayor", "andrea campbell endorsements"], "dana depelteau": ["calla walsh", "dana depelteau twitter", "dana depelteau", "dana depelteau black lives matter", "dana depelteau boston"], "jon santiago": ["boston weather", "boston globe", "jon santiago age", "jon santiago wife", "jon santiago campaign manager", "jon santiago endorsements", "jon santiago ad", "jon santiago mayor boston", "jon santiago polls"], "michael bianchi": ["eric porter boston city council", "michael bianchi", "michael bianchi boston", "michael bianchi brighton ma", "michael bianchi boston city council", "michael bianchi attorney omaha", "michael bianchi obituary", "dr michael bianchi", "michael bianchini"], "michelle wu boston": ["andrea campbell boston", "boston mayor", "conor pewarski", "boston election results", "michelle wu boston husband", "michelle wu boston mayor", "michelle wu boston latin", "michelle wu boston globe", "michelle wu boston mayor polls"], "andrea campbell boston": ["andrea campbell boston husband", "boston mayoral candidates", "boston mayoral race", "andrea campbell boston brother", "andrea campbell boston", "andrea campbell boston mayoral candidate", "andrea campbell boston email", "andrea campbell boston globe", "andrea campbell boston public schools"], "dana depelteau boston": ["dana depelteau boston"], "annissa essaibi george boston": ["annissa essaibi george boston globe", "doug george boston", "annissa essaibi george husband", "annissa essaibi george mayor", "annissa essaibi george ethnicity", "annissa essaibi george twitter", "annissa essaibi george website", "annissa essaibi george parents", "annissa essaibi george boston", "annissa essaibi george boston mayor"], "jon santiago boston": ["jon santiago boston", "jon santiago boston globe", "dr. jon santiago boston", "dr jon santiago boston medical center", "jon santiago boston medical center", "jon santiago boston ma"], "michael bianchi boston": ["michael bianchi boston", "michael bianchi boston city council", "michael bianchi boston mayor"], "michelle wu mayoral election": ["michelle wu mayor", "michelle wu running for mayor", "michelle wu endorsements"], "andrea campbell mayoral election": ["city councilor andrea campbell"], "dana depelteau mayoral election": [], "annissa essaibi george mayoral election": ["city councilor annissa essaibi-george"], "jon santiago mayoral election": [], "kim janey mayoral election": ["kim janey mayor election"], "michael bianchi mayoral election": ["michael bianchi nj", "michael bianchi boston"], "john barros mayoral election": [], "michelle wu for mayor": ["michelle wu boston husband", "michelle wu family", "michelle wu campaign staff", "michelle wu instagram", "michelle wu twitter", "michelle wu endorsements", "michelle wu polls", "michelle wu linkedin", "Michelle Wu", "michelle wu for mayor mobilize"], "dana depelteau for mayor": ["dana depelteau for mayor"], "annissa essaibi george for mayor": ["annissa essaibi george for mayor"], "jon santiago for mayor": ["jon santiago for mayor"], "kim janey for mayor": ["kim janey for mayor campaign", "kim janey running for mayor", "kim janey campaign website", "kim janey political views", "kim janey age", "kim janey smith college", "kim janey partner", "kim janey boston mayor", "kim janey for mayor", "will kim janey run for mayor"], "michael bianchi for mayor": ["michael bianchi"], "john barros for mayor": ["john barros for mayor"], "michelle wu partner": [], "andrea campbell partner": ["andrea campbell", "andrea campbell husband"], "dana depelteau partner": ["dana depelteau"], "annissa essaibi george partner": ["annissa essaibi"], "jon santiago partner": [], "kim janey partner": ["kim janey partner"], "michael bianchi partner": [], "john barros partner": ["john barros", "john barros wife", "john barros massachusetts"], "michelle wu race": ["michelle wu", "michelle wu mayor", "michelle wu campaign", "michelle wu bio"], "andrea campbell race": [], "dana depelteau race": [], "jon santiago race": [], "kim janey race": ["kim janey", "kim janey staff"], "michael bianchi race": [], "john barros race": ["john barros"], "michelle wu endorsement": ["michelle wu endorsements"], "andrea campbell endorsement": ["andrea campbell endorsements"], "annissa essaibi george endorsement": ["annissa essaibi george endorsements"], "jon santiago endorsement": ["jon santiago endorsements"], "kim janey endorsement": ["kim janey endorsements"], "michael bianchi endorsement": [], "john barros endorsement": ["john barros endorsements"], "andrea campbell COVID": ["andrea campbell"], "dana depelteau COVID": [], "annissa essaibi george COVID": ["annissa essaibi"], "jon santiago COVID": [], "kim janey COVID": ["kim janey covid update", "kim janey covid vaccine", "kim janey covid restrictions", "did any of the kardashians get covid 19", "did any of the kardashians have coronavirus", "did hong kong shut down for covid"], "michael bianchi COVID": [], "john barros COVID": [], "andrea campbell transportation": ["andrea campbell transportation plan"], "dana depelteau transportation": [], "annissa essaibi george transportation": [], "jon santiago transportation": [], "kim janey transportation": ["kim janey", "kim janey office"], "michael bianchi transportation": ["michael bianchi llc", "michael bianchi"], "john barros transportation": ["john barros"], "michelle wu MBTA": ["michelle wu mbta", "michelle wu free mbta"], "andrea campbell MBTA": ["andrea campbell boston", "andrea campbell boston ma", "andrea campbell boston city council"], "dana depelteau MBTA": [], "annissa essaibi george MBTA": ["annissa essaibi"], "jon santiago MBTA": [], "kim janey MBTA": ["kim janey"], "michael bianchi MBTA": [], "john barros MBTA": ["john barros massachusetts", "john barros"], "michelle wu Education": ["michelle wu education", "michelle wu education plan"], "andrea campbell Education": ["andrea campbell education"], "dana depelteau Education": [], "annissa essaibi george Education": ["annissa essaibi"], "jon santiago Education": [], "kim janey Education": ["kim janey education", "kim janey education background"], "michael bianchi Education": ["michael bianchi", "michael bianchi llc"], "john barros Education": ["john barros education"], "michelle wu LGBT": [], "andrea campbell LGBT": [], "dana depelteau LGBT": [], "annissa essaibi george LGBT": ["annissa essaibi"], "jon santiago LGBT": [], "kim janey LGBT": [], "michael bianchi LGBT": [], "john barros LGBT": [], "michelle wu background": ["michelle wu background"], "andrea campbell background": ["andrea campbell background"], "dana depelteau background": [], "annissa essaibi george background": ["annissa essaibi"], "jon santiago background": ["jon santiago"], "kim janey background": ["kim janey background"], "michael bianchi background": ["michael bianchi", "michael bianchi llc", "michael bianchi architect"], "john barros background": ["john barros", "john barros wife"], "michelle wu net worth": ["michelle wu net worth", "how much is michelle mone worth", "how much is michelle worth"], "andrea campbell net worth": [], "dana depelteau net worth": [], "annissa essaibi george net worth": ["annissa essaibi george net worth"], "jon santiago net worth": [], "kim janey net worth": ["kim janey net worth", "how much is kim worth", "how rich is kim", "how much is kim west worth", "what is kim's net worth"], "michael bianchi net worth": [], "john barros net worth": [], "michelle wu crime": ["michelle wu", "michelle wu attorney", "michelle wu bio"], "andrea campbell crime": [], "dana depelteau crime": [], "annissa essaibi george crime": ["annissa essaibi"], "jon santiago crime": ["jon santiago"], "kim janey crime": ["kim janey"], "michael bianchi crime": ["michael bianchi"], "john barros crime": ["john barros", "john barros massachusetts"], "michelle wu police": [], "andrea campbell police": ["andrea campbell boston police"], "annissa essaibi george police": [], "jon santiago police": [], "kim janey police": ["kim janey police budget"], "michael bianchi police": ["michael bianchi"], "john barros police": ["john barros"], "michelle wu housing": ["michelle wu housing"], "andrea campbell housing": ["andrea campbell housing"], "dana depelteau housing": [], "annissa essaibi george housing": ["annissa essaibi george housing"], "jon santiago housing": ["jon santiago"], "kim janey housing": ["kim janey housing"], "michael bianchi housing": ["michael bianchi", "michael bianchi llc", "michael bianchi architect"], "john barros housing": ["john barros"], "michelle wu": ["andrea campbell boston", "michelle wu husband", "mayor of boston", "conor pewarski", "Lydia Edwards", "boston mayoral candidates", "boston mayoral election", "michelle wu linkedin"], "annissa essaibi george": ["annissa essaibi george husband", "david halbert", "Lydia Edwards", "boston mayor", "annissa essaibi george father", "boston mayoral candidates", "annissa essaibi george ethnicity", "annissa essaibi george family", "michael flaherty"], "kim janey": ["boston mayor", "andrea campbell boston", "kim janey daughter", "kim janey husband", "kim janey family", "kim janey mayor", "epic pass", "biden press conference", "conor pewarski"], "john barros": ["john barros mayor", "boston mayoral race", "john barros education", "john barros boston", "john barros", "john barrows sales", "john barros wife", "john barros wikipedia", "john barros bio"], "kim janey boston": ["kim janey husband", "kim janey boston", "kim janey boston globe", "kim janey boston vaccine", "kim janey boston herald", "kim janey boston mask mandate", "how old is kim janey boston", "kim janey boston gov", "new boston mayor kim janey"], "john barros boston": ["john barros wife", "john barros boston mayor", "john barros boston wife", "john barros boston school committee", "john barros boston", "john barros boston globe", "john barros boston political party", "john barros boston wikipedia", "john barros boston restaurant", "john barros boston ma"], "andrea campbell for mayor": ["andrea campbell for mayor"], "annissa essaibi george race": [], "dana depelteau endorsement": [], "michelle wu COVID": ["michelle wu covid", "winners during covid"], "michelle wu transportation": ["michelle wu transportation"], "dana depelteau police": []}