{"boston mayoral election": ["boston mayoral election results", "boston mayoral election polls", "boston mayoral election 2021 polls", "boston mayoral candidates party affiliation", "boston mayoral candidates on the issues", "boston mayoral debate", "boston mayoral candidates comparison", "boston mayoral election results 2021", "boston mayoral candidates"], "boston mayor candidates": ["boston mayoral candidates quiz", "boston mayoral election results", "boston mayoral candidates party affiliation", "boston mayoral candidates on the issues", "boston mayoral polls", "boston mayoral candidates positions", "boston mayoral election 2021 polls", "boston mayoral candidates comparison", "boston mayoral election"], "michelle wu": ["michelle wu instagram", "michelle wu, boston husband", "michelle wu mayor", "is michelle wu married", "michelle wu education", "michelle wu family", "where does michelle wu live", "michelle wu wikipedia", "conor pewarski"], "andrea campbell": ["andrea campbell wikipedia", "andrea campbell bio", "who is andrea campbell husband", "andrea campbell father", "andrea campbell brother", "andrea campbell family", "andrea campbell twin brother", "andrea campbell parents", "andrea campbell husband"], "dana depelteau": ["dana depelteau black lives matter", "dana depelteau husband", "dana depelteau twitter", "michelle wu", "dana depelteau tweets", "calla walsh wikipedia", "dana depelteau for mayor", "calla walsh parents", "calla walsh"], "annissa essaibi george": ["annissa essaibi george net worth", "annissa essaibi george parents", "annissa essaibi george father", "annissa essaibi george twitter", "annissa essaibi george commercial", "annissa essaibi george website", "annissa essaibi george endorsements", "annissa essaibi george staff", "conor pewarski"], "jon santiago": ["jon santiago photographer", "jon santiago wife", "jon santiago district", "jon santiago age", "jon santiago high school", "jon santiago instagram", "jon santiago campaign", "jon santiago boston", "boston globe"], "kim janey": ["kim janey political views", "who is kim janey husband", "kim janey wikipedia", "kim janey campaign", "kim janey net worth", "kim janey campaign website", "kim janey for mayor campaign", "kim janey father", "kim janey husband"], "michael bianchi": ["michael bianchi boston", "michael bianchi actor", "michael bianchi obituary", "michael bianchi boston mayor", "michael bianchi brighton ma", "michael bianchi architect", "liz breadon", "eric porter boston city council", "Mike Bianchi"], "john barros": ["john barros wikipedia", "john barros restaurant", "john barros political party", "john barros boston wikipedia", "john barros wife", "john barros website", "john barros family", "john barros for mayor website", "john barros boston"], "michelle wu boston": ["michelle wu, boston husband", "michelle wu boston globe", "michelle wu boston mayor", "michelle wu family", "where does michelle wu live", "michelle wu salary", "michelle wu bio", "michelle wu wikipedia", "michelle wu boston husband"], "andrea campbell boston": ["andrea campbell boston husband", "andrea campbell boston brother", "andrea campbell boston father", "who is andrea campbell husband", "andrea campbell boston public schools", "andrea campbell twin brother", "andrea campbell wiki", "andrea campbell father", "boston mayor"], "dana depelteau boston": ["dana depelteau black lives matter", "dana depelteau twitter", "dana depelteau for mayor", "dana depelteau tweets", "calla walsh"], "annissa essaibi george boston": ["annissa essaibi george net worth", "annissa essaibi george boston globe", "annissa essaibi george parents", "annissa essaibi george website", "annissa essaibi george father", "annissa essaibi george twitter", "annissa essaibi george staff", "ezzeddine essaibi"], "jon santiago boston": ["jon santiago boston globe", "jon santiago wife", "jon santiago campaign manager", "jon santiago endorsements", "jon santiago twitter", "jon santiago facebook", "jon santiago wife alexandra", "jon santiago age"], "kim janey boston": ["kim janey campaign website", "kim janey age", "kim janey campaign headquarters", "kim janey for mayor campaign", "kim janey political views", "kim janey partner", "kim janey twitter", "boston mayor kim janey husband", "kim janey husband"], "michael bianchi boston": ["michael bianchi boston mayor", "michael bianchi brighton ma", "liz breadon", "eric porter boston city council", "liz breadon boston city council"], "john barros boston": ["john barros boston wikipedia", "john barros boston wife", "john barros boston restaurant", "john barros boston political party", "john barros boston globe", "john barros wife", "john barros wiki", "john barros for mayor website", "andrea campbell boston"], "michelle wu mayoral election": ["michelle wu husband", "michelle wu family", "michelle wu instagram", "michelle wu political party", "michelle wu wikipedia", "is michelle wu married", "where does michelle wu live", "boston mayoral candidates"], "andrea campbell mayoral election": ["who is andrea campbell husband", "andrea campbell bio", "andrea campbell obituary", "andrea campbell family", "andrea campbell husband matthew", "andrea campbell brother", "andrea campbell twin brother", "andrea campbell polls"], "dana depelteau mayoral election": ["boston mayoral candidates 2021", "boston mayoral election 2020", "boston mayoral election results", "dana depelteau black lives matter", "dana depelteau twitter", "boston mayoral candidates party affiliation", "boston mayoral polls", "boston mayoral election 2021 polls"], "annissa essaibi george mayoral election": ["annissa essaibi george staff", "annissa essaibi george father", "annissa essaibi george endorsements", "annissa essaibi george parents", "annissa essaibi george campaign manager", "annissa essaibi george family", "michelle wu", "annissa essaibi george facebook"], "jon santiago mayoral election": ["jon santiago wife", "jon santiago endorsements", "jon santiago campaign manager"], "kim janey mayoral election": ["kim janey for mayor", "kim janey for mayor campaign", "boston mayoral election", "kim janey age", "kim janey partner", "mayor kim janey husband", "kim janey campaign", "boston mayors"], "michael bianchi mayoral election": ["michael j bianchi ii", "michael bianchi brighton ma", "michael bianchi boston", "liz breadon", "michael bianchi boston city council", "michael bianchi boston mayor", "boston mayoral election 2021 polls", "john barros"], "john barros mayoral election": ["john barros political party", "john barros for mayor website", "john barros boston political party", "john barros wife", "john barros boston wikipedia", "john barros wiki", "john barros boston mayor", "john barros bio"], "michelle wu for mayor": ["michelle wu, boston husband", "michelle wu family", "michelle wu instagram", "michelle wu political party", "where does michelle wu live", "michelle wu mother", "michelle wu twitter", "michelle wu bio", "Michelle Wu"], "andrea campbell for mayor": ["andrea campbell family", "andrea campbell brother", "andrea campbell father", "who is andrea campbell husband", "andrea campbell parents", "andrea campbell wikipedia", "andrea campbell bio", "andrea campbell twin brother"], "dana depelteau for mayor": ["dana depelteau black lives matter", "dana depelteau twitter", "dana depelteau tweets", "calla walsh parents", "michelle wu"], "annissa essaibi george for mayor": ["annissa essaibi george net worth", "annissa essaibi george father", "annissa essaibi george campaign website", "ezzeddine essaibi", "annissa essaibi george parents", "annissa essaibi george staff", "annissa essaibi george endorsements", "annissa essaibi george campaign manager"], "jon santiago for mayor": ["jon santiago wife", "jon santiago campaign manager", "jon santiago photographer", "jon santiago endorsements", "jon santiago twitter", "jon santiago state representative", "jon santiago facebook", "jon santiago boston globe"], "kim janey for mayor": ["kim janey for mayor campaign", "kim janey campaign website", "kim janey age", "kim janey political views", "kim janey partner", "kim janey campaign headquarters", "boston mayor kim janey husband", "kim janey father"], "michael bianchi for mayor": ["michael bianchi brighton ma", "liz breadon", "eric porter boston city council", "liz breadon boston city council", "bianchi road bike"], "john barros for mayor": ["john barros for mayor website", "john barros political party", "john barros wife", "john barros family", "john barros wikipedia", "john barros bio", "john barros campaign manager", "john barros boston wikipedia"], "michelle wu partner": ["michelle wu, boston husband", "michelle wu family", "is michelle wu married", "is michelle wu related to janet wu", "where does michelle wu live", "michelle wu siblings", "michelle wu net worth", "michelle wu mother"], "andrea campbell partner": ["andrea campbell family", "andrea campbell brother andre", "andrea campbell husband matthew", "andrea campbell parents", "andrea campbell boston husband", "andrea campbell obituary", "andrea campbell princeton", "andrea campbell housing"], "dana depelteau partner": ["dana depelteau twitter", "dana depelteau tweets", "calla walsh parents", "michelle wu", "calla walsh wikipedia", "calla walsh winsor school", "calla walsh cambridge parents"], "annissa essaibi george partner": ["annissa essaibi george net worth", "annissa essaibi george father", "annissa essaibi george parents", "annissa essaibi george mother", "annissa essaibi george age", "annissa essaibi george staff", "annissa essaibi george twitter", "annissa essaibi george endorsements"], "jon santiago partner": [], "kim janey partner": ["is mayor kim janey married", "kim janey parents nationality", "kim janey for mayor", "kim janey net worth", "kim janey wikipedia", "kim janey political views", "how old is kim janey daughter", "kim janey campaign"], "michael bianchi partner": [], "john barros partner": ["john barros wikipedia", "john barros family", "john barros political party", "john barros boston wikipedia", "john barros bio", "john barros for mayor website", "john barros campaign", "john barros email"], "michelle wu race": ["michelle wu, boston husband", "michelle wu mother", "michelle wu family", "michelle wu instagram", "michelle wu mayor", "michelle wu age", "michelle wu political party", "michelle wu campaign staff"], "andrea campbell race": ["andrea campbell parents", "andrea campbell father", "who is andrea campbell husband", "andrea campbell family", "andrea campbell bio", "andrea campbell brother", "andrea campbell husband matthew", "andrea campbell wikipedia"], "dana depelteau race": ["dana depelteau black lives matter", "dana depelteau twitter", "boston mayoral race candidates 2021", "boston mayoral election 2020", "dana depelteau tweets", "boston mayoral polls", "michelle wu boston mayor", "boston mayoral candidates comparison"], "annissa essaibi george race": ["annissa essaibi george parents", "annissa essaibi george net worth", "annissa essaibi george father", "annissa essaibi george staff", "annissa essaibi george campaign", "annissa essaibi george twitter", "annissa essaibi george endorsements", "annissa essaibi george boston globe"], "jon santiago race": ["jon santiago wife", "jon santiago endorsements", "jon santiago campaign manager"], "kim janey race": ["who is kim janey husband", "kim janey partner", "kim janey campaign", "kim janey parents", "kim janey father", "is kim janey married", "kim janey political views", "kim janey net worth"], "michael bianchi race": ["liz breadon", "michael bianchi brighton ma", "michael bianchi boston mayor", "bianchi road bike", "michael bianchi boston", "michael bianchi boston city council", "michael j bianchi boston city council", "michael bianchi mayor", "eric porter boston city council"], "john barros race": ["john barros wikipedia", "john barros family", "john barros for mayor website", "john barros wife", "john barros bio", "john barros political party", "john barros boston wikipedia", "john barros campaign manager"], "michelle wu endorsement": ["michelle wu instagram", "andrea campbell endorsements", "michelle wu twitter", "michelle wu family", "michelle wu policies", "michelle wu husband", "michelle wu mother", "michelle wu linkedin"], "andrea campbell endorsement": ["andrea campbell husband", "andrea campbell fellowship", "andrea campbell housing", "andrea campbell campaign manager", "andrea campbell obituary", "andrea campbell events", "andrea campbell campaign jobs", "andrea campbell fundraising"], "dana depelteau endorsement": ["when is boston mayoral election 2021", "boston city council candidates 2021", "boston elections 2021", "boston mayoral debate 2021", "boston mayoral poll 2021", "boston mayoral election candidates", "boston mayoral candidates on the issues", "boston mayoral candidates party affiliation"], "annissa essaibi george endorsement": ["annissa essaibi george business", "annissa essaibi george commercial", "annissa essaibi george mass and cass"], "jon santiago endorsement": ["jon santiago wife", "jon santiago mayor"], "kim janey endorsement": ["kim janey transition website", "kim janey campaign headquarters", "mayor kim janey staff", "kim janey transition team", "kim janey email", "is kim janey running for mayor", "kim janey, boston city council"], "michael bianchi endorsement": ["michael bianchi boston city council", "liz breadon", "eric porter boston city council"], "john barros endorsement": ["john barros political party", "john barros boston political party", "john barros wife", "john barros wiki", "john barros bc high", "john barros boston wife", "john barros boston wikipedia", "john barros family"], "michelle wu COVID": ["michelle wu chinatown"], "andrea campbell COVID": ["andrea campbell covid"], "dana depelteau COVID": ["dana depelteau black lives matter", "dana depelteau boston", "dana depelteau twitter", "dana depelteau mayor", "dana depelteau tweets", "calla walsh"], "annissa essaibi george COVID": ["annissa essaibi"], "jon santiago COVID": [], "kim janey COVID": ["mask mandate boston", "massachusetts indoor mask mandate", "kim janey mask mandate", "mask mandate cambridge, ma", "cdc covid cruise ships", "regeneron monoclonal antibody covid-19", "rhode island mask mandate", "jamaica covid lockdown"], "michael bianchi COVID": ["michael bianchi boston", "michael bianchi boston mayor", "michael bianchi brighton ma", "michael j bianchi boston city council", "michael j bianchi ii", "liz breadon", "eric porter boston city council"], "john barros COVID": ["john barros for mayor website", "john barros wife", "john barros boston wikipedia", "john barros wikipedia", "john barros political party", "john barros age", "john barros boston wife", "john barros bc high"], "michelle wu transportation": ["michelle wu signature collection", "michelle wu housing", "michelle wu announcement", "michelle wu commercial", "michelle wu election", "michelle wu lawn sign", "michelle wu dsa", "michelle wu accomplishments"], "andrea campbell transportation": ["andrea campbell campaign manager", "andrea campbell campaign jobs", "andrea campbell husband", "andrea campbell brother", "andrea campbell obituary", "andrea campbell events", "andrea campbell endorsements", "andrea campbell housing"], "dana depelteau transportation": ["dana depelteau black lives matter", "john barros", "dana depelteau boston", "calla walsh wikipedia", "dana depelteau twitter", "calla walsh parents", "dana depelteau for mayor", "calla walsh winsor school"], "annissa essaibi george transportation": [], "jon santiago transportation": ["jon santiago campaign manager", "jon santiago wife", "jon santiago endorsements", "jon santiago wife alexandra", "jon santiago boston globe", "john barros", "john barros, boston", "jon santiago facebook"], "kim janey transportation": ["kim janey campaign website", "kim janey for mayor campaign", "kim janey campaign headquarters", "kim janey kimesha", "kim janey parents nationality", "kim janey political views", "kim janey family", "who is kim janey husband"], "michael bianchi transportation": ["michael bianchi llc", "michael bianchi"], "john barros transportation": ["john barros facebook"], "michelle wu MBTA": ["michelle wu signature collection", "michelle wu election", "michelle wu announcement", "michelle wu transportation", "michelle wu housing", "michelle wu events", "michelle wu child care", "michelle wu commercial"], "andrea campbell MBTA": ["andrea campbell bio", "andrea campbell husband", "andrea campbell brother andre", "andrea campbell boston husband", "andrea campbell polls", "andrea campbell obituary", "andrea campbell family", "andre campbell obituary"], "dana depelteau MBTA": ["dana depelteau black lives matter", "dana depelteau twitter", "dana depelteau tweets", "calla walsh"], "annissa essaibi george MBTA": ["annissa essaibi george net worth", "annissa essaibi george father", "annissa essaibi george twitter", "annissa essaibi george boston globe", "annissa essaibi george website", "ezzeddine essaibi", "annissa essaibi george staff", "annissa essaibi george parents"], "jon santiago MBTA": ["jon santiago wife", "jon santiago endorsements", "jon santiago boston globe", "jon santiago photographer", "jon santiago wife alexandra", "jon santiago age", "jon santiago high school", "jon santiago campaign manager"], "kim janey MBTA": ["kim janey for mayor", "kim janey husband", "kim janey age", "kim janey for mayor campaign", "kim janey father", "kim janey political views", "kim janey, boston", "kim janey partner"], "michael bianchi MBTA": ["michael bianchi boston city council", "liz breadon", "eric porter boston city council", "liz breadon boston city council"], "john barros MBTA": ["john barros for mayor website", "john barros wife", "john barros boston globe", "john barros boston wikipedia", "john barros boston wife", "john barros wiki", "john barros age", "john barros political party"], "michelle wu Education": ["michelle wu education plan", "michelle wu family", "michelle wu husband", "is michelle wu married", "is michelle wu related to janet wu", "michelle wu instagram", "michelle wu wikipedia", "michelle wu endorsements"], "andrea campbell Education": ["who is andrea campbell husband", "andrea campbell family", "andrea campbell bio", "andrea campbell father", "andrea campbell brother andre", "andrea campbell wikipedia", "andrea campbell education plan", "andrea campbell parents"], "dana depelteau Education": ["dana depelteau black lives matter", "dana depelteau twitter", "john barros", "dana depelteau tweets", "calla walsh winsor school", "michelle wu", "calla walsh wikipedia", "boston mayoral polls"], "annissa essaibi george Education": ["annissa essaibi george net worth", "annissa essaibi george bio", "annissa essaibi george parents", "annissa essaibi george nationality", "annissa essaibi george staff", "annissa essaibi george father", "annissa essaibi george family", "annissa essaibi george website"], "jon santiago Education": ["jon santiago photographer", "jon santiago wife", "jon santiago bio", "john barros", "jon santiago mayor", "jon santiago age", "jon santiago wife alexandra", "jon santiago campaign manager"], "kim janey Education": ["kim janey age", "kim janey for mayor", "kim janey smith college", "kim janey net worth", "who is kim janey husband", "kim janey for mayor campaign", "kim janey campaign website", "kim janey political views"], "michael bianchi Education": ["michael bianchi", "michael bianchi llc"], "john barros Education": ["john barros for mayor website", "john barros political party", "john barros wife", "john barros wiki", "john barros age", "john barros boston wikipedia", "john barros bio", "john barros high school"], "michelle wu LGBT": ["when was lgbtq created", "lgbtq day", "lgbt shows", "lgbtq sexualities"], "andrea campbell LGBT": ["when was lgbtq created", "lgbtq day", "lgbtq sexualities", "lgbt symbols"], "dana depelteau LGBT": ["when was lgbtq created", "lgbtq day", "lgbtq sexualities", "lgbtq meaning of each letter"], "annissa essaibi george LGBT": ["when was lgbtq created"], "jon santiago LGBT": ["when was lgbtq created", "lgbtq day", "lgbtq sexualities", "lgbt shows"], "kim janey LGBT": ["when was lgbtq created", "lgbtq day", "lgbtq sexualities", "lgbt symbols"], "michael bianchi LGBT": ["when was lgbtq created", "lgbtq day", "lgbt symbols", "lgbtq sexualities"], "john barros LGBT": ["when was lgbtq created", "lgbtq day", "lgbtq sexualities", "lgbtq meaning of each letter"], "michelle wu background": ["michelle wu family", "michelle wu salary", "michelle wu, boston husband", "michelle wu education", "michelle wu mother", "michelle wu siblings", "is michelle wu married", "michelle wu wikipedia"], "andrea campbell background": ["andrea campbell family", "andrea campbell father", "andrea campbell brother", "andrea campbell wikipedia", "who is andrea campbell husband", "andrea campbell parents", "andrea campbell twin brother", "andrea campbell age"], "dana depelteau background": ["dana depelteau black lives matter", "john barros", "kim janey", "dana depelteau twitter", "dana depelteau tweets", "michelle wu", "calla walsh", "jon santiago"], "annissa essaibi george background": ["annissa essaibi george net worth", "ezzeddine essaibi", "annissa essaibi george staff", "annissa essaibi george mayor", "annissa essaibi george campaign website", "annissa essaibi george campaign manager", "annissa essaibi george mother", "annissa essaibi george endorsements"], "jon santiago background": ["john barros", "jon santiago wife", "jon santiago endorsements", "jon santiago mayor", "jon santiago photographer", "jon santiago campaign manager", "jon santiago age", "jon santiago bio"], "kim janey background": ["who is kim janey husband", "kim janey age", "kim janey campaign", "kim janey for mayor", "kim janey campaign website", "kim janey family", "kim janey wiki", "kim janey net worth"], "michael bianchi background": ["michael bianchi boston", "michael j bianchi ii", "michael bianchi boston mayor", "michael bianchi brighton ma", "liz breadon", "eric porter boston city council"], "john barros background": ["john barros email", "annissa essaibi george"], "michelle wu net worth": ["michelle wu, boston husband", "michelle wu family", "conor pewarski", "michelle wu age", "where does michelle wu live", "is michelle wu married", "michelle wu siblings", "michelle wu mother"], "andrea campbell net worth": ["who is andrea campbell husband", "andrea campbell family", "andrea campbell twin brother", "andrea campbell husband matthew", "andrea campbell wikipedia", "andrea campbell brother", "andrea campbell father", "andrea campbell bio"], "dana depelteau net worth": ["dana depelteau black lives matter", "dana depelteau twitter", "boston mayoral primary 2021 date", "dana depelteau tweets", "boston mayoral polls", "boston mayoral election 2020", "dana depelteau for mayor", "boston mayoral primary date"], "annissa essaibi george net worth": ["annissa essaibi george net worth"], "jon santiago net worth": ["jon santiago wife", "jon santiago endorsements", "jon santiago wife alexandra", "jon santiago age", "jon santiago high school", "john barros", "jon santiago photographer", "jon santiago campaign manager"], "kim janey net worth": ["kim janey age", "who is kim janey husband", "kim janey partner", "kim janey parents nationality", "kim janey for mayor", "is kim janey married", "kim janey family", "how old is kim janey daughter"], "michael bianchi net worth": [], "john barros net worth": ["john barros wife", "john barros wikipedia", "john barros, boston", "kim janey", "kim janey, boston", "kim janey husband"], "michelle wu crime": ["michelle wu announcement", "michelle wu signature collection", "michelle wu housing", "michelle wu events", "michelle wu child care", "michelle wu commercial", "michelle wu opioid", "michelle wu campaign"], "andrea campbell crime": ["who is andrea campbell husband", "andrea campbell bio", "andrea campbell twin brother", "andrea campbell family", "andrea campbell boston husband", "andrea campbell brother", "andrea campbell father", "andrea campbell wikipedia"], "dana depelteau crime": ["dana depelteau twitter", "dana depelteau tweets", "dana depelteau for mayor", "calla walsh"], "annissa essaibi george crime": ["annissa essaibi george endorsements", "annissa essaibi george commercial"], "jon santiago crime": ["santiago chile", "where is santiago"], "kim janey crime": ["dennis white wife", "is kim janey a good mayor", "kim janey political views", "dennis white family", "dennis white parents", "kim janey boston herald", "kim janey press conference"], "michael bianchi crime": ["michael bianchi"], "john barros crime": ["john barros", "john barros massachusetts"], "michelle wu police": ["michelle wu announcement", "michelle wu election", "michelle wu covid", "michelle wu commercial", "michelle wu housing", "michelle wu signature collection", "michelle wu accomplishments", "michelle wu policies"], "andrea campbell police": ["andrea campbell husband", "andrea campbell brother", "andrea campbell obituary", "andrea campbell events", "andrea campbell endorsements", "andrea campbell housing", "andrea campbell fellowship", "andrea campbell covid"], "dana depelteau police": ["dana depelteau black lives matter", "dana depelteau boston", "dana depelteau twitter", "calla walsh parents", "dana depelteau tweets", "calla walsh wikipedia", "dana depelteau mayor", "calla walsh winsor school"], "annissa essaibi george police": ["annissa essaibi george commercial", "annissa essaibi george endorsements"], "jon santiago police": ["jon santiago wife", "jon santiago wife alexandra", "jon santiago endorsements", "jon santiago state representative", "jon santiago campaign", "jon santiago mayor", "jon santiago photographer", "jon santiago boston globe"], "kim janey police": ["boston police commissioner wife", "boston police department", "new boston police commissioner", "boston police commissioner gross", "dennis white wife", "boston police commissioner salary", "dennis white, boston police commissioner", "dennis white family"], "michael bianchi police": ["michael bianchi boston", "michael bianchi boston city council", "michael bianchi boston mayor", "michael bianchi brighton ma", "michael j bianchi boston city council", "liz breadon", "eric porter boston city council"], "john barros police": ["john barros"], "michelle wu housing": ["where does michelle wu live", "michelle wu child care", "michelle wu announcement", "michelle wu signature collection", "michelle wu commercial", "michelle wu lawn sign", "michelle wu events", "michelle wu policies"], "andrea campbell housing": ["andrea campbell husband", "andrea campbell obituary", "andrea campbell endorsements", "andrea campbell fellowship", "andrea campbell boston public schools", "andrea campbell events", "andrea campbell covid", "andrea campbell campaign jobs"], "dana depelteau housing": ["dana depelteau twitter", "dana depelteau tweets", "calla walsh parents", "calla walsh wikipedia", "dana depelteau for mayor", "calla walsh winsor school", "boston mayoral polls", "john barros"], "annissa essaibi george housing": ["annissa essaibi george commercial", "annissa essaibi george staff", "annissa essaibi george campaign website", "where does annissa essaibi george live", "annissa essaibi george endorsements", "annissa essaibi george father", "annissa essaibi george parents", "annissa essaibi george family"], "jon santiago housing": ["jon santiago wife", "john barros", "jon santiago endorsements", "jon santiago wife alexandra", "jon santiago campaign manager", "jon santiago mayor", "jon santiago photographer", "jon santiago facebook"], "kim janey housing": ["kim janey campaign website", "kim janey campaign headquarters", "kim janey for mayor campaign", "who is kim janey husband", "kim janey kimesha", "kim janey partner", "kim janey family", "kim janey parents nationality", "kim janey political views"], "michael bianchi housing": ["michael bianchi", "michael bianchi llc", "michael bianchi architect"], "john barros housing": ["john barros wife", "john barros family", "john barros for mayor", "john barros political party", "john barros wiki", "john barros age", "john barros bc high", "john barros, boston"]}