{"andrea campbell background": ["andrea campbell father", "andrea campbell family", "andrea campbell brother", "andrea campbell wikipedia", "who is andrea campbell husband", "andrea campbell parents", "andrea campbell twin brother", "andrea campbell age"], "andrea campbell boston": ["andrea campbell boston husband", "andrea campbell boston brother", "andrea campbell boston father", "andrea campbell boston public schools", "andrea campbell family", "andrea campbell age", "andrea campbell polls", "andrea campbell twitter"], "andrea campbell COVID": false, "andrea campbell crime": ["who is andrea campbell husband", "andrea campbell bio", "andrea campbell twin brother", "andrea campbell family", "andrea campbell boston husband", "andrea campbell brother", "andrea campbell father", "andrea campbell wikipedia"], "andrea campbell Education": ["andrea campbell bio", "who is andrea campbell husband", "andrea campbell family", "andrea campbell brother andre", "andrea campbell twin brother", "andrea campbell wikipedia", "andrea campbell husband matthew", "andrea campbell father"], "andrea campbell endorsement": ["andrea campbell husband", "andrea campbell fellowship", "andrea campbell housing", "andrea campbell twitter", "andrea campbell argentina", "andrea campbell argentina edad", "andrea campbell education plan", "andrea campbell campaign manager"], "andrea campbell for mayor": ["andrea campbell bio", "andrea campbell brother", "andrea campbell family", "andrea campbell father", "andrea campbell grandfather", "andrea campbell polls", "andrea campbell parents", "andrea campbell obituary"], "andrea campbell housing": ["andrea campbell husband", "andrea campbell obituary", "andrea campbell endorsements", "andrea campbell fellowship", "andrea campbell boston public schools", "andrea campbell events", "andrea campbell covid", "andrea campbell campaign jobs"], "andrea campbell LGBT": ["when was lgbtq created", "lgbtq day", "lgbtq sexualities", "lgbt symbols"], "andrea campbell mayoral election": ["who is andrea campbell husband", "andrea campbell bio", "andrea campbell obituary", "andrea campbell family", "andrea campbell brother", "andrea campbell husband matthew", "andrea campbell boston husband", "andrea campbell twin brother"], "andrea campbell MBTA": ["andrea campbell bio", "andrea campbell husband", "andrea campbell brother andre", "andrea campbell boston husband", "andrea campbell polls", "andrea campbell obituary", "andrea campbell family", "andre campbell obituary"], "andrea campbell net worth": ["who is andrea campbell husband", "andrea campbell family", "andrea campbell twin brother", "andrea campbell husband matthew", "andrea campbell brother", "andrea campbell wikipedia", "andrea campbell father", "andrea campbell bio"], "andrea campbell partner": ["andrea campbell family", "andrea campbell brother andre", "andrea campbell parents", "andrea campbell boston husband", "andrea campbell obituary", "matthew scheier andrea campbell", "andrea campbell princeton", "andrea campbell housing"], "andrea campbell police": ["andrea campbell husband", "andrea campbell brother", "andrea campbell obituary", "andrea campbell events", "andrea campbell endorsements", "andrea campbell housing", "andrea campbell fellowship", "andrea campbell covid"], "andrea campbell race": ["andrea campbell parents", "andrea campbell father", "who is andrea campbell husband", "andrea campbell family", "andrea campbell bio", "andrea campbell twin brother", "andrea campbell brother", "andrea campbell husband matthew"], "andrea campbell transportation": ["andrea campbell campaign manager", "andrea campbell campaign jobs", "andrea campbell husband", "andrea campbell brother", "andrea campbell obituary", "andrea campbell events", "andrea campbell endorsements", "andrea campbell housing"], "andrea campbell": ["who is andrea campbell husband", "matthew scheier andrea campbell", "andrea campbell polls", "andrea campbell twin brother", "andrea campbell mit", "andrea campbell brother", "andrea campbell boston husband", "andrea campbell father"], "annissa essaibi george background": ["annissa essaibi george net worth", "ezzeddine essaibi", "annissa essaibi george staff", "annissa essaibi george mayor", "annissa essaibi george campaign manager", "annissa essaibi george mother", "annissa essaibi george campaign website", "where does annissa essaibi george live"], "annissa essaibi george boston": ["annissa essaibi george boston globe", "annissa essaibi george net worth", "annissa essaibi george parents", "annissa essaibi george website", "ezzeddine essaibi", "doug george boston", "annissa essaibi george father", "annissa essaibi george age"], "annissa essaibi george COVID": false, "annissa essaibi george crime": ["annissa essaibi george father", "annissa essaibi george net worth", "annissa essaibi george parents", "annissa essaibi george bio", "annissa essaibi george family", "annissa essaibi george siblings", "annissa essaibi george endorsements", "annissa essaibi george commercial"], "annissa essaibi george Education": ["annissa essaibi george net worth", "annissa essaibi george bio", "annissa essaibi george parents", "annissa essaibi george nationality", "annissa essaibi george staff", "ezzeddine essaibi", "annissa essaibi george father", "annissa essaibi george family"], "annissa essaibi george endorsement": ["annissa essaibi george business", "annissa essaibi george commercial", "annissa essaibi george father", "annissa essaibi george parents", "annissa essaibi george mass and cass", "kim janey", "boston mayoral candidates", "john barros, boston"], "annissa essaibi george for mayor": ["annissa essaibi george campaign website", "annissa essaibi george family", "annissa essaibi george net worth", "annissa essaibi george parents", "ezzeddine essaibi", "annissa essaibi george campaign manager", "annissa essaibi george father", "annissa essaibi george wiki"], "annissa essaibi george housing": ["annissa essaibi george commercial", "annissa essaibi george staff", "annissa essaibi george campaign website", "where does annissa essaibi george live", "annissa essaibi george endorsements", "annissa essaibi george father", "annissa essaibi george parents", "annissa essaibi george family"], "annissa essaibi george LGBT": ["when was lgbtq created"], "annissa essaibi george mayoral election": ["annissa essaibi george staff", "annissa essaibi george father", "annissa essaibi george endorsements", "annissa essaibi george parents", "annissa essaibi george campaign manager", "annissa essaibi george family", "michelle wu", "annissa essaibi george facebook"], "annissa essaibi george MBTA": ["annissa essaibi george net worth", "annissa essaibi george father", "annissa essaibi george twitter", "annissa essaibi george commercial", "annissa essaibi george boston globe", "annissa essaibi george website", "annissa essaibi george staff", "annissa essaibi george endorsements"], "annissa essaibi george net worth": ["annissa essaibi george dorchester ma", "annissa essaibi george pronunciation"], "annissa essaibi george partner": ["annissa essaibi george net worth", "annissa essaibi george father", "annissa essaibi george parents", "annissa essaibi george mother", "annissa essaibi george age", "annissa essaibi george staff", "annissa essaibi george twitter", "annissa essaibi george endorsements"], "annissa essaibi george police": ["annissa essaibi george commercial", "annissa essaibi george endorsements", "annissa essaibi george political views", "annissa essaibi george pronunciation", "annissa essaibi george wiki"], "annissa essaibi george race": ["annissa essaibi george parents", "annissa essaibi george net worth", "annissa essaibi george father", "annissa essaibi george staff", "annissa essaibi george campaign", "annissa essaibi george twitter", "annissa essaibi george boston globe", "annissa essaibi george endorsements"], "annissa essaibi george transportation": ["annissa essaibi george staff", "annissa essaibi george commercial", "annissa essaibi george father", "annissa essaibi george endorsements", "annissa essaibi george website", "annissa essaibi george parents", "annissa essaibi george twitter", "annissa essaibi george campaign manager"], "annissa essaibi george": ["annissa essaibi george net worth", "annissa essaibi george father", "annissa essaibi george parents", "annissa essaibi george family", "annissa essaibi george twitter", "annissa essaibi george endorsements", "annissa essaibi george commercial", "annissa essaibi george website"], "boston mayor candidates": ["boston mayoral candidates quiz", "boston mayoral poll 2021", "boston mayoral election results", "boston mayoral candidates party affiliation", "boston mayoral candidates on the issues", "boston mayoral polls", "boston mayoral candidates comparison", "boston preliminary election 2021"], "boston mayoral election": ["boston mayoral election results", "boston mayoral candidates on the issues", "boston mayoral polls", "boston mayoral election 2021 polls", "boston mayoral candidates party affiliation", "boston mayoral debate", "boston mayoral candidates comparison", "boston election"], "dana depelteau background": ["dana depelteau black lives matter", "john barros", "kim janey", "dana depelteau twitter", "dana depelteau tweets", "michelle wu", "calla walsh", "jon santiago"], "dana depelteau boston": ["dana depelteau black lives matter", "dana depelteau twitter", "dana depelteau tweets", "dana depelteau for mayor", "calla walsh"], "dana depelteau COVID": ["dana depelteau black lives matter", "dana depelteau twitter", "dana depelteau tweets", "dana depelteau for mayor", "calla walsh wikipedia", "calla walsh parents", "michelle wu", "calla walsh winsor school"], "dana depelteau crime": ["dana depelteau twitter", "dana depelteau tweets", "dana depelteau for mayor", "calla walsh"], "dana depelteau Education": ["dana depelteau black lives matter", "dana depelteau twitter", "john barros", "dana depelteau tweets", "calla walsh winsor school", "michelle wu", "calla walsh wikipedia", "boston mayoral polls"], "dana depelteau endorsement": ["dana depelteau black lives matter", "john barros", "boston mayoral candidates 2021", "dana depelteau boston", "boston mayoral election 2020", "boston mayoral election 2021 polls", "boston mayoral candidates on the issues", "boston mayoral polls"], "dana depelteau for mayor": ["dana depelteau black lives matter", "dana depelteau twitter", "dana depelteau tweets", "calla walsh parents", "michelle wu"], "dana depelteau housing": ["dana depelteau twitter", "dana depelteau tweets", "calla walsh parents", "calla walsh wikipedia", "dana depelteau for mayor", "calla walsh winsor school", "boston mayoral polls", "john barros"], "dana depelteau LGBT": ["when was lgbtq created", "lgbtq day", "lgbtq sexualities", "lgbtq meaning of each letter"], "dana depelteau mayoral election": ["boston mayoral candidates 2021", "boston mayoral election 2020", "boston mayoral election results", "dana depelteau black lives matter", "dana depelteau twitter", "boston mayoral candidates party affiliation", "boston mayoral polls", "boston mayoral election 2021 polls"], "dana depelteau MBTA": ["dana depelteau black lives matter", "dana depelteau twitter", "dana depelteau tweets", "calla walsh"], "dana depelteau net worth": ["dana depelteau black lives matter", "dana depelteau twitter", "boston mayoral primary 2021 date", "dana depelteau tweets", "boston mayoral polls", "boston mayoral election 2020", "dana depelteau for mayor", "boston mayoral primary date"], "dana depelteau partner": ["dana depelteau twitter", "dana depelteau tweets", "calla walsh parents", "michelle wu", "calla walsh wikipedia", "calla walsh winsor school", "calla walsh cambridge parents"], "dana depelteau police": ["dana depelteau black lives matter", "dana depelteau boston", "dana depelteau twitter", "calla walsh parents", "dana depelteau tweets", "calla walsh wikipedia", "dana depelteau mayor", "calla walsh winsor school"], "dana depelteau race": ["dana depelteau black lives matter", "dana depelteau twitter", "boston mayoral race candidates 2021", "boston mayoral election 2020", "dana depelteau tweets", "boston mayoral polls", "michelle wu boston mayor", "boston mayoral candidates comparison"], "dana depelteau transportation": ["dana depelteau black lives matter", "dana depelteau boston", "calla walsh wikipedia", "dana depelteau twitter", "calla walsh parents", "dana depelteau for mayor", "calla walsh winsor school", "calla walsh cambridge parents"], "dana depelteau": ["dana depelteau black lives matter", "dana depelteau twitter", "dana depelteau husband", "dana depelteau for mayor", "dana depelteau tweets", "calla walsh wikipedia", "calla walsh parents", "calla walsh cambridge parents"], "john barros background": ["john barros email", "annissa essaibi george"], "john barros boston": ["john barros boston wikipedia", "john barros boston wife", "john barros boston restaurant", "john barros boston political party", "john barros wife", "john barros boston globe", "john barros wiki", "john barros family"], "john barros COVID": ["john barros for mayor website", "john barros wife", "john barros age", "john barros boston wife", "john barros bio", "john barros email"], "john barros crime": false, "john barros Education": ["john barros for mayor website", "john barros political party", "john barros wife", "john barros wiki", "john barros age", "john barros boston wikipedia", "john barros bio", "john barros high school"], "john barros endorsement": ["john barros boston political party", "john barros wiki", "john barros boston wife", "john barros boston wikipedia", "john barros family", "john barros twitter", "john barros age", "john barros political party"], "john barros for mayor": ["john barros for mayor website", "john barros political party", "john barros wife", "john barros bio", "john barros mayor boston", "john barros website", "john barros family", "john barros restaurant"], "john barros housing": ["john barros wife", "john barros family", "john barros for mayor", "john barros political party", "john barros wiki", "john barros age", "john barros bc high", "john barros, boston"], "john barros LGBT": ["when was lgbtq created", "lgbtq day", "lgbtq sexualities", "lgbtq meaning of each letter"], "john barros mayoral election": ["john barros political party", "john barros for mayor website", "john barros wife", "boston mayoral candidates", "john barros boston wikipedia", "john barros wiki", "john barros boston mayor", "john barros bio"], "john barros MBTA": ["john barros for mayor website", "john barros wife", "john barros boston globe", "john barros boston wikipedia", "john barros boston wife", "john barros wiki", "john barros political party", "john barros age"], "john barros net worth": ["john barros wife", "john barros wikipedia", "john barros, boston", "kim janey, boston", "kim janey husband"], "john barros partner": ["john barros wife", "john barros wikipedia", "john barros political party", "john barros, boston", "john barros boston political party", "john barros email"], "john barros police": false, "john barros race": ["john barros wikipedia", "john barros family", "john barros for mayor website", "john barros wife", "john barros bio", "john barros political party", "john barros boston wikipedia", "john barros campaign manager"], "john barros transportation": ["john barros facebook"], "john barros": ["john barros wikipedia", "john barros wife", "john barros family", "john barros restaurant", "john barros for mayor website", "john barros political party", "john barros website", "john barros age"], "jon santiago background": ["john barros", "jon santiago wife", "jon santiago endorsements", "jon santiago mayor", "jon santiago photographer", "jon santiago campaign manager", "jon santiago age", "jon santiago bio"], "jon santiago boston": ["jon santiago boston globe", "jon santiago wife", "jon santiago age", "jon santiago facebook", "jon santiago wife alexandra", "jon santiago endorsements", "jon santiago state representative", "jon santiago photographer"], "jon santiago COVID": false, "jon santiago crime": ["santiago chile", "where is santiago"], "jon santiago Education": ["jon santiago photographer", "jon santiago wife", "jon santiago bio", "john barros", "jon santiago mayor", "jon santiago age", "jon santiago wife alexandra", "jon santiago campaign manager"], "jon santiago endorsement": ["jon santiago wife", "jon santiago campaign manager", "jon santiago mayor", "kim janey campaign website", "michelle wu", "andrea campbell", "annissa essaibi george"], "jon santiago for mayor": ["jon santiago wife", "jon santiago photographer", "jon santiago endorsements", "jon santiago campaign manager", "jon santiago twitter", "jon santiago state representative", "jon santiago facebook", "jon santiago boston globe"], "jon santiago housing": ["jon santiago wife", "jon santiago endorsements", "john barros", "jon santiago wife alexandra", "jon santiago campaign manager", "jon santiago mayor", "jon santiago photographer", "jon santiago facebook"], "jon santiago LGBT": ["when was lgbtq created", "lgbtq day", "lgbtq sexualities", "lgbt shows"], "jon santiago mayoral election": ["jon santiago wife", "jon santiago endorsements", "jon santiago campaign manager"], "jon santiago MBTA": ["jon santiago wife", "jon santiago endorsements", "jon santiago photographer", "jon santiago boston globe", "jon santiago wife alexandra", "jon santiago age", "jon santiago twitter", "jon santiago campaign manager"], "jon santiago net worth": ["jon santiago wife", "jon santiago endorsements", "jon santiago age", "jon santiago wife alexandra", "jon santiago high school", "jon santiago campaign manager", "john barros", "jon santiago photographer"], "jon santiago partner": false, "jon santiago police": ["jon santiago wife", "jon santiago wife alexandra", "jon santiago endorsements", "jon santiago state representative", "jon santiago campaign", "jon santiago mayor", "jon santiago photographer", "jon santiago boston globe"], "jon santiago race": ["jon santiago wife", "jon santiago endorsements", "jon santiago campaign manager"], "jon santiago transportation": ["jon santiago campaign manager", "jon santiago wife", "jon santiago endorsements", "jon santiago boston globe", "jon santiago wife alexandra", "john barros", "john barros, boston", "jon santiago facebook"], "jon santiago": ["jon santiago wife", "jon santiago photographer", "jon santiago instagram", "jon santiago campaign", "jon santiago mayor", "jon santiago age", "john barros", "jon santiago facebook"], "kim janey background": ["who is kim janey husband", "kim janey family", "kim janey married", "kim janey smith college", "kim janey father", "kim janey reading memorial high school", "kim janey net worth", "kim janey political views"], "kim janey boston": ["kim janey age", "kim janey partner", "kim janey campaign website", "kim janey political views", "kim janey campaign headquarters", "kim janey for mayor campaign", "kim janey wikipedia", "kim janey policies"], "kim janey COVID": ["kim janey mask mandate", "mask mandate boston", "massachusetts indoor mask mandate", "mask mandate cambridge, ma", "regeneron monoclonal antibody covid-19", "cdc covid cruise ships", "rhode island mask mandate", "massachusetts mask mandate august 2021"], "kim janey crime": ["kim janey for mayor", "kim janey husband"], "kim janey Education": ["kim janey reading memorial high school", "who is kim janey husband", "kim janey, boston", "kim janey smith college", "kim janey for mayor campaign", "kim janey net worth", "kim janey political views", "kim janey age"], "kim janey endorsement": ["kim janey for mayor", "kim janey campaign website", "kim janey for mayor campaign", "kim janey campaign manager", "kim janey policies", "mayor kim janey staff", "kim janey, boston", "kim janey wikipedia"], "kim janey for mayor": ["kim janey for mayor campaign", "kim janey campaign website", "kim janey political views", "is kim janey married", "kim janey campaign headquarters", "kim janey wikipedia", "kim janey age", "kim janey father"], "kim janey housing": ["kim janey campaign website", "kim janey campaign headquarters", "kim janey for mayor campaign", "who is kim janey husband", "kim janey kimesha", "kim janey partner", "kim janey family", "kim janey parents nationality"], "kim janey LGBT": ["when was lgbtq created", "lgbtq day", "lgbtq sexualities", "lgbt symbols"], "kim janey mayoral election": ["kim janey for mayor", "kim janey for mayor campaign", "boston mayoral election", "kim janey age", "kim janey partner", "kim janey staff", "mayor kim janey husband", "kim janey campaign"], "kim janey MBTA": ["kim janey for mayor", "kim janey husband", "kim janey age", "kim janey for mayor campaign", "kim janey father", "kim janey political views", "kim janey, boston", "kim janey partner"], "kim janey net worth": ["who is kim janey husband", "kim janey partner", "kim janey age", "kim janey parents nationality", "is kim janey married", "kim janey family", "how old is kim janey daughter", "kim janey political views"], "kim janey partner": ["how old is kim janey daughter", "is mayor kim janey married", "kim janey net worth", "kim janey campaign", "kim janey wikipedia", "kim janey parents nationality", "kim janey political views", "kim janey staff"], "kim janey police": ["dennis white wife", "boston police commissioner wife", "dennis white, boston police commissioner", "new boston police commissioner", "dennis white parents"], "kim janey race": ["kim janey age", "kim janey partner", "kim janey campaign", "kim janey parents", "kim janey father", "is kim janey married", "kim janey political views", "kim janey net worth"], "kim janey transportation": ["kim janey campaign headquarters", "kim janey salary", "kim janey political views", "kim janey press conference", "kim janey transition website", "kim janey twitter", "mayor kim janey twitter", "kim janey email"], "kim janey": ["kim janey political views", "kim janey wikipedia", "who is kim janey husband", "kim janey campaign", "kim janey net worth", "kim janey campaign website", "kim janey father", "kim janey for mayor campaign"], "michael bianchi background": ["michael bianchi boston", "michael j bianchi ii", "michael bianchi boston mayor", "michael bianchi brighton ma", "eric porter boston city council"], "michael bianchi boston": ["michael bianchi boston mayor", "michael bianchi brighton ma", "liz breadon", "liz breadon boston city council", "eric porter boston city council"], "michael bianchi COVID": false, "michael bianchi crime": false, "michael bianchi Education": false, "michael bianchi endorsement": ["michael bianchi boston city council", "eric porter boston city council"], "michael bianchi for mayor": ["michael bianchi brighton ma", "liz breadon", "eric porter boston city council", "liz breadon boston city council", "bianchi road bike"], "michael bianchi housing": false, "michael bianchi LGBT": ["when was lgbtq created", "lgbtq day", "lgbt symbols", "lgbtq sexualities"], "michael bianchi mayoral election": ["michael j bianchi ii", "michael bianchi brighton ma"], "michael bianchi MBTA": ["michael bianchi boston city council", "liz breadon", "eric porter boston city council", "liz breadon boston city council"], "michael bianchi net worth": false, "michael bianchi partner": false, "michael bianchi police": ["michael bianchi boston", "michael bianchi boston city council", "michael bianchi boston mayor", "michael bianchi brighton ma", "michael j bianchi boston city council", "eric porter boston city council"], "michael bianchi race": ["liz breadon", "michael bianchi brighton ma", "michael bianchi boston mayor", "bianchi road bike"], "michael bianchi transportation": false, "michael bianchi": ["michael bianchi actor", "michael bianchi boston", "michael bianchi obituary", "michael bianchi boston city council", "dr michael bianchi", "michael anthony bianchi", "michael bianchi architect", "liz breadon"], "michelle wu background": ["michelle wu salary", "michelle wu endorsements", "where does michelle wu live", "michelle wu linkedin", "is michelle wu related to janet wu", "michelle wu family", "michelle wu wikipedia", "michelle wu polls"], "michelle wu boston": ["michelle wu boston globe", "where does michelle wu live", "michelle wu family", "michelle wu mother", "michelle wu salary", "michelle wu instagram", "michelle wu bio", "michelle wu campaign"], "michelle wu COVID": false, "michelle wu crime": ["michelle wu announcement", "michelle wu signature collection", "michelle wu housing", "michelle wu events", "michelle wu child care", "michelle wu commercial", "michelle wu opioid", "michelle wu campaign"], "michelle wu Education": ["michelle wu education plan", "michelle wu family", "where does michelle wu live", "is michelle wu related to janet wu", "michelle wu commercial", "michelle wu mother", "michelle wu parents", "michelle wu mayor"], "michelle wu endorsement": ["michelle wu instagram", "andrea campbell endorsements", "michelle wu twitter", "michelle wu family", "michelle wu husband", "michelle wu harvard", "michelle wu policies", "where does michelle wu live"], "michelle wu for mayor": ["michelle wu campaign staff", "michelle wu, boston husband", "michelle wu twitter", "michelle wu instagram", "is michelle wu married", "michelle wu bio", "michelle wu linkedin", "michelle wu family"], "michelle wu housing": ["where does michelle wu live", "michelle wu husband", "michelle wu policies", "michelle wu child care", "michelle wu announcement", "michelle wu commercial", "michelle wu signature collection", "michelle wu lawn sign"], "michelle wu LGBT": ["when was lgbtq created", "lgbtq day", "lgbt shows", "lgbtq sexualities"], "michelle wu mayoral election": ["michelle wu family", "boston mayoral election 2021", "michelle wu husband", "michelle wu political party", "michelle wu campaign staff", "michelle wu mother", "michelle wu education", "michelle wu endorsements"], "michelle wu MBTA": ["michelle wu signature collection", "michelle wu election", "michelle wu announcement", "michelle wu housing", "michelle wu commercial", "michelle wu lawn sign", "michelle wu policies", "michelle wu chinatown"], "michelle wu net worth": ["michelle wu, boston husband", "michelle wu family", "michelle wu age", "where does michelle wu live", "is michelle wu married", "michelle wu siblings", "is michelle wu related to janet wu", "michelle wu wikipedia"], "michelle wu partner": ["michelle wu family", "is michelle wu married", "is michelle wu related to janet wu", "where does michelle wu live", "michelle wu siblings", "michelle wu net worth", "michelle wu mother", "michelle wu age"], "michelle wu police": ["michelle wu announcement", "michelle wu election", "michelle wu housing", "michelle wu commercial", "michelle wu signature collection", "michelle wu accomplishments", "michelle wu education plan", "michelle wu events"], "michelle wu race": ["michelle wu, boston husband", "michelle wu mother", "michelle wu family", "michelle wu instagram", "michelle wu mayor", "michelle wu twitter", "michelle wu campaign staff", "michelle wu education"], "michelle wu transportation": ["michelle wu signature collection", "michelle wu housing", "michelle wu announcement", "michelle wu commercial", "michelle wu election", "michelle wu lawn sign", "michelle wu accomplishments", "michelle wu child care"], "michelle wu": ["michelle wu instagram", "michelle wu family", "michelle wu wikipedia", "michelle wu salary", "michelle wu mayor", "michelle wu bio", "michelle wu mother", "michelle wu polls"]}