{"boston mayoral election": ["boston mayoral election 2020", "boston mayoral election results", "boston mayoral primary", "boston mayoral election 2021 primary", "boston mayoral polls", "boston mayoral election 2021 polls", "2017 boston mayoral election", "boston mayoral candidates on the issues", "boston mayoral election 2021"], "boston mayor candidates": ["boston mayoral election 2020", "boston mayoral election 2021 primary", "boston mayoral race candidates 2021", "boston mayoral election results", "boston mayoral candidates party affiliation", "boston mayoral candidates on the issues", "boston mayoral polls", "boston mayoral candidates comparison", "boston mayoral candidates 2021"], "michelle wu": ["michelle wu husband", "boston mayor", "Lydia Edwards", "boston mayoral candidates", "boston mayoral election", "michelle wu linkedin"], "andrea campbell": ["andrea campbell husband", "andrea campbell brother", "alvin campbell", "andrea campbell argentina", "andrea campbell boston", "andrea campbell for mayor", "andrea campbell boston husband", "andrea campbell boston mayor", "andrea campbell endorsements"], "dana depelteau": ["calla walsh", "dana depelteau twitter", "dana depelteau", "dana depelteau black lives matter", "dana depelteau boston"], "annissa essaibi george": ["annissa essaibi george husband", "david halbert", "boston mayor", "annissa essaibi george father", "Lydia Edwards", "boston mayoral candidates", "michael flaherty", "annissa essaibi george family"], "jon santiago": ["boston globe", "jon santiago wife", "jon santiago age", "jon santiago campaign manager", "jon santiago endorsements", "jon santiago ad", "jon santiago mayor boston", "jon santiago wife alexandra", "jon santiago twitter"], "kim janey": ["kim janey husband", "boston mayor", "kim janey daughter", "Lydia Edwards", "kim janey mayor", "kim janey family", "kim janey age", "biden press conference", "epic pass"], "michael bianchi": ["eric porter boston city council", "michael bianchi", "michael bianchi boston", "michael bianchi brighton ma", "michael bianchi boston city council", "michael bianchi attorney omaha", "michael bianchi obituary", "dr michael bianchi", "michael bianchini"], "john barros": ["john barros boston", "john barros wife", "boston mayoral race", "john barros bio", "john barros education", "john barrows sales", "john barros wikipedia", "john barros boston wife", "john barros campaign manager"], "michelle wu boston": ["andrea campbell boston", "boston mayor", "boston election results", "michelle wu boston husband", "michelle wu boston ma", "michelle wu boston latin", "michelle wu boston bio", "michelle wu boston globe", "michelle wu boston mayor polls"], "andrea campbell boston": ["andrea campbell boston husband", "boston mayoral candidates", "boston mayoral race", "andrea campbell boston brother", "andrea campbell boston", "andrea campbell boston mayor", "andrea campbell boston mayoral candidate", "andrea campbell boston globe", "andrea campbell boston public schools"], "dana depelteau boston": ["dana depelteau boston"], "annissa essaibi george boston": ["annissa essaibi george boston", "annissa essaibi george boston globe", "annissa essaibi george boston mayor"], "jon santiago boston": ["jon santiago boston", "jon santiago boston globe", "dr. jon santiago boston", "dr jon santiago boston medical center", "jon santiago boston medical center", "jon santiago boston ma"], "kim janey boston": ["kim janey husband", "kim janey boston", "kim janey boston globe", "kim janey boston vaccine", "kim janey boston herald", "kim janey boston mask mandate", "how old is kim janey boston", "kim janey boston gov", "new boston mayor kim janey"], "michael bianchi boston": ["michael bianchi boston", "michael bianchi boston city council", "michael bianchi boston mayor"], "john barros boston": ["john barros wife", "john barros boston", "john barros boston wife", "john barros boston school committee", "john barros boston ma", "john barros boston globe", "john barros boston political party", "john barros boston wikipedia", "john barros boston restaurant", "john barros city of boston"], "michelle wu mayoral election": ["michelle wu mayor", "michelle wu running for mayor", "michelle wu endorsements"], "andrea campbell mayoral election": ["city councilor andrea campbell"], "dana depelteau mayoral election": [], "annissa essaibi george mayoral election": ["city councilor annissa essaibi-george"], "jon santiago mayoral election": [], "kim janey mayoral election": ["kim janey mayor election"], "michael bianchi mayoral election": [], "john barros mayoral election": [], "michelle wu for mayor": ["Michelle Wu", "michelle wu for mayor", "michelle wu for mayor mobilize", "michelle wu for mayor jobs", "michelle wu running for mayor", "michelle wu for mayor of boston"], "andrea campbell for mayor": ["andrea campbell for mayor", "andrea campbell for mayor of boston"], "dana depelteau for mayor": ["dana depelteau for mayor"], "annissa essaibi george for mayor": ["annissa essaibi george for mayor"], "jon santiago for mayor": ["jon santiago for mayor"], "kim janey for mayor": ["kim janey for mayor", "kim janey running for mayor", "will kim janey run for mayor"], "michael bianchi for mayor": ["michael bianchi"], "john barros for mayor": ["john barros for mayor"], "michelle wu partner": [], "andrea campbell partner": ["andrea campbell", "andrea campbell husband"], "dana depelteau partner": ["dana depelteau"], "annissa essaibi george partner": ["annissa essaibi"], "jon santiago partner": [], "kim janey partner": ["kim janey partner"], "michael bianchi partner": [], "john barros partner": ["john barros", "john barros wife", "john barros massachusetts"], "michelle wu race": ["michelle wu", "michelle wu mayor", "michelle wu campaign", "michelle wu bio"], "andrea campbell race": [], "dana depelteau race": [], "annissa essaibi george race": [], "jon santiago race": [], "kim janey race": ["kim janey", "kim janey staff"], "michael bianchi race": [], "john barros race": ["john barros"], "michelle wu endorsement": ["michelle wu endorsements"], "andrea campbell endorsement": ["andrea campbell endorsements"], "dana depelteau endorsement": [], "annissa essaibi george endorsement": ["annissa essaibi george endorsements"], "jon santiago endorsement": ["jon santiago endorsements"], "kim janey endorsement": ["kim janey endorsements"], "michael bianchi endorsement": [], "john barros endorsement": ["john barros endorsements"], "michelle wu COVID": ["michelle wu covid", "winners during covid"], "andrea campbell COVID": ["andrea campbell"], "dana depelteau COVID": [], "annissa essaibi george COVID": ["annissa essaibi"], "jon santiago COVID": [], "kim janey COVID": ["kim janey covid update"], "michael bianchi COVID": [], "john barros COVID": [], "michelle wu transportation": ["michelle wu transportation", "michelle wu office", "michelle wu", "michelle wu email", "michelle wu mbta"], "andrea campbell transportation": ["andrea campbell transportation plan"], "dana depelteau transportation": [], "annissa essaibi george transportation": [], "jon santiago transportation": [], "kim janey transportation": ["kim janey", "kim janey office"], "michael bianchi transportation": ["michael bianchi llc", "michael bianchi"], "michelle wu MBTA": ["michelle wu mbta", "michelle wu free mbta"], "andrea campbell MBTA": ["andrea campbell boston", "andrea campbell boston ma", "andrea campbell boston city council"], "dana depelteau MBTA": [], "annissa essaibi george MBTA": ["annissa essaibi"], "jon santiago MBTA": [], "kim janey MBTA": ["kim janey"], "michael bianchi MBTA": [], "john barros MBTA": ["john barros massachusetts", "john barros"], "michelle wu Education": ["michelle wu education", "michelle wu education plan"], "andrea campbell Education": ["andrea campbell education"], "dana depelteau Education": [], "annissa essaibi george Education": ["annissa essaibi george education"], "jon santiago Education": [], "kim janey Education": ["kim janey education", "kim janey education background"], "michael bianchi Education": ["michael bianchi", "michael bianchi llc"], "john barros Education": ["john barros education"], "michelle wu LGBT": [], "andrea campbell LGBT": [], "dana depelteau LGBT": [], "annissa essaibi george LGBT": ["annissa essaibi"], "jon santiago LGBT": [], "kim janey LGBT": [], "michael bianchi LGBT": [], "john barros LGBT": [], "michelle wu background": ["michelle wu background"], "dana depelteau background": [], "annissa essaibi george background": ["annissa essaibi"], "jon santiago background": ["jon santiago"], "kim janey background": ["kim janey background"], "michael bianchi background": ["michael bianchi", "michael bianchi llc", "michael bianchi architect"], "john barros background": ["john barros", "john barros wife"], "michelle wu net worth": ["michelle wu net worth", "how much is michelle mone worth", "how much is michelle worth"], "andrea campbell net worth": [], "dana depelteau net worth": [], "annissa essaibi george net worth": ["annissa essaibi george net worth"], "jon santiago net worth": [], "kim janey net worth": ["kim janey net worth", "how much is kim worth", "how rich is kim", "how much is kim west worth", "what is kim's net worth"], "michael bianchi net worth": [], "john barros net worth": ["john barros wife", "john barros wikipedia", "is john barros related to dana barros", "john barros age", "john barros bio", "steve samuels boston net worth", "john barros restaurant", "john barros bc high"], "andrea campbell background": ["andrea campbell background"], "michelle wu crime": ["michelle wu", "michelle wu attorney", "michelle wu bio"], "andrea campbell crime": [], "dana depelteau crime": [], "annissa essaibi george crime": ["annissa essaibi"], "jon santiago crime": ["jon santiago"], "kim janey crime": ["kim janey"], "michael bianchi crime": ["michael bianchi"], "john barros crime": ["john barros", "john barros massachusetts"], "michelle wu police": ["michelle boston", "michelle wu election", "michelle wu announcement", "michelle wu mobilize", "michelle wu endorsements", "michelle wu housing", "michelle wu accomplishments", "michelle wu child care"], "andrea campbell police": ["andrea campbell boston police"], "annissa essaibi george police": [], "jon santiago police": ["jon santiago wife", "jon santiago wife alexandra", "jon santiago state representative", "jon santiago endorsements", "jon santiago high school", "is jon santiago married", "jon santiago mayor", "jon santiago campaign"], "kim janey police": [], "michael bianchi police": ["michael bianchi"], "john barros police": ["john barros"], "michelle wu housing": ["michelle wu housing"], "andrea campbell housing": ["andrea campbell housing"], "dana depelteau housing": ["dana depelteau black lives matter", "dana depelteau twitter", "dana depelteau boston", "boston mayoral polls", "calla walsh parents", "boston mayoral candidates 2021", "boston elections 2021", "boston mayoral election 2020"], "annissa essaibi george housing": ["annissa essaibi george housing"], "kim janey housing": ["kim janey housing"], "michael bianchi housing": ["michael bianchi", "michael bianchi llc", "michael bianchi architect"], "john barros housing": ["john barros housing"], "john barros transportation": ["john barros"], "jon santiago housing": ["jon santiago"], "dana depelteau police": []}