{"andrea campbell background": ["andrea campbell father", "andrea campbell family", "andrea campbell brother", "andrea campbell wikipedia", "andrea campbell parents", "andrea campbell husband", "andrea campbell twin brother", "andrea campbell brother andre"], "andrea campbell boston": ["andrea campbell boston husband", "andrea campbell boston brother", "andrea campbell boston father", "andrea campbell family", "andrea campbell brother andre", "andrea campbell boston platform", "andrea campbell boston public schools", "andrea campbell husband matthew"], "andrea campbell COVID": false, "andrea campbell crime": ["andrea campbell bio", "andrea campbell twin brother", "andrea campbell husband", "andrea campbell family", "andrea campbell brother", "andrea campbell father", "andrea campbell age", "andrea campbell brother andre"], "andrea campbell Education": ["andrea campbell family", "andrea campbell brother andre", "andrea campbell bio", "andrea campbell husband", "andrea campbell father", "andrea campbell wikipedia", "andrea campbell parents", "andrea campbell education plan"], "andrea campbell endorsement": ["andrea campbell husband", "andrea campbell fundraising", "andrea campbell campaign manager", "andrea campbell events", "andrea campbell campaign jobs", "andrea campbell boston platform", "andrea campbell obituary", "andrea campbell brother andre"], "andrea campbell for mayor": ["andrea campbell bio", "andrea campbell campaign manager", "andrea campbell father", "andrea campbell brother andre", "andrea campbell family", "andrea campbell parents", "andrea campbell brother", "andrea campbell princeton"], "andrea campbell housing": ["andrea campbell husband matthew", "andrea campbell husband", "andrea campbell family", "andrea campbell father", "andrea campbell brother andre", "andre campbell obituary", "andrea campbell twin brother", "andrea campbell bio"], "andrea campbell LGBT": ["when was lgbtq created", "lgbtq meaning of each letter", "lgbtq sexualities", "lgbtq day"], "andrea campbell mayoral election": ["andrea campbell family", "andrea campbell twin brother", "andrea campbell campaign manager", "andrea campbell brother", "andrea campbell husband", "andrea campbell for mayor", "andrea campbell bio", "andrea campbell husband matthew"], "andrea campbell MBTA": ["andrea campbell bio", "andrea campbell brother andre", "andrea campbell husband", "andrea campbell family", "andrea campbell twin brother", "andrea campbell father", "andrea campbell age", "andre campbell obituary"], "andrea campbell net worth": ["andrea campbell husband", "andrea campbell family", "andrea campbell twin brother", "andrea campbell husband matthew", "andrea campbell brother", "andrea campbell father", "andrea campbell bio", "andrea campbell age"], "andrea campbell partner": ["andrea campbell brother", "andrea campbell husband matthew", "matthew scheier andrea campbell", "andrea campbell instagram", "andrea campbell obituary", "andrea campbell events", "andrea campbell facebook", "andrea campbell housing"], "andrea campbell police": ["andrea campbell police union", "andrea campbell husband", "andrea campbell brother", "andrea campbell obituary", "andrea campbell brother andre", "andrea campbell events", "andrea campbell housing", "andrea campbell covid"], "andrea campbell race": ["andrea campbell parents", "andrea campbell father", "andrea campbell husband", "andrea campbell family", "andrea campbell bio", "andrea campbell twin brother", "andrea campbell brother", "andrea campbell husband matthew"], "andrea campbell transportation": ["andrea campbell campaign jobs", "andrea campbell campaign manager", "andrea campbell events", "andrea campbell boston public schools", "andrea campbell housing", "andrea campbell covid", "andrea campbell endorsements", "andrea campbell boston platform"], "andrea campbell": ["andrea campbell husband", "andrea campbell brother", "andrea campbell brother andre", "andrea campbell father", "andrea campbell age", "andrea campbell parents", "andrea campbell bio", "andrea campbell family"], "annissa essaibi george background": ["annissa essaibi george father", "annissa essaibi george ethnicity", "annissa essaibi george political views", "annissa essaibi george staff", "annissa essaibi george campaign", "annissa essaibi george campaign website", "annissa essaibi george parents", "annissa essaibi george campaign manager"], "annissa essaibi george boston": ["annissa essaibi george father", "annissa essaibi george ethnicity", "annissa essaibi george boston globe", "annissa essaibi george family", "annissa essaibi george parents", "annissa essaibi-george weight loss", "annissa essaibi george website", "douglas george boston"], "annissa essaibi george COVID": false, "annissa essaibi george crime": ["annissa essaibi george mayor", "annissa essaibi george campaign manager", "annissa essaibi george endorsements"], "annissa essaibi george Education": ["annissa essaibi george parents", "annissa essaibi george staff", "annissa essaibi george ethnicity", "annissa essaibi george mayor", "annissa essaibi george father", "annissa essaibi george family", "annissa essaibi george twitter", "annissa essaibi george website"], "annissa essaibi george endorsement": ["annissa essaibi george mayor", "annissa essaibi george staff", "annissa essaibi george campaign manager", "annissa essaibi george twitter", "annissa essaibi george family", "annissa essaibi george wiki", "boston globe annissa essaibi george"], "annissa essaibi george for mayor": ["annissa essaibi george campaign website", "annissa essaibi george ethnicity", "annissa essaibi george campaign manager", "annissa essaibi george family", "annissa essaibi george parents", "annissa essaibi george website", "annissa george", "annissa essaibi george facebook"], "annissa essaibi george housing": ["annissa george", "annissa essaibi george mayor", "annissa essaibi george ethnicity", "annissa essaibi george staff", "annissa essaibi george campaign website", "annissa essaibi george endorsements", "annissa essaibi george father", "annissa essaibi george twitter"], "annissa essaibi george LGBT": ["when was lgbtq created"], "annissa essaibi george mayoral election": ["annissa essaibi george campaign website", "annissa essaibi george endorsements", "annissa essaibi george campaign manager", "annissa essaibi george father", "annissa essaibi george twitter", "annissa essaibi george family", "annissa essaibi george facebook", "john barros"], "annissa essaibi george MBTA": ["annissa essaibi george boston", "annissa essaibi george father", "annissa essaibi george twitter", "annissa essaibi george boston globe", "annissa essaibi george website", "annissa essaibi george campaign website", "annissa essaibi george ethnicity", "annissa essaibi george staff"], "annissa essaibi george net worth": false, "annissa essaibi george partner": ["annissa essaibi george father", "annissa essaibi george ethnicity", "annissa essaibi george parents", "annissa essaibi george family", "annissa essaibi george staff", "annissa essaibi george twitter", "annissa essaibi george endorsements", "annissa essaibi george campaign manager"], "annissa essaibi george police": ["annissa essaibi george endorsements", "annissa essaibi george mayor", "annissa essaibi george campaign manager"], "annissa essaibi george race": ["annissa essaibi george father", "annissa essaibi george mayor", "annissa essaibi george person of color", "annissa essaibi george twitter", "annissa essaibi george political views", "annissa essaibi george boston globe", "annissa essaibi george endorsements", "annissa essaibi george family"], "annissa essaibi george transportation": ["annissa essaibi george staff", "annissa essaibi george father", "annissa essaibi george mayor", "annissa essaibi george ethnicity", "annissa essaibi george endorsements", "annissa essaibi george parents", "annissa essaibi george twitter", "annissa essaibi george website"], "annissa essaibi george": ["annissa essaibi george father", "annissa essaibi george ethnicity", "annissa essaibi george family", "annissa essaibi george parents", "annissa essaibi george political views", "annissa essaibi-george weight loss", "annissa essaibi george website", "annissa essaibi george endorsements"], "boston mayor candidates": ["boston mayoral election 2020", "boston mayoral election candidates", "boston elections, 2021", "boston mayoral race candidates 2021", "boston mayoral poll 2021", "boston mayoral primary election", "boston mayoral race poll", "boston mayoral candidates on the issues"], "boston mayoral election": ["boston mayoral election results", "boston mayoral election 2020", "boston mayoral candidates 2021", "boston mayoral election 2021 primary", "boston mayoral election primary", "boston mayoral polls", "boston mayoral election polls", "boston mayoral election candidates"], "dana depelteau background": ["dana depelteau black lives matter", "john barros", "dana depelteau twitter", "kim janey", "michelle wu", "richard spagnuolo mayor", "michael j. bianchi ii", "boston mayoral polls"], "dana depelteau boston": ["dana depelteau black lives matter", "dana depelteau twitter", "dana depelteau tweets", "dana depelteau for mayor", "calla walsh", "michelle wu"], "dana depelteau COVID": ["dana depelteau black lives matter", "dana depelteau twitter", "dana depelteau tweets", "michelle wu", "calla walsh"], "dana depelteau crime": ["dana depelteau twitter", "dana depelteau tweets", "dana depelteau for mayor", "michelle wu", "calla walsh"], "dana depelteau Education": ["dana depelteau black lives matter", "dana depelteau twitter", "dana depelteau tweets", "michelle wu", "calla walsh"], "dana depelteau endorsement": ["boston mayoral candidates 2021", "2021 boston mayoral election", "boston mayoral election 2020", "boston city council candidates 2021", "boston mayoral election 2021 candidates", "boston mayoral election candidates", "boston mayoral primary", "boston mayoral primary 2021 date"], "dana depelteau for mayor": ["dana depelteau black lives matter", "dana depelteau twitter", "dana depelteau tweets", "michelle wu", "calla walsh"], "dana depelteau housing": ["dana depelteau black lives matter", "dana depelteau twitter", "dana depelteau tweets", "calla walsh", "michelle wu"], "dana depelteau LGBT": ["when was lgbtq created", "lgbtq meaning of each letter", "lgbtq sexualities", "lgbtq day"], "dana depelteau mayoral election": ["boston mayoral candidates 2021", "boston mayoral election 2020", "dana depelteau twitter", "richard spagnuolo mayor", "dana depelteau black lives matter", "boston mayoral election results", "boston mayoral polls", "boston mayoral election 2021 candidates"], "dana depelteau MBTA": ["dana depelteau twitter", "dana depelteau tweets", "calla walsh", "michelle wu"], "dana depelteau net worth": ["dana depelteau black lives matter", "dana depelteau twitter", "dana depelteau tweets", "boston mayoral polls", "boston mayoral candidates 2021", "when is boston mayoral election 2021", "boston mayoral poll 2021", "dana depelteau for mayor"], "dana depelteau partner": ["dana depelteau black lives matter", "dana depelteau twitter", "calla walsh"], "dana depelteau police": ["dana depelteau black lives matter", "dana depelteau twitter", "dana depelteau boston", "dana depelteau tweets", "dana depelteau mayor", "michelle wu", "calla walsh"], "dana depelteau race": ["dana depelteau black lives matter", "richard spagnuolo mayor", "kim janey for mayor", "who is running for boston mayor", "dana depelteau twitter", "boston mayoral polls", "boston mayoral race candidates 2021", "annissa essaibi george"], "dana depelteau transportation": ["dana depelteau black lives matter", "john barros", "dana depelteau twitter", "calla walsh wikipedia", "dana depelteau for mayor", "boston mayoral polls", "calla walsh parents", "boston mayoral election"], "dana depelteau": ["dana depelteau black lives matter", "dana depelteau twitter", "dana depelteau linkedin", "dana depelteau tweets", "calla walsh", "michelle wu"], "john barros background": ["john barros for mayor website", "john barros political party", "john barros bc high", "john barros restaurant", "john barros boston mayor"], "john barros boston": ["john barros boston wikipedia", "john barros boston wife", "john barros boston restaurant", "john barros boston mayor", "john barros wife", "john barros boston globe", "john barros for mayor website", "john barros twitter"], "john barros COVID": ["john barros for mayor website", "john barros wife", "john barros boston wikipedia", "john barros political party", "john barros wikipedia", "john barros bio", "john barros restaurant", "john barros bc high"], "john barros crime": false, "john barros Education": ["john barros for mayor website", "john barros political party", "john barros wife", "john barros bio", "john barros wikipedia", "john barros age", "john barros boston wikipedia", "john barros family"], "john barros endorsement": ["john barros for mayor website", "john barros political party", "john barros wikipedia", "john barros family", "john barros wife", "john barros twitter", "john barros campaign", "john barros campaign manager"], "john barros for mayor": ["john barros for mayor website", "john barros political party", "john barros wife", "john barros bio", "john barros wikipedia", "john barros boston mayor", "john barros family", "john barros restaurant"], "john barros housing": ["john barros for mayor website", "john barros wife", "john barros family", "john barros political party", "john barros bio", "john barros education", "john barros wikipedia", "john barros bc high"], "john barros LGBT": ["when was lgbtq created", "lgbtq meaning of each letter", "lgbtq sexualities", "lgbtq day"], "john barros mayoral election": ["john barros for mayor website", "john barros political party", "john barros wife", "john barros boston wikipedia", "john barros bio", "john barros boston mayor", "john barros campaign manager", "john barros twitter"], "john barros MBTA": ["john barros for mayor website", "john barros wife", "john barros boston wikipedia", "john barros political party", "john barros bio", "john barros boston wife", "john barros campaign", "john barros restaurant"], "john barros net worth": ["john barros wife", "john barros wikipedia", "john barros age", "john barros bio", "john barros restaurant", "john barros bc high", "john barros education", "kim janey"], "john barros partner": ["john barros wife", "john barros family", "john barros wikipedia", "john barros political party", "john barros boston wikipedia", "john barros bio", "john barros for mayor website", "john barros campaign"], "john barros police": false, "john barros race": ["john barros wikipedia", "john barros family", "john barros for mayor website", "john barros bio", "john barros wife", "john barros political party", "john barros boston wikipedia", "john barros campaign manager"], "john barros transportation": ["john barros for mayor website", "john barros political party", "john barros boston wikipedia", "john barros campaign", "john barros campaign website", "john barros wife", "john barros bio", "john barros campaign manager"], "john barros": ["john barros wife", "john barros wikipedia", "john barros boston wikipedia", "john barros family", "john barros restaurant", "john barros political party", "john barros for mayor website", "john barros twitter"], "jon santiago background": ["john barros", "jon santiago wife", "jon santiago mayor", "jon santiago endorsements", "jon santiago photographer", "jon santiago campaign manager", "jon santiago age", "is jon santiago married"], "jon santiago boston": ["jon santiago wife", "jon santiago boston mayor", "jon santiago boston globe", "jon santiago campaign", "jon santiago endorsements", "jon santiago age", "is jon santiago married", "jon santiago high school"], "jon santiago COVID": ["jon santiago instagram"], "jon santiago crime": ["jon santiago wife", "jon santiago endorsements", "jon santiago mayor", "jon santiago wife alexandra", "jon santiago boston mayor", "jon santiago campaign manager", "jon santiago age", "jon santiago boston globe"], "jon santiago Education": ["jon santiago photographer", "jon santiago wife", "is jon santiago married", "john barros", "jon santiago bio", "jon santiago mayor", "jon santiago age", "jon santiago high school"], "jon santiago endorsement": false, "jon santiago for mayor": ["jon santiago wife", "jon santiago photographer", "jon santiago endorsements", "jon santiago campaign manager", "jon santiago boston mayor", "john barros", "is jon santiago married", "jon santiago high school"], "jon santiago housing": ["jon santiago wife", "is jon santiago married", "john barros", "jon santiago endorsements", "jon santiago wife alexandra", "jon santiago mayor", "jon santiago campaign", "jon santiago campaign manager"], "jon santiago LGBT": ["when was lgbtq created", "lgbtq meaning of each letter", "lgbtq sexualities", "lgbtq day"], "jon santiago mayoral election": false, "jon santiago MBTA": ["jon santiago wife", "is jon santiago married", "jon santiago photographer", "jon santiago endorsements", "jon santiago high school", "jon santiago age", "jon santiago wife alexandra", "jon santiago campaign"], "jon santiago net worth": false, "jon santiago partner": ["jon santiago wife", "jon santiago wife alexandra", "jon santiago mayor", "jon santiago campaign manager", "jon santiago endorsements", "jon santiago age", "jon santiago boston mayor", "jon santiago boston globe"], "jon santiago police": ["jon santiago wife", "jon santiago endorsements", "jon santiago state representative", "is jon santiago married", "jon santiago campaign", "jon santiago wife alexandra", "jon santiago mayor", "jon santiago photographer"], "jon santiago race": false, "jon santiago transportation": ["jon santiago campaign manager", "jon santiago wife", "john barros", "jon santiago mayor", "jon santiago wife alexandra", "jon santiago endorsements", "jon santiago boston mayor", "jon santiago age"], "jon santiago": ["jon santiago wife", "is jon santiago married", "jon santiago photographer", "jon santiago campaign", "jon santiago age", "jon santiago high school", "jon santiago instagram", "jon santiago endorsements"], "kim janey background": ["who is kim janey husband", "kim janey for mayor", "kim janey campaign website", "kim janey campaign", "kim janey campaign manager", "kim janey married", "kim janey wikipedia", "kim janey father"], "kim janey boston": ["kim janey campaign website", "kim janey for mayor", "kim janey age", "kim janey husband", "kim janey for mayor campaign", "kim janey, boston mayor", "kim janey partner", "kim janey political views"], "kim janey COVID": false, "kim janey crime": ["kim janey political views", "kim janey boston herald", "kim janey press conference"], "kim janey Education": ["kim janey smith college", "kim janey reading memorial high school", "kim janey, boston mayor", "who is kim janey husband", "kim janey for mayor campaign", "kim janey political views", "kim janey campaign website", "kim janey for mayor"], "kim janey endorsement": ["kim janey for mayor", "kim janey political views", "kim janey election", "who is kim janey husband", "kim janey campaign manager", "kim janey partner", "kim janey parents nationality", "kim janey salary"], "kim janey for mayor": ["kim janey for mayor campaign", "kim janey campaign website", "kim janey running for mayor", "kim janey campaign manager", "kim janey husband", "kim janey age", "kim janey political views", "kim janey partner"], "kim janey housing": ["kim janey for mayor", "kim janey campaign manager", "kim janey election", "who is kim janey husband", "kim janey partner", "kim janey parents nationality", "kim janey family", "kim janey volunteer"], "kim janey LGBT": ["when was lgbtq created"], "kim janey mayoral election": ["kim janey for mayor", "kim janey for mayor campaign", "kim janey running for mayor", "kim janey political views", "boston mayoral election", "kim janey husband", "kim janey, boston mayor", "kim janey campaign website"], "kim janey MBTA": ["kim janey for mayor", "kim janey husband", "kim janey age", "kim janey for mayor campaign", "kim janey campaign website", "kim janey political views", "kim janey running for mayor", "kim janey campaign headquarters"], "kim janey net worth": ["kim janey partner", "kim janey husband", "kim janey age", "kim janey parents nationality", "kim janey wikipedia", "kim janey political views", "is kim janey married", "how old is kim janey daughter"], "kim janey partner": ["who is kim janey husband", "is mayor kim janey married", "kim janey parents nationality", "kim janey reading memorial high school", "kim janey net worth", "kim janey wikipedia", "kim janey, boston mayor", "kim janey political views"], "kim janey police": ["boston police commissioner wife", "dennis white, boston police wife", "dennis white wife", "dennis white, boston police commissioner", "dennis white parents", "dennis white family"], "kim janey race": ["kim janey for mayor", "kim janey age", "who is kim janey husband", "kim janey partner", "kim janey campaign", "kim janey for mayor campaign", "is kim janey married", "kim janey father"], "kim janey transportation": false, "kim janey": ["kim janey political views", "mayor kim janey", "kim janey husband", "kim janey father", "kim janey wikipedia", "kim janey running for mayor", "kim janey campaign", "kim janey campaign manager"], "michael bianchi background": ["michael bianchi boston", "michael bianchi boston mayor", "michael bianchi brighton ma", "michael bianchi mayor", "michael bianchi actor", "eric porter boston city council"], "michael bianchi boston": ["michael bianchi boston mayor", "michael bianchi boston city council", "michael bianchi brighton ma", "eric porter boston city council", "michael bianchi mayor"], "michael bianchi COVID": ["michael bianchi boston", "michael bianchi boston mayor", "michael bianchi brighton ma", "michael bianchi mayor", "eric porter boston city council"], "michael bianchi crime": false, "michael bianchi Education": false, "michael bianchi endorsement": false, "michael bianchi for mayor": ["michael bianchi boston city council", "michael bianchi brighton ma", "michael bianchi boston mayor", "eric porter boston city council", "bianchi road bike"], "michael bianchi housing": false, "michael bianchi LGBT": ["when was lgbtq created", "lgbtq day", "lgbtq sexualities", "lgbtq meaning of each letter"], "michael bianchi mayoral election": ["michael bianchi boston city council", "richard spagnuolo mayor", "boston mayoral polls", "michael bianchi brighton ma", "john barros", "eric porter boston city council", "jon santiago", "annissa essaibi george"], "michael bianchi MBTA": ["michael bianchi boston mayor"], "michael bianchi net worth": false, "michael bianchi partner": false, "michael bianchi police": ["michael bianchi boston", "michael bianchi boston mayor", "michael bianchi brighton ma", "michael bianchi mayor", "eric porter boston city council"], "michael bianchi race": ["michael bianchi boston city council", "michael bianchi mayor", "eric porter boston city council", "bianchi road bike"], "michael bianchi transportation": false, "michael bianchi": ["michael bianchi actor", "michael bianchi boston", "michael bianchi obituary", "michael bianchi boston mayor", "michael bianchi brighton", "michael bianchi mayor", "michael bianchi architect", "michael bianchi brighton ma"], "michelle wu background": ["michelle wu family", "michelle wu mother", "michelle wu email", "michelle wu instagram", "michelle wu twitter", "michelle wu linkedin", "michelle wu mayor", "michelle wu wiki"], "michelle wu boston": ["michelle wu boston college", "michelle wu boston latin", "michelle wu instagram", "michelle wu boston globe", "michelle wu boston public schools", "michelle wu twitter", "michelle wu boston mayor", "michelle wu linkedin"], "michelle wu COVID": ["michelle wu's parents", "michelle wu chinatown"], "michelle wu crime": ["michelle wu boston husband", "michelle wu twitter", "michelle wu family", "michelle wu announcement", "michelle wu mother", "michelle wu housing", "michelle wu events", "michelle wu mayor"], "michelle wu Education": ["michelle wu education plan", "michelle wu family", "michelle wu endorsements", "michelle wu mother", "michelle wu election", "michelle wu mayor", "michelle wu transportation", "michelle wu father"], "michelle wu endorsement": ["michelle wu instagram", "andrea campbell endorsements", "michelle wu announcement", "michelle wu family", "michelle wu husband", "michelle wu policies", "michelle wu mother", "michelle wu events"], "michelle wu for mayor": ["michelle wu instagram", "michelle wu boston husband", "michelle wu family", "michelle wu endorsements", "michelle wu campaign staff", "michelle wu twitter", "michelle wu mother", "michelle wu linkedin"], "michelle wu housing": ["michelle wu child care", "michelle wu announcement", "michelle wu endorsements", "michelle wu transportation", "michelle wu events", "michelle wu consulting", "michelle wu election", "michelle wu mbta"], "michelle wu LGBT": false, "michelle wu mayoral election": ["michelle wu husband", "michelle wu family", "michelle wu instagram", "michelle wu twitter", "michelle wu campaign staff", "michelle wu endorsements", "boston mayoral candidates", "michelle wu mother"], "michelle wu MBTA": ["michelle wu instagram", "michelle wu twitter", "michelle wu transportation", "michelle wu election", "michelle wu announcement", "michelle wu housing", "michelle wu child care", "michelle wu events"], "michelle wu net worth": ["michelle wu boston husband", "michelle wu family", "michelle wu salary", "michelle wu instagram", "michelle wu age", "michelle wu siblings", "michelle wu mother", "michelle wu endorsements"], "michelle wu partner": ["michelle wu family", "michelle wu instagram", "michelle wu siblings", "michelle wu mayor", "michelle wu announcement", "michelle wu age", "michelle wu salary", "michelle wu wikipedia"], "michelle wu police": ["michelle wu election", "michelle wu announcement", "michelle wu endorsements", "michelle wu housing", "michelle wu child care", "michelle wu dsa", "michelle wu policies", "michelle wu accomplishments"], "michelle wu race": ["michelle wu boston husband", "michelle wu mother", "michelle wu instagram", "michelle wu family", "michelle wu harvard", "michelle wu twitter", "michelle wu campaign staff", "michelle wu linkedin"], "michelle wu transportation": ["michelle wu housing", "michelle wu free the t", "michelle wu announcement", "michelle wu election", "michelle wu dsa", "michelle wu accomplishments", "michelle wu child care", "michelle wu endorsements"], "michelle wu": ["michelle wu wikipedia", "michelle wu housing", "michelle wu golfer", "michelle wu bio", "michelle wu age", "michelle wu instagram", "michelle wu campaign staff", "michelle wu campaign manager"]}