{"andrea campbell background": ["andrea campbell father", "andrea campbell family", "andrea campbell brother", "andrea campbell wikipedia", "andrea campbell parents", "who is andrea campbell husband", "andrea campbell twin brother", "andrea campbell age"], "andrea campbell boston": ["andrea campbell boston husband", "andrea campbell boston brother", "andrea campbell boston father", "andrea campbell boston latin school", "andrea campbell husband", "andrea campbell obituary", "andrea campbell linkedin", "andrea campbell boston twitter"], "andrea campbell COVID": false, "andrea campbell crime": ["who is andrea campbell husband", "andrea campbell bio", "andrea campbell twin brother", "andrea campbell family", "andrea campbell boston husband", "andrea campbell brother", "andrea campbell father", "andrea campbell wikipedia"], "andrea campbell Education": ["who is andrea campbell husband", "andrea campbell bio", "andrea campbell father", "andrea campbell family", "andrea campbell wikipedia", "andrea campbell parents", "andrea campbell education plan", "andrea campbell brother andre"], "andrea campbell endorsement": ["andrea campbell husband", "andrea campbell events", "andrea campbell campaign jobs", "andrea campbell housing", "andrea campbell boston police", "andrea campbell education plan", "andrea campbell lawn sign", "andrea campbell fundraising"], "andrea campbell for mayor": ["andrea campbell bio", "andrea campbell father", "andrea campbell brother", "andrea campbell family", "andrea campbell grandfather", "andrea campbell husband matthew", "andrea campbell husband", "andrea campbell parents"], "andrea campbell housing": ["andrea campbell husband matthew", "who is andrea campbell husband", "andrea campbell father", "andrea campbell family", "andrea campbell brother andre", "andrea campbell twin brother", "andrea campbell polls", "andrea campbell obituary"], "andrea campbell LGBT": ["when was lgbtq created", "lgbtq day", "lgbtq sexualities", "lgbt symbols"], "andrea campbell mayoral election": ["andrea campbell brother andre", "andrea campbell family", "andrea campbell twin brother", "andrea campbell husband", "andrea campbell campaign manager", "andrea campbell husband matthew", "andrea campbell bio", "andrea campbell parents"], "andrea campbell MBTA": ["andrea campbell bio", "andrea campbell husband", "andrea campbell brother andre", "andrea campbell boston husband", "andrea campbell polls", "andrea campbell family", "andrea campbell twin brother", "andrea campbell father"], "andrea campbell net worth": ["andrea campbell husband", "andrea campbell family", "andrea campbell twin brother", "andrea campbell husband matthew", "andrea campbell brother", "andrea campbell wikipedia", "andrea campbell father", "andrea campbell bio"], "andrea campbell partner": ["andrea campbell obituary", "andrea campbell events", "andrea campbell housing", "andrea campbell campaign manager", "andrea campbell covid", "andrea campbell endorsements", "andrea campbell campaign jobs", "andrea campbell education plan"], "andrea campbell police": ["andrea campbell husband", "andrea campbell brother", "andrea campbell sorority", "andrea campbell obituary", "andrea campbell events", "andrea campbell housing", "andrea campbell covid", "andrea campbell endorsements"], "andrea campbell race": ["andrea campbell parents", "andrea campbell father", "andrea campbell husband", "andrea campbell family", "andrea campbell bio", "andrea campbell twin brother", "andrea campbell brother", "andrea campbell husband matthew"], "andrea campbell transportation": ["andrea campbell transportation plan", "andrea campbell campaign manager", "andrea campbell campaign jobs", "andrea campbell husband", "andrea campbell obituary", "andrea campbell events", "andrea campbell endorsements", "andrea campbell fundraising"], "andrea campbell": ["andrea campbell husband", "andrea campbell father", "andrea campbell brother", "andrea campbell family", "andrea campbell mit", "andrea campbell wikipedia", "andrea campbell bio", "andrea campbell parents"], "annissa essaibi george background": ["annissa essaibi george father", "annissa essaibi george staff", "annissa essaibi george parents", "annissa essaibi george campaign", "annissa essaibi george mayor", "annissa essaibi george campaign manager", "annissa essaibi george mother", "annissa essaibi george wiki"], "annissa essaibi george boston": ["annissa essaibi george commercial", "annissa essaibi george parents", "annissa essaibi george website", "annissa essaibi george boston globe", "annissa essaibi george family", "annissa essaibi george father", "where does annissa essaibi george live", "annissa essaibi george campaign manager"], "annissa essaibi george COVID": false, "annissa essaibi george crime": ["annissa essaibi george father", "annissa essaibi george parents", "annissa essaibi george family", "annissa essaibi george campaign manager", "annissa essaibi george endorsements", "annissa essaibi george wiki", "annissa essaibi-george weight loss", "annissa essaibi george mother"], "annissa essaibi george Education": ["annissa essaibi george parents", "annissa essaibi george nationality", "annissa essaibi george staff", "annissa essaibi george father", "annissa essaibi george family", "annissa essaibi george website", "annissa essaibi george wiki", "annissa essaibi george twitter"], "annissa essaibi george endorsement": ["annissa essaibi george commercial", "annissa essaibi george campaign manager", "annissa essaibi george political views", "annissa essaibi george wiki", "annissa essaibi george pronunciation", "annissa essaibi george boston globe"], "annissa essaibi george for mayor": ["annissa essaibi george campaign website", "annissa essaibi george family", "annissa essaibi george campaign manager", "annissa essaibi george parents", "annissa essaibi george father", "annissa essaibi george wiki", "annissa essaibi george facebook", "annissa essaibi george endorsements"], "annissa essaibi george housing": ["annissa essaibi george commercial", "annissa essaibi george staff", "annissa essaibi george campaign website", "annissa essaibi george father", "where does annissa essaibi george live", "annissa essaibi george endorsements", "annissa essaibi george parents", "annissa essaibi george twitter"], "annissa essaibi george LGBT": ["when was lgbtq created"], "annissa essaibi george mayoral election": ["annissa essaibi george staff", "annissa essaibi george father", "annissa essaibi george campaign website", "annissa essaibi george twitter", "annissa essaibi george endorsements", "annissa essaibi george campaign manager", "annissa essaibi george family", "annissa essaibi george facebook"], "annissa essaibi george MBTA": ["annissa essaibi george boston", "annissa essaibi george father", "annissa essaibi george twitter", "annissa essaibi george commercial", "annissa essaibi george boston globe", "annissa essaibi george website", "annissa essaibi george staff", "annissa essaibi george endorsements"], "annissa essaibi george net worth": ["annissa essaibi george endorsements", "annissa essaibi george father", "annissa essaibi george staff", "annissa essaibi george parents", "annissa essaibi george age", "annissa essaibi george website", "annissa essaibi george mother", "annissa essaibi george twitter"], "annissa essaibi george partner": ["annissa essaibi george father", "annissa essaibi george parents", "annissa essaibi george mother", "annissa essaibi george staff", "annissa essaibi george twitter", "annissa essaibi george age", "annissa essaibi george endorsements", "annissa essaibi-george weight loss"], "annissa essaibi george police": ["annissa essaibi george commercial", "annissa essaibi george endorsements", "annissa essaibi george campaign manager"], "annissa essaibi george race": ["annissa essaibi george parents", "annissa essaibi george father", "annissa essaibi george staff", "annissa essaibi george twitter", "annissa essaibi george commercial", "annissa essaibi george boston globe", "annissa essaibi george endorsements", "annissa essaibi george campaign website"], "annissa essaibi george transportation": ["annissa essaibi george staff", "annissa essaibi george father", "annissa essaibi george mayor", "annissa essaibi george commercial", "annissa essaibi george endorsements", "annissa essaibi george parents", "annissa essaibi george website", "annissa essaibi george twitter"], "annissa essaibi george": ["annissa essaibi george family", "annissa essaibi george commercial", "annissa essaibi george father", "annissa essaibi george parents", "annissa essaibi george website", "annissa essaibi george twitter", "annissa essaibi george wiki", "annissa essaibi george campaign manager"], "boston mayor candidates": ["boston mayoral election 2020", "boston mayoral candidates quiz", "boston mayoral primary", "boston mayoral candidates on the issues", "boston mayoral candidates party affiliation", "boston mayoral candidates debate", "boston mayoral candidates comparison", "boston mayoral polls"], "boston mayoral election": ["boston mayoral election 2020", "boston mayoral election results", "boston mayoral primary", "boston mayoral election polls", "2017 boston mayoral election", "boston mayoral candidates on the issues", "michelle wu boston mayor", "boston globe mayoral race"], "dana depelteau background": ["dana depelteau black lives matter", "john barros", "dana depelteau twitter", "kim janey", "michelle wu", "calla walsh", "annissa essaibi george", "jon santiago"], "dana depelteau boston": ["dana depelteau black lives matter", "dana depelteau twitter", "dana depelteau tweets", "dana depelteau for mayor", "calla walsh"], "dana depelteau COVID": ["dana depelteau black lives matter", "dana depelteau twitter", "dana depelteau boston", "dana depelteau tweets", "dana depelteau mayor", "calla walsh"], "dana depelteau crime": ["dana depelteau twitter", "dana depelteau tweets", "dana depelteau for mayor", "michelle wu", "calla walsh"], "dana depelteau Education": ["dana depelteau black lives matter", "dana depelteau twitter", "dana depelteau tweets", "michelle wu", "calla walsh", "annissa essaibi george family"], "dana depelteau endorsement": ["when is boston mayoral election 2021", "boston elections, 2021", "who is running for boston city council 2021", "boston mayoral debate 2021", "boston mayoral poll 2021", "boston mayoral candidates on the issues", "boston mayoral election results", "when is the boston mayoral primary"], "dana depelteau for mayor": ["dana depelteau twitter", "dana depelteau tweets", "calla walsh"], "dana depelteau housing": ["dana depelteau twitter", "dana depelteau tweets", "dana depelteau for mayor", "calla walsh", "boston mayoral polls", "john barros", "kim janey", "annissa essaibi george"], "dana depelteau LGBT": ["when was lgbtq created", "lgbtq day", "lgbtq sexualities", "lgbtq meaning of each letter"], "dana depelteau mayoral election": ["boston mayoral candidates 2021", "boston mayoral election 2020", "dana depelteau twitter", "boston mayoral election results", "dana depelteau black lives matter", "dana depelteau tweets", "boston mayoral polls", "boston mayoral primary election"], "dana depelteau MBTA": ["dana depelteau twitter", "dana depelteau tweets", "calla walsh"], "dana depelteau net worth": ["dana depelteau tweets", "dana depelteau twitter", "boston mayoral candidates 2021", "boston mayoral poll 2021", "boston mayoral polls", "boston mayoral election 2020", "boston mayoral primary date", "dana depelteau for mayor"], "dana depelteau partner": ["dana depelteau twitter", "dana depelteau tweets", "calla walsh"], "dana depelteau police": ["dana depelteau black lives matter", "dana depelteau twitter", "dana depelteau tweets", "dana depelteau boston", "dana depelteau mayor", "calla walsh"], "dana depelteau race": ["dana depelteau black lives matter", "dana depelteau twitter", "who is running for boston mayor", "boston mayoral race candidates 2021", "boston city council candidates 2021", "boston mayoral election 2020", "annissa essaibi george", "michelle wu boston mayor"], "dana depelteau transportation": ["dana depelteau black lives matter", "john barros", "dana depelteau twitter", "calla walsh wikipedia", "dana depelteau for mayor", "calla walsh parents", "calla walsh winsor school", "boston mayoral candidates"], "dana depelteau": ["dana depelteau black lives matter", "dana depelteau twitter", "dana depelteau husband", "dana depelteau for mayor", "dana depelteau tweets", "dana depelteau linkedin", "calla walsh"], "john barros background": ["john barros political party", "john barros boston", "john barros bc high", "john barros restaurant"], "john barros boston": ["john barros boston wikipedia", "john barros boston wife", "john barros boston restaurant", "john barros wife", "john barros boston political party", "john barros boston globe", "john barros for mayor website", "john barros twitter"], "john barros COVID": ["john barros for mayor website", "john barros wife", "john barros boston wikipedia", "john barros wikipedia", "john barros political party", "john barros restaurant", "john barros age", "john barros boston wife"], "john barros crime": ["john barros wife", "john barros bio", "john barros for mayor", "john barros age", "john barros family", "john barros boston", "boston mayoral debate schedule", "john barros facebook"], "john barros Education": ["john barros for mayor website", "john barros political party", "john barros wife", "john barros age", "john barros bio", "john barros wikipedia", "john barros boston wikipedia", "john barros high school"], "john barros endorsement": ["john barros boston political party", "john barros boston wife", "john barros wikipedia", "john barros boston wikipedia", "john barros family", "john barros twitter", "john barros age", "john barros campaign manager"], "john barros for mayor": ["john barros for mayor website", "john barros political party", "john barros wife", "john barros bio", "john barros boston mayor", "john barros family", "john barros restaurant", "john barros wikipedia"], "john barros housing": ["john barros for mayor website", "john barros wife", "john barros family", "john barros bio", "john barros political party", "john barros boston", "john barros bc high", "john barros boston wikipedia"], "john barros LGBT": ["when was lgbtq created", "lgbtq day", "lgbtq sexualities", "lgbtq meaning of each letter"], "john barros mayoral election": ["john barros political party", "john barros for mayor website", "john barros wife", "john barros boston political party", "boston mayoral candidates", "john barros boston wikipedia", "john barros bio", "john barros campaign manager"], "john barros MBTA": ["john barros for mayor website", "john barros wife", "john barros boston globe", "john barros boston wikipedia", "john barros boston wife", "john barros age", "john barros bio", "john barros political party"], "john barros net worth": ["john barros wife", "john barros wikipedia", "john barros bio", "john barros restaurant", "john barros bc high", "john barros boston", "john barros education"], "john barros partner": ["john barros wife", "john barros wikipedia", "john barros political party", "john barros bio", "john barros boston"], "john barros police": false, "john barros race": ["john barros wikipedia", "john barros family", "john barros for mayor website", "john barros bio", "john barros wife", "john barros political party", "john barros boston wikipedia", "john barros campaign manager"], "john barros transportation": ["john barros facebook"], "john barros": ["john barros wikipedia", "john barros wife", "john barros family", "john barros restaurant", "john barros political party", "john barros for mayor website", "john barros twitter", "john barros mayor"], "jon santiago background": ["john barros", "jon santiago high school", "jon santiago campaign manager", "jon santiago endorsements", "jon santiago age", "jon santiago for mayor", "jon santiago bio", "jon santiago photographer"], "jon santiago boston": ["jon santiago boston globe", "jon santiago wife", "jon santiago linkedin", "jon santiago age", "jon santiago endorsements", "jon santiago high school", "jon santiago campaign manager", "jon santiago twitter"], "jon santiago COVID": ["jon santiago linkedin"], "jon santiago crime": ["santiago chile", "where is santiago"], "jon santiago Education": ["jon santiago photographer", "jon santiago wife", "jon santiago bio", "jon santiago high school", "jon santiago age", "jon santiago campaign manager", "john barros", "jon santiago mayor"], "jon santiago endorsement": ["jon santiago wife", "jon santiago campaign manager", "jon santiago high school", "jon santiago twitter", "jon santiago mayor", "jon santiago age", "jon santiago wife alexandra", "john barros"], "jon santiago for mayor": ["jon santiago campaign manager", "jon santiago wife", "jon santiago high school", "jon santiago endorsements", "jon santiago twitter", "jon santiago age", "jon santiago wife alexandra", "jon santiago bio"], "jon santiago housing": ["jon santiago wife", "jon santiago endorsements", "john barros", "jon santiago campaign manager", "jon santiago high school", "jon santiago age", "jon santiago wife alexandra", "jon santiago mayor"], "jon santiago LGBT": ["when was lgbtq created", "lgbtq day", "lgbtq sexualities", "lgbt shows"], "jon santiago mayoral election": ["jon santiago campaign manager", "jon santiago wife", "jon santiago high school", "jon santiago endorsements", "jon santiago twitter", "jon santiago wife alexandra", "jon santiago age", "jon santiago boston globe"], "jon santiago MBTA": ["jon santiago wife", "jon santiago high school", "jon santiago age", "jon santiago endorsements", "jon santiago campaign manager", "jon santiago wife alexandra", "jon santiago boston", "jon santiago boston globe"], "jon santiago net worth": false, "jon santiago partner": ["jon santiago wife", "jon santiago wife alexandra", "jon santiago age", "jon santiago campaign manager", "jon santiago mayor", "jon santiago high school", "jon santiago photographer", "jon santiago endorsements"], "jon santiago police": ["jon santiago wife", "jon santiago high school", "jon santiago endorsements", "jon santiago wife alexandra", "jon santiago campaign manager", "jon santiago linkedin", "jon santiago mayor", "jon santiago age"], "jon santiago race": ["jon santiago high school", "jon santiago wife", "jon santiago photographer", "jon santiago campaign manager", "jon santiago endorsements", "jon santiago mayor", "jon santiago age", "john barros"], "jon santiago transportation": ["jon santiago campaign manager", "jon santiago wife", "jon santiago high school", "jon santiago endorsements", "jon santiago mayor", "john barros", "jon santiago wife alexandra", "jon santiago linkedin"], "jon santiago": ["jon santiago wife", "jon santiago photographer", "jon santiago instagram", "jon santiago age", "jon santiago high school", "jon santiago boston", "jon santiago endorsements", "jon santiago campaign manager"], "kim janey background": ["who is kim janey husband", "kim janey family", "kim janey policies", "kim janey campaign manager", "kim janey wiki", "kim janey father", "kim janey campaign headquarters", "kim janey age"], "kim janey boston": ["kim janey husband", "kim janey age", "kim janey campaign headquarters", "kim janey campaign website", "kim janey partner", "is kim janey married", "kim janey for mayor", "boston mayor kim janey husband"], "kim janey COVID": ["mask mandate boston", "massachusetts indoor mask mandate", "massachusetts mask mandate 2021", "jamaica covid lockdown", "mask mandate cambridge, ma", "cdc covid cruise ships", "regeneron monoclonal antibody covid-19", "new york mask mandate"], "kim janey crime": ["is kim janey a good mayor", "kim janey boston herald", "kim janey political views", "kim janey press conference"], "kim janey Education": ["kim janey reading memorial high school", "kim janey smith college", "who is kim janey husband", "kim janey campaign website", "kim janey for mayor", "kim janey political views", "kim janey family", "kim janey parents nationality"], "kim janey endorsement": ["kim janey for mayor", "kim janey campaign manager", "kim janey campaign headquarters", "kim janey transition team", "kim janey email"], "kim janey for mayor": ["kim janey for mayor campaign", "kim janey campaign website", "is kim janey married", "boston mayor kim janey husband", "kim janey husband", "kim janey political views", "kim janey campaign headquarters", "kim janey partner"], "kim janey housing": ["kim janey campaign website", "kim janey campaign headquarters", "kim janey campaign manager", "kim janey for mayor", "kim janey kimesha", "who is kim janey husband", "kim janey partner", "kim janey parents nationality"], "kim janey LGBT": ["when was lgbtq created", "lgbtq day", "lgbtq sexualities", "lgbt symbols"], "kim janey mayoral election": ["kim janey for mayor", "kim janey for mayor campaign", "boston mayoral election", "kim janey age", "who is kim janey husband", "kim janey partner", "mayor kim janey husband", "kim janey campaign"], "kim janey MBTA": ["kim janey for mayor", "kim janey husband", "kim janey age", "kim janey for mayor campaign", "kim janey political views", "kim janey campaign website", "kim janey father", "kim janey partner"], "kim janey net worth": ["who is kim janey husband", "kim janey partner", "kim janey age", "kim janey parents nationality", "kim janey wikipedia", "kim janey campaign website", "how old is kim janey daughter", "is kim janey married"], "kim janey partner": ["kim janey net worth", "is mayor kim janey married", "kim janey parents nationality", "how old is kim janey daughter", "kim janey political views", "kim janey wikipedia", "kim janey campaign", "kim janey staff"], "kim janey police": false, "kim janey race": ["kim janey for mayor", "kim janey age", "who is kim janey husband", "kim janey partner", "kim janey campaign", "kim janey for mayor campaign", "kim janey father", "kim janey parents"], "kim janey transportation": false, "kim janey": ["who is kim janey husband", "kim janey political views", "kim janey campaign headquarters", "kim janey twitter", "kim janey campaign manager", "is kim janey married", "kim janey wikipedia", "kim janey policies"], "michael bianchi background": ["michael bianchi boston", "michael bianchi boston mayor", "michael bianchi boston city council", "michael bianchi brighton ma", "michael bianchi actor", "eric porter boston city council"], "michael bianchi boston": ["michael bianchi boston city council", "michael bianchi boston mayor", "michael bianchi brighton ma", "eric porter boston city council"], "michael bianchi COVID": ["michael bianchi boston", "michael bianchi boston city council", "michael bianchi boston mayor", "michael bianchi brighton ma", "eric porter boston city council"], "michael bianchi crime": false, "michael bianchi Education": false, "michael bianchi endorsement": false, "michael bianchi for mayor": ["michael bianchi boston city council", "michael bianchi brighton ma", "eric porter boston city council", "bianchi road bike"], "michael bianchi housing": false, "michael bianchi LGBT": ["bryce dershem", "robert m tull principal", "bryce dershem speech", "eastern regional high school principal", "valedictorian speech cut off", "bryce dershem principal", "michael dershem"], "michael bianchi mayoral election": ["michael bianchi boston", "michael bianchi boston city council", "michael bianchi brighton ma", "eric porter boston city council"], "michael bianchi MBTA": ["michael bianchi boston city council", "michael bianchi boston mayor"], "michael bianchi net worth": false, "michael bianchi partner": false, "michael bianchi police": ["michael bianchi boston", "michael bianchi boston mayor", "michael bianchi boston city council", "michael bianchi brighton ma", "eric porter boston city council"], "michael bianchi race": ["michael bianchi boston", "michael bianchi boston city council", "michael bianchi mayor", "michael bianchi brighton ma", "eric porter boston city council", "bianchi road bike"], "michael bianchi transportation": false, "michael bianchi": ["michael bianchi actor", "michael bianchi boston", "michael bianchi obituary", "michael bianchi boston mayor", "michael bianchi boston city council", "michael bianchi brighton", "dr michael bianchi", "michael bianchi architect"], "michelle wu background": ["michelle wu linkedin", "where does michelle wu live", "michelle wu endorsements", "michelle wu wiki", "michelle wu family", "michelle wu campaign staff", "michelle wu mother", "michelle wu polls"], "michelle wu boston": ["michelle wu family", "michelle wu boston globe", "michelle wu boston latin", "where does michelle wu live", "michelle wu boston mayor polls", "michelle wu instagram", "michelle wu email", "michelle wu endorsements"], "michelle wu COVID": ["michelle wu chinatown"], "michelle wu crime": ["michelle wu announcement", "michelle wu signature collection", "michelle wu housing", "michelle wu events", "michelle wu child care", "michelle wu opioid", "michelle wu campaign", "michelle wu election"], "michelle wu Education": ["michelle wu education plan", "michelle wu family", "michelle wu election", "michelle wu mayor", "michelle wu transportation", "michelle wu campaign staff", "michelle wu endorsements", "where does michelle wu live"], "michelle wu endorsement": ["michelle wu instagram", "andrea campbell endorsements", "michelle wu twitter", "michelle wu family", "michelle wu education", "michelle wu policies", "michelle wu polls", "michelle wu husband"], "michelle wu for mayor": ["michelle wu boston husband", "michelle wu instagram", "michelle wu family", "michelle wu twitter", "michelle wu campaign staff", "michelle wu boston mayor polls", "michelle wu linkedin", "michelle wu campaign manager"], "michelle wu housing": ["michelle wu child care", "michelle wu policies", "michelle wu announcement", "michelle wu public transportation", "michelle wu signature collection", "michelle wu events", "michelle wu election", "michelle wu boston globe"], "michelle wu LGBT": ["when was lgbtq created", "lgbtq day", "lgbt shows", "lgbtq sexualities"], "michelle wu mayoral election": ["michelle wu family", "boston mayoral election", "michelle wu husband", "michelle wu boston mayor polls", "michelle wu campaign staff", "michelle wu instagram", "michelle wu mother", "michelle wu endorsements"], "michelle wu MBTA": ["michelle wu signature collection", "michelle wu election", "michelle wu announcement", "michelle wu housing", "michelle wu small business", "michelle wu chinatown", "michelle wu endorsements", "michelle wu accomplishments"], "michelle wu net worth": ["michelle wu boston husband", "michelle wu instagram", "michelle wu family", "michelle wu age", "where does michelle wu live", "michelle wu siblings", "michelle wu mother", "michelle wu wikipedia"], "michelle wu partner": ["michelle wu family", "michelle wu instagram", "where does michelle wu live", "michelle wu siblings", "michelle wu mayor", "michelle wu age", "michelle wu wikipedia", "michelle wu salary"], "michelle wu police": ["michelle wu announcement", "michelle wu election", "michelle wu housing", "michelle wu signature collection", "michelle wu accomplishments", "michelle wu child care", "michelle wu dsa", "michelle wu policies"], "michelle wu race": ["michelle wu boston husband", "michelle wu mother", "michelle wu instagram", "michelle wu family", "michelle wu mayor", "michelle wu linkedin", "michelle wu twitter", "michelle wu campaign staff"], "michelle wu transportation": ["michelle wu signature collection", "michelle wu housing", "michelle wu announcement", "michelle wu free mbta", "michelle wu election", "michelle wu dsa", "michelle wu accomplishments", "michelle wu child care"], "michelle wu": ["michelle wu wikipedia", "michelle wu instagram", "michelle wu family", "michelle wu campaign staff", "michelle wu boston", "michelle wu dsa", "michelle wu twitter", "michelle wu linkedin"]}