{"andrea campbell background": ["andrea campbell father", "andrea campbell family", "andrea campbell brother", "andrea campbell wikipedia", "andrea campbell parents", "andrea campbell husband", "andrea campbell twin brother", "andrea campbell brothers"], "andrea campbell boston": ["andrea campbell boston husband", "andrea campbell boston brother", "andrea campbell boston platform", "andrea campbell boston public schools", "andrea campbell family", "andrea campbell brother andre", "andrea campbell bio", "andrea campbell husband, matthew"], "andrea campbell COVID": ["andrea campbell obituary", "andrea campbell mass and cass"], "andrea campbell crime": ["andrea campbell bio", "andrea campbell twin brother", "andrea campbell husband", "andrea campbell family", "andrea campbell brother", "andrea campbell father", "andrea campbell brother andre", "andrea campbell wikipedia"], "andrea campbell Education": ["andrea campbell family", "andrea campbell brother andre", "andrea campbell bio", "andrea campbell husband", "andrea campbell father", "andrea campbell wikipedia", "andrea campbell parents", "andrea campbell education plan"], "andrea campbell endorsement": ["andrea campbell husband", "andrea campbell father", "andrea campbell bio", "andrea campbell husband, matthew", "andrea campbell polls", "andrea campbell twin brother", "andrea campbell wiki", "andrea campbell parents"], "andrea campbell for mayor": ["andrea campbell bio", "andrea campbell father", "andrea campbell campaign manager", "andrea campbell brother andre", "andrea campbell family", "andrea campbell parents", "andrea campbell brother", "andrea campbell princeton"], "andrea campbell housing": ["andrea campbell husband", "andrea campbell husband, matthew", "andrea campbell father", "andrea campbell family", "andrea campbell brother andre", "andre campbell obituary", "andrea campbell twin brother", "andrea campbell polls"], "andrea campbell LGBT": ["andrea campbell fundraising", "andrea campbell for mayor", "andrea campbell campaign manager", "when was lgbtq created", "lgbtq meaning of each letter", "lgbtq sexualities", "lgbtq day"], "andrea campbell mayoral election": ["andrea campbell family", "andrea campbell campaign manager", "andrea campbell twin brother", "andrea campbell brother", "andrea campbell husband", "andrea campbell for mayor", "andrea campbell husband, matthew", "andrea campbell bio"], "andrea campbell MBTA": ["andrea campbell bio", "andrea campbell husband", "andrea campbell brother andre", "andrea campbell polls", "andrea campbell family", "andrea campbell twin brother", "andrea campbell father", "andrea campbell campaign manager"], "andrea campbell net worth": ["andrea campbell family", "andrea campbell husband", "andrea campbell twin brother", "andrea campbell husband, matthew", "andrea campbell father", "andrea campbell wikipedia", "andrea campbell bio", "andrea campbell brother"], "andrea campbell partner": ["andrea campbell brother andre", "andrea campbell obituary", "andrea campbell events", "andrea campbell campaign manager", "andrea campbell endorsements", "andrea campbell campaign jobs", "andrea campbell covid", "andrea campbell education plan"], "andrea campbell police": ["andrea campbell police union", "andrea campbell husband", "andrea campbell brother", "andrea campbell brother andre", "andrea campbell obituary", "andrea campbell events", "andrea campbell covid", "andrea campbell housing"], "andrea campbell race": ["andrea campbell parents", "andrea campbell father", "andrea campbell family", "andrea campbell husband", "andrea campbell bio", "andrea campbell twin brother", "andrea campbell brother", "andrea campbell husband, matthew"], "andrea campbell transportation": ["andrea campbell campaign manager", "andrea campbell campaign jobs", "andrea campbell husband", "andrea campbell obituary", "andrea campbell boston public schools", "andrea campbell events", "andrea campbell brother andre", "andrea campbell housing"], "andrea campbell": ["andrea campbell husband", "andrea campbell brother", "andrea campbell father", "andrea campbell parents", "andrea campbell brother andre", "andrea campbell bio", "andrea campbell family", "andrea campbell wikipedia"], "annissa essaibi george background": ["annissa essaibi george father", "annissa essaibi george ethnicity", "annissa essaibi george staff", "annissa essaibi george mayor", "annissa essaibi george campaign", "annissa essaibi george campaign website", "annissa essaibi george parents", "annissa essaibi george campaign manager"], "annissa essaibi george boston": ["annissa essaibi george ethnicity", "annissa essaibi george father", "annissa essaibi george family", "annissa essaibi george parents", "annissa essaibi george boston globe", "annissa essaibi george weight loss", "annissa essaibi george website", "annissa essaibi george facebook"], "annissa essaibi george COVID": false, "annissa essaibi george crime": ["annissa essaibi george endorsements", "annissa essaibi george campaign manager"], "annissa essaibi george Education": ["annissa essaibi george parents", "annissa essaibi george staff", "annissa essaibi george ethnicity", "annissa essaibi george father", "annissa essaibi george mayor", "annissa essaibi george family", "annissa essaibi george twitter", "annissa essaibi george website"], "annissa essaibi george endorsement": ["annissa essaibi george campaign manager", "annissa essaibi george twitter", "annissa essaibi george family", "annissa essaibi george boston globe", "annissa essaibi george wiki"], "annissa essaibi george for mayor": ["kim janey for mayor", "annissa essaibi george ethnicity", "annissa essaibi george campaign manager", "annissa essaibi george parents", "annissa george", "annissa essaibi george facebook", "annissa essaibi george wiki", "annissa essaibi george father"], "annissa essaibi george housing": ["annissa george", "annissa essaibi george mayor", "annissa essaibi george staff", "annissa essaibi george ethnicity", "annissa essaibi george campaign website", "annissa essaibi george endorsements", "annissa essaibi george father", "annissa essaibi george family"], "annissa essaibi george LGBT": false, "annissa essaibi george mayoral election": ["annissa essaibi george campaign website", "annissa essaibi george endorsements", "annissa essaibi george father", "annissa essaibi george campaign manager", "annissa essaibi george twitter", "annissa essaibi george family", "annissa essaibi george facebook", "john barros"], "annissa essaibi george MBTA": ["annissa essaibi george boston", "annissa essaibi george father", "annissa essaibi george twitter", "annissa essaibi george boston globe", "annissa essaibi george website", "annissa essaibi george campaign website", "annissa essaibi george ethnicity", "annissa essaibi george staff"], "annissa essaibi george net worth": ["annissa essaibi george endorsements", "annissa essaibi george father", "annissa essaibi george ethnicity", "annissa essaibi george staff", "annissa essaibi george mayor", "annissa essaibi george parents", "annissa essaibi george twitter", "annissa essaibi george age"], "annissa essaibi george partner": ["annissa essaibi george father", "annissa essaibi george ethnicity", "annissa essaibi george parents", "annissa essaibi george family", "annissa essaibi george staff", "annissa essaibi george twitter", "annissa essaibi george age", "annissa essaibi george endorsements"], "annissa essaibi george police": ["annissa essaibi george endorsements", "annissa essaibi george twitter", "annissa essaibi george campaign manager", "annissa essaibi george wiki", "annissa essaibi george family"], "annissa essaibi george race": ["annissa george", "annissa essaibi george parents", "annissa essaibi george staff", "annissa essaibi george father", "annissa essaibi george mayor", "annissa essaibi george political views", "annissa essaibi george twitter", "annissa essaibi george campaign"], "annissa essaibi george transportation": ["annissa essaibi george staff", "annissa essaibi george father", "annissa essaibi george mayor", "annissa essaibi george ethnicity", "annissa essaibi george endorsements", "annissa essaibi george twitter", "annissa essaibi george website", "annissa essaibi george parents"], "annissa essaibi george": ["annissa essaibi george father", "annissa essaibi george ethnicity", "annissa essaibi george family", "annissa essaibi george parents", "annissa essaibi george weight loss", "annissa essaibi george facebook", "annissa essaibi george mayor", "annissa essaibi george staff"], "boston mayor candidates": ["boston mayoral election 2020", "boston mayoral election candidates", "boston elections, 2021", "boston mayoral primary 2021", "boston mayoral election results", "boston mayoral race candidates 2021", "boston mayoral primary election", "boston mayoral candidates on the issues"], "boston mayoral election": ["boston mayoral election 2020", "boston mayoral election results", "boston mayoral candidates 2021", "boston mayoral election 2021 primary", "boston mayoral election polls", "boston mayoral election primary", "boston mayoral polls", "boston mayoral election candidates"], "dana depelteau background": ["dana depelteau black lives matter", "john barros", "dana depelteau twitter", "kim janey", "richard spagnuolo mayor", "boston mayoral polls", "michelle wu", "boston mayoral candidates on the issues"], "dana depelteau boston": ["dana depelteau black lives matter", "dana depelteau twitter", "dana depelteau tweets", "dana depelteau for mayor", "calla walsh", "michelle wu"], "dana depelteau COVID": ["dana depelteau black lives matter", "dana depelteau twitter", "dana depelteau tweets", "calla walsh", "michelle wu"], "dana depelteau crime": ["dana depelteau black lives matter", "dana depelteau twitter", "dana depelteau boston", "dana depelteau mayor", "michelle wu", "calla walsh"], "dana depelteau Education": ["dana depelteau black lives matter", "dana depelteau twitter", "dana depelteau tweets", "calla walsh", "michelle wu"], "dana depelteau endorsement": ["boston mayoral candidates 2021", "2021 boston mayoral election", "boston mayoral election 2020", "boston city council candidates 2021", "boston elections, 2021", "boston mayoral debate 2021", "boston mayoral election 2021 candidates", "boston mayoral election candidates"], "dana depelteau for mayor": ["dana depelteau black lives matter", "dana depelteau twitter", "dana depelteau tweets", "calla walsh", "michelle wu"], "dana depelteau housing": ["dana depelteau black lives matter", "dana depelteau twitter", "dana depelteau tweets", "calla walsh", "michelle wu"], "dana depelteau LGBT": ["when was lgbtq created", "lgbtq meaning of each letter", "lgbtq sexualities", "lgbtq day"], "dana depelteau mayoral election": ["boston mayoral candidates 2021", "boston mayoral election 2020", "dana depelteau twitter", "richard spagnuolo mayor", "dana depelteau black lives matter", "boston mayoral election results", "boston mayoral election 2021 candidates", "boston mayoral polls"], "dana depelteau MBTA": ["dana depelteau twitter", "dana depelteau tweets", "calla walsh", "michelle wu"], "dana depelteau net worth": ["dana depelteau black lives matter", "dana depelteau twitter", "boston mayoral polls", "boston mayoral candidates 2021", "dana depelteau tweets", "boston elections, 2021", "when is boston mayoral election 2021", "dana depelteau for mayor"], "dana depelteau partner": ["dana depelteau black lives matter", "dana depelteau twitter", "calla walsh"], "dana depelteau police": ["dana depelteau black lives matter", "dana depelteau twitter", "dana depelteau boston", "dana depelteau mayor", "calla walsh parents", "calla walsh wikipedia", "michelle wu", "calla walsh cambridge parents"], "dana depelteau race": ["dana depelteau black lives matter", "richard spagnuolo mayor", "dana depelteau twitter", "boston mayoral polls", "boston mayoral race", "boston mayoral candidates 2021", "boston mayoral election 2020", "boston mayoral candidates on the issues"], "dana depelteau transportation": ["dana depelteau black lives matter", "dana depelteau twitter", "calla walsh wikipedia", "dana depelteau for mayor", "calla walsh parents", "calla walsh cambridge parents", "michelle wu", "markeyverse"], "dana depelteau": ["dana depelteau black lives matter", "dana depelteau twitter", "dana depelteau party", "dana depelteau linkedin", "dana depelteau tweets", "calla walsh", "michelle wu"], "john barros background": ["john barros for mayor website", "john barros political party", "john barros ethnicity", "john barros website", "john barros family", "john barros party", "john barros campaign", "john barros email"], "john barros boston": ["john barros boston wikipedia", "john barros boston wife", "john barros boston restaurant", "john barros boston mayor", "john barros wife", "john barros boston globe", "john barros wiki", "john barros twitter"], "john barros COVID": ["john barros wife", "john barros boston wikipedia", "john barros wikipedia", "john barros political party", "john barros bc high", "john barros restaurant", "john barros age", "john barros family"], "john barros crime": ["john barros wife", "john barros wikipedia", "john barros bio", "john barros for mayor website", "john barros boston wikipedia", "john barros political party", "john barros family", "john barros bc high"], "john barros Education": ["john barros for mayor website", "john barros political party", "john barros wife", "john barros bio", "john barros wiki", "john barros wikipedia", "john barros boston wikipedia", "john barros age"], "john barros endorsement": ["john barros for mayor website", "john barros wiki", "john barros bc high", "john barros wikipedia", "john barros wife", "john barros political party", "john barros family", "john barros campaign"], "john barros for mayor": ["john barros for mayor website", "john barros political party", "john barros wife", "john barros bio", "john barros wikipedia", "john barros family", "john barros boston mayor", "john barros campaign manager"], "john barros housing": ["john barros for mayor website", "john barros wife", "john barros family", "john barros political party", "john barros bio", "john barros bc high", "john barros wiki", "john barros wikipedia"], "john barros LGBT": ["when was lgbtq created", "lgbtq meaning of each letter", "lgbtq sexualities", "lgbtq day"], "john barros mayoral election": ["john barros for mayor website", "john barros political party", "john barros wife", "john barros boston wikipedia", "john barros bio", "john barros wiki", "john barros boston mayor", "john barros wikipedia"], "john barros MBTA": ["john barros for mayor website", "john barros wife", "john barros boston wikipedia", "john barros bio", "john barros political party", "john barros wiki", "john barros campaign", "john barros restaurant"], "john barros net worth": ["john barros wife", "john barros wikipedia", "john barros age", "john barros bio", "john barros restaurant", "john barros bc high", "john barros education", "kim janey"], "john barros partner": ["john barros wife", "john barros family", "john barros wikipedia", "john barros political party", "john barros bio", "john barros boston wikipedia", "john barros for mayor website", "john barros campaign"], "john barros police": false, "john barros race": ["john barros wikipedia", "john barros family", "john barros for mayor website", "john barros bio", "john barros wife", "john barros campaign", "john barros political party", "john barros boston wikipedia"], "john barros transportation": ["john barros for mayor website", "john barros wiki", "john barros political party", "john barros boston wikipedia", "john barros campaign website", "john barros website", "john barros wife", "john barros bio"], "john barros": ["john barros wife", "john barros wikipedia", "john barros restaurant", "john barros boston wikipedia", "john barros website", "john barros family", "john barros for mayor website", "john barros political party"], "jon santiago background": ["john barros", "jon santiago wife", "jon santiago mayor", "jon santiago endorsements", "jon santiago photographer", "jon santiago campaign manager", "jon santiago age", "is jon santiago married"], "jon santiago boston": ["jon santiago wife", "jon santiago boston mayor", "jon santiago boston globe", "jon santiago boston twitter", "jon santiago endorsements", "jon santiago age", "jon santiago twitter", "is jon santiago married"], "jon santiago COVID": false, "jon santiago crime": ["santiago chile", "where is santiago"], "jon santiago Education": ["jon santiago photographer", "jon santiago wife", "is jon santiago married", "jon santiago bio", "john barros", "jon santiago mayor", "jon santiago age", "jon santiago campaign manager"], "jon santiago endorsement": false, "jon santiago for mayor": ["jon santiago wife", "jon santiago photographer", "jon santiago endorsements", "jon santiago mayor boston", "jon santiago campaign manager", "jon santiago twitter", "is jon santiago married", "jon santiago high school"], "jon santiago housing": ["jon santiago wife", "is jon santiago married", "john barros", "jon santiago endorsements", "jon santiago mayor", "jon santiago wife alexandra", "jon santiago campaign manager", "jon santiago photographer"], "jon santiago LGBT": ["when was lgbtq created", "lgbtq meaning of each letter", "lgbtq sexualities", "lgbtq day"], "jon santiago mayoral election": false, "jon santiago MBTA": ["jon santiago wife", "is jon santiago married", "jon santiago photographer", "jon santiago endorsements", "jon santiago high school", "jon santiago age", "jon santiago wife alexandra", "jon santiago twitter"], "jon santiago net worth": ["jon santiago wife", "jon santiago endorsements", "is jon santiago married", "jon santiago age", "john barros", "jon santiago high school", "jon santiago wife alexandra", "jon santiago photographer"], "jon santiago partner": ["jon santiago wife", "jon santiago wife alexandra", "jon santiago mayor", "jon santiago campaign manager", "jon santiago endorsements", "jon santiago age", "jon santiago boston mayor", "jon santiago boston globe"], "jon santiago police": ["jon santiago wife", "jon santiago endorsements", "jon santiago state representative", "is jon santiago married", "jon santiago wife alexandra", "jon santiago mayor", "jon santiago photographer", "jon santiago campaign manager"], "jon santiago race": false, "jon santiago transportation": ["jon santiago campaign manager", "jon santiago wife", "jon santiago endorsements", "jon santiago mayor", "john barros", "jon santiago wife alexandra", "jon santiago boston mayor", "jon santiago boston globe"], "jon santiago": ["jon santiago wife", "is jon santiago married", "jon santiago photographer", "jon santiago age", "jon santiago high school", "jon santiago mayor", "jon santiago instagram", "jon santiago endorsements"], "kim janey background": ["who is kim janey husband", "kim janey daughter", "kim janey for mayor", "kim janey daughter age", "kim janey campaign website", "kim janey campaign", "kim janey policies", "kim janey brother"], "kim janey boston": ["kim janey husband", "kim janey campaign website", "kim janey age", "kim janey partner", "kim janey political views", "kim janey for mayor", "kim janey for mayor campaign", "kim janey parents"], "kim janey COVID": false, "kim janey crime": ["kim janey for mayor", "patrick rose boston", "kim janey age", "patrick rose boston police", "kim janey husband", "kim janey staff", "kim janey salary", "kim janey brother"], "kim janey Education": ["kim janey smith college", "kim janey, boston mayor", "kim janey reading memorial high school", "who is kim janey husband", "kim janey for mayor campaign", "kim janey political views", "kim janey daughter age", "kim janey age"], "kim janey endorsement": ["kim janey for mayor", "kim janey transition website", "kim janey daughter age", "kim janey transition team", "kim janey staff", "is kim janey married", "kim janey parents", "kim janey age"], "kim janey for mayor": ["kim janey for mayor campaign", "kim janey campaign website", "kim janey campaign manager", "kim janey political views", "kim janey husband", "kim janey daughter", "kim janey partner", "kim janey running for mayor"], "kim janey housing": ["kim janey for mayor", "kim janey campaign manager", "kim janey family", "kim janey partner", "who is kim janey husband", "kim janey daughter age", "kim janey parents nationality", "kim janey brother"], "kim janey LGBT": false, "kim janey mayoral election": ["kim janey for mayor", "kim janey for mayor campaign", "kim janey running for mayor", "kim janey campaign website", "kim janey age", "kim janey partner", "boston mayoral election", "kim janey husband"], "kim janey MBTA": false, "kim janey net worth": ["kim janey partner", "kim janey daughter", "kim janey husband", "kim janey age", "kim janey daughter age", "kim janey parents nationality", "kim janey wikipedia", "is kim janey married"], "kim janey partner": ["who is kim janey husband", "is mayor kim janey married", "kim janey brother", "kim janey parents nationality", "kim janey reading memorial high school", "kim janey net worth", "kim janey wikipedia", "kim janey daughter age"], "kim janey police": ["kim janey for mayor", "patrick rose boston police", "boston police commissioner wife", "dennis white, boston police wife", "kim janey husband", "dennis white wife", "dennis white boston police commissioner", "dennis white parents"], "kim janey race": ["kim janey for mayor", "kim janey age", "kim janey partner", "kim janey campaign", "kim janey daughter age", "kim janey parents", "kim janey father", "kim janey husband"], "kim janey transportation": false, "kim janey": ["kim janey political views", "kim janey for mayor", "kim janey daughter", "kim janey wikipedia", "kim janey daughter age", "kim janey campaign", "kim janey age", "kim janey husband"], "michael bianchi background": ["michael bianchi boston", "michael bianchi actor", "michael bianchi boston mayor", "michael bianchi brighton ma", "michael bianchi mayor"], "michael bianchi boston": ["michael bianchi boston mayor", "michael bianchi brighton ma", "michael bianchi mayor"], "michael bianchi COVID": ["michael bianchi boston", "michael bianchi boston mayor", "michael bianchi brighton ma", "michael bianchi mayor"], "michael bianchi crime": false, "michael bianchi Education": false, "michael bianchi endorsement": false, "michael bianchi for mayor": ["michael bianchi brighton ma", "michael bianchi boston mayor", "bianchi road bike"], "michael bianchi housing": false, "michael bianchi LGBT": ["when was lgbtq created", "lgbtq day", "lgbtq sexualities", "lgbtq meaning of each letter"], "michael bianchi mayoral election": ["michael bianchi boston", "michael bianchi boston mayor", "michael bianchi brighton ma"], "michael bianchi MBTA": ["michael bianchi boston mayor", "michael bianchi brighton ma", "michael bianchi mayor"], "michael bianchi net worth": false, "michael bianchi partner": false, "michael bianchi police": ["michael bianchi boston", "michael bianchi boston mayor", "michael bianchi brighton ma", "michael bianchi mayor"], "michael bianchi race": ["michael bianchi boston", "michael bianchi mayor", "michael bianchi boston mayor", "michael bianchi brighton ma", "bianchi road bike"], "michael bianchi transportation": false, "michael bianchi": ["michael bianchi actor", "michael bianchi boston", "michael bianchi obituary", "michael bianchi boston mayor", "michael bianchi brighton", "michael bianchi mayor", "michael bianchi architect", "michael bianchi brighton ma"], "michelle wu background": ["michelle wu family", "michelle wu email", "michelle wu mother", "michelle wu instagram", "michelle wu twitter", "michelle wu linkedin", "michelle wu siblings", "michelle wu mayor"], "michelle wu boston": ["michelle wu instagram", "michelle wu boston globe", "michelle wu boston college", "michelle wu family", "michelle wu boston public schools", "michelle wu linkedin", "michelle wu twitter", "michelle wu wikipedia"], "michelle wu COVID": ["michelle wu chinatown"], "michelle wu crime": ["michelle wu announcement", "michelle wu housing", "michelle wu events", "michelle wu child care", "michelle wu endorsements", "michelle wu accomplishments", "michelle wu campaign", "michelle wu election"], "michelle wu Education": ["michelle wu education plan", "michelle wu family", "michelle wu election", "michelle wu endorsements", "michelle wu mayor", "michelle wu campaign staff", "michelle wu policies", "michelle wu campaign manager"], "michelle wu endorsement": ["michelle wu instagram", "andrea campbell endorsements", "michelle wu family", "michelle wu twitter", "michelle wu policies", "michelle wu linkedin", "michelle wu husband", "michelle wu mayor"], "michelle wu for mayor": ["michelle wu boston husband", "michelle wu family", "michelle wu campaign staff", "michelle wu endorsements", "michelle wu instagram", "michelle wu twitter", "michelle wu mother", "michelle wu linkedin"], "michelle wu housing": ["michelle wu child care", "michelle wu announcement", "michelle wu endorsements", "michelle wu consulting", "michelle wu transportation", "michelle wu events", "michelle wu election", "michelle wu mother"], "michelle wu LGBT": ["when was lgbtq created", "lgbtq meaning of each letter", "lgbtq sexualities", "lgbtq day"], "michelle wu mayoral election": ["michelle wu election", "michelle wu husband", "michelle wu family", "michelle wu instagram", "michelle wu twitter", "michelle wu endorsements", "michelle wu campaign staff", "boston mayoral candidates"], "michelle wu MBTA": ["michelle wu instagram", "michelle wu twitter", "michelle wu transportation", "michelle wu election", "michelle wu announcement", "michelle wu housing", "michelle wu child care", "michelle wu events"], "michelle wu net worth": ["michelle wu boston husband", "michelle wu family", "michelle wu instagram", "michelle wu age", "where does michelle wu live", "michelle wu siblings", "michelle wu mother", "michelle wu endorsements"], "michelle wu partner": ["michelle wu instagram", "michelle wu family", "where does michelle wu live", "michelle wu siblings", "michelle wu mayor", "michelle wu salary", "michelle wu age", "michelle wu twitter"], "michelle wu police": ["michelle wu election", "michelle wu announcement", "michelle wu endorsements", "michelle wu child care", "michelle wu dsa", "michelle wu accomplishments", "michelle wu policies", "michelle wu events"], "michelle wu race": ["michelle wu boston husband", "michelle wu mother", "michelle wu instagram", "michelle wu family", "michelle wu harvard", "michelle wu mayor", "michelle wu twitter", "michelle wu linkedin"], "michelle wu transportation": ["michelle wu housing", "michelle wu free the t", "michelle wu announcement", "michelle wu election", "michelle wu dsa", "michelle wu accomplishments", "michelle wu child care", "michelle wu mother"], "michelle wu": ["michelle wu wikipedia", "michelle wu housing", "michelle wu dsa", "michelle wu election", "michelle wu instagram", "michelle wu announcement", "michelle wu campaign staff", "michelle wu events"]}