{"boston mayoral election": ["boston mayoral election 2020", "boston mayoral election results", "boston mayoral primary", "boston mayoral election 2021 primary", "boston mayoral polls", "boston mayoral poll 2021", "boston mayoral election 2021 polls", "boston mayoral candidates on the issues", "boston mayoral election 2021"], "boston mayor candidates": ["boston mayoral election 2020", "boston mayoral election 2021 primary", "boston mayoral poll 2021", "boston mayoral race candidates 2021", "boston mayoral primary election", "boston mayoral candidates party affiliation", "boston mayoral candidates on the issues", "boston mayoral polls", "boston mayoral candidates 2021"], "michelle wu": ["michelle wu husband", "boston mayor", "michelle wu mayor", "Lydia Edwards", "boston mayoral candidates", "boston mayoral election", "michelle wu linkedin"], "andrea campbell": ["andrea campbell husband", "andrea campbell brother", "boston mayoral candidates", "alvin campbell", "andrea campbell boston", "andrea campbell argentina", "andrea campbell wikipedia", "andrea campbell bio", "andrea campbell campaign manager"], "dana depelteau": ["calla walsh", "dana depelteau twitter", "dana depelteau", "dana depelteau black lives matter", "dana depelteau boston"], "annissa essaibi george": ["annissa essaibi george husband", "david halbert", "boston mayor", "boston mayoral candidates", "annissa essaibi george father", "Lydia Edwards", "michael flaherty", "annissa essaibi george family"], "kim janey": ["kim janey husband", "boston mayor", "kim janey boston", "kim janey daughter", "kim janey mayor", "kim janey family", "kim janey age", "boston mayoral candidates", "biden press conference"], "michael bianchi": ["eric porter boston city council", "michael bianchi", "michael bianchi boston city council", "michael bianchi boston", "michael bianchi brighton ma", "michael bianchi attorney omaha", "dr michael bianchi", "michael bianchi obituary", "michael bianchini"], "john barros": ["john barros boston", "john barros wife", "boston mayoral race", "john barros bio", "john barros education", "john barros", "john barrows sales", "john barros wikipedia", "john barros boston wife"], "michelle wu boston": ["andrea campbell boston", "boston mayor", "boston election results", "michelle wu boston husband", "michelle wu boston mayor", "michelle wu boston ma", "michelle wu boston latin", "michelle wu boston bio", "michelle wu boston globe"], "andrea campbell boston": ["andrea campbell boston husband", "boston mayoral candidates", "boston mayoral race", "andrea campbell boston brother", "andrea campbell boston mayoral candidate", "andrea campbell boston globe", "andrea campbell boston father", "andrea campbell boston public schools", "andrea campbell boston family"], "dana depelteau boston": ["dana depelteau boston"], "annissa essaibi george boston": ["annissa essaibi george boston", "annissa essaibi george boston globe", "annissa essaibi george boston mayor"], "jon santiago boston": ["jon santiago boston", "jon santiago boston globe", "dr. jon santiago boston", "dr jon santiago boston medical center", "jon santiago boston medical center", "jon santiago boston ma"], "kim janey boston": ["kim janey husband", "kim janey boston", "kim janey boston globe", "kim janey boston herald", "kim janey boston vaccine", "kim janey boston mask mandate", "how old is kim janey boston", "kim janey boston gov", "new boston mayor kim janey"], "michael bianchi boston": ["michael bianchi boston city council", "michael bianchi boston", "michael bianchi boston mayor"], "john barros boston": ["john barros wife", "john barros boston", "john barros boston wife", "john barros boston school committee", "john barros boston ma", "john barros boston globe", "john barros boston political party", "john barros boston wikipedia", "john barros boston restaurant", "john barros city of boston"], "michelle wu mayoral election": ["michelle wu mayor", "michelle wu running for mayor", "michelle wu endorsements"], "andrea campbell mayoral election": ["city councilor andrea campbell"], "dana depelteau mayoral election": [], "jon santiago mayoral election": [], "kim janey mayoral election": ["kim janey mayor election"], "michael bianchi mayoral election": [], "john barros mayoral election": [], "michelle wu for mayor": ["Michelle Wu", "michelle wu for mayor mobilize", "michelle wu for mayor jobs", "michelle wu running for mayor", "michelle wu for mayor of boston"], "andrea campbell for mayor": ["andrea campbell for mayor of boston", "andrea campbell for mayor"], "dana depelteau for mayor": ["dana depelteau for mayor"], "annissa essaibi george for mayor": ["annissa essaibi george for mayor"], "jon santiago for mayor": ["jon santiago for mayor"], "kim janey for mayor": ["kim janey for mayor", "kim janey running for mayor", "will kim janey run for mayor"], "michael bianchi for mayor": ["michael bianchi"], "john barros for mayor": ["john barros for mayor"], "michelle wu partner": [], "andrea campbell partner": ["andrea campbell", "andrea campbell husband"], "dana depelteau partner": ["dana depelteau"], "annissa essaibi george partner": ["annissa essaibi"], "jon santiago partner": [], "kim janey partner": ["kim janey partner"], "michael bianchi partner": [], "john barros partner": ["john barros", "john barros wife", "john barros massachusetts"], "michelle wu race": ["michelle wu", "michelle wu mayor", "michelle wu campaign", "michelle wu bio"], "andrea campbell race": [], "dana depelteau race": ["who is running for boston mayor", "dana depelteau black lives matter", "dana depelteau boston", "boston mayor race", "dana depelteau twitter", "boston mayoral polls", "dana depelteau mayor", "richard spagnuolo mayor"], "annissa essaibi george race": [], "jon santiago race": [], "kim janey race": ["kim janey", "kim janey staff"], "michael bianchi race": [], "john barros race": ["john barros"], "michelle wu endorsement": ["michelle wu endorsements"], "andrea campbell endorsement": ["andrea campbell endorsements"], "dana depelteau endorsement": ["john barros", "when is boston mayoral election 2021", "boston mayoral election 2020", "boston city council candidates 2021", "boston mayoral candidates 2021", "boston mayoral election 2021 candidates", "john barros mayor", "boston mayoral debate 2021"], "annissa essaibi george endorsement": ["annissa essaibi george endorsements"], "jon santiago endorsement": ["jon santiago endorsements"], "kim janey endorsement": ["kim janey endorsements"], "michael bianchi endorsement": [], "john barros endorsement": ["john barros endorsements"], "michelle wu COVID": ["michelle wu covid", "winners during covid"], "andrea campbell COVID": ["andrea campbell"], "dana depelteau COVID": [], "annissa essaibi george COVID": ["annissa essaibi"], "jon santiago COVID": [], "kim janey COVID": [], "michael bianchi COVID": [], "john barros COVID": [], "michelle wu transportation": ["michelle wu transportation"], "andrea campbell transportation": ["andrea campbell transportation plan"], "dana depelteau transportation": [], "annissa essaibi george transportation": [], "jon santiago transportation": [], "kim janey transportation": ["kim janey", "kim janey office"], "michael bianchi transportation": ["michael bianchi llc", "michael bianchi"], "john barros transportation": ["john barros"], "michelle wu MBTA": ["michelle wu mbta", "michelle wu free mbta"], "andrea campbell MBTA": ["andrea campbell boston", "andrea campbell boston ma", "andrea campbell boston city council"], "dana depelteau MBTA": [], "annissa essaibi george MBTA": ["annissa essaibi"], "jon santiago MBTA": [], "kim janey MBTA": ["kim janey"], "michael bianchi MBTA": [], "john barros MBTA": ["john barros massachusetts", "john barros"], "michelle wu Education": ["michelle wu education", "michelle wu education plan"], "andrea campbell Education": ["andrea campbell education"], "dana depelteau Education": [], "annissa essaibi george Education": ["annissa essaibi george education"], "jon santiago Education": [], "kim janey Education": ["kim janey education", "kim janey education background"], "michael bianchi Education": ["michael bianchi", "michael bianchi llc"], "john barros Education": ["john barros education"], "michelle wu LGBT": [], "andrea campbell LGBT": [], "dana depelteau LGBT": [], "jon santiago LGBT": [], "kim janey LGBT": [], "michael bianchi LGBT": [], "john barros LGBT": [], "michelle wu background": ["michelle wu background"], "andrea campbell background": ["andrea campbell background"], "dana depelteau background": [], "annissa essaibi george background": ["annissa essaibi"], "jon santiago background": ["jon santiago"], "kim janey background": ["kim janey background"], "michael bianchi background": ["michael bianchi", "michael bianchi llc", "michael bianchi architect"], "john barros background": ["john barros", "john barros wife"], "michelle wu net worth": ["michelle wu net worth", "how much is michelle mone worth", "how much is michelle worth"], "andrea campbell net worth": [], "dana depelteau net worth": [], "annissa essaibi george net worth": ["annissa essaibi george net worth"], "jon santiago net worth": [], "kim janey net worth": ["kim janey net worth", "how much is kim worth", "how rich is kim", "how much is kim west worth", "what is kim's net worth"], "michael bianchi net worth": [], "john barros net worth": [], "michelle wu crime": ["michelle wu", "michelle wu attorney", "michelle wu bio"], "andrea campbell crime": [], "dana depelteau crime": [], "annissa essaibi george crime": ["annissa essaibi"], "jon santiago crime": ["jon santiago"], "kim janey crime": ["kim janey"], "michael bianchi crime": ["michael bianchi"], "john barros crime": ["john barros", "john barros massachusetts"], "michelle wu police": [], "annissa essaibi george police": ["annissa essaibi george endorsements", "annissa essaibi george mayor", "annissa essaibi george campaign manager", "boston herald", "boston herald local", "boston news today", "localnews", "herald local news"], "jon santiago police": ["jon santiago wife", "jon santiago wife alexandra", "jon santiago state representative", "jon santiago endorsements", "jon santiago high school", "is jon santiago married", "jon santiago mayor", "jon santiago campaign"], "kim janey police": [], "michael bianchi police": ["michael bianchi"], "john barros police": ["john barros"], "michelle wu housing": ["michelle wu housing"], "andrea campbell housing": ["andrea campbell housing"], "annissa essaibi george housing": ["annissa essaibi george housing"], "jon santiago housing": ["jon santiago wife", "is jon santiago married", "jon santiago photographer", "john barros", "jon santiago mayor", "jon santiago endorsements", "jon santiago wife alexandra", "john santiago"], "kim janey housing": ["kim janey housing"], "john barros housing": ["john barros housing"], "annissa essaibi george mayoral election": ["city councilor annissa essaibi-george"], "annissa essaibi george LGBT": ["annissa essaibi"], "andrea campbell police": ["andrea campbell boston police"], "dana depelteau police": [], "dana depelteau housing": [], "michael bianchi housing": ["michael bianchi", "michael bianchi llc", "michael bianchi architect"], "jon santiago": ["boston globe", "jon santiago wife", "jon santiago age", "jon santiago campaign manager", "jon santiago endorsements", "jon santiago ad", "jon santiago mayor boston", "jon santiago wife alexandra", "jon santiago twitter"]}