{"boston mayoral election": ["boston mayoral election results", "boston mayoral primary results", "boston mayoral election polls", "boston mayoral election results 2021", "boston mayoral election 2021 polls", "boston mayoral debate schedule", "boston mayoral candidates on the issues", "boston mayoral candidates comparison", "boston mayoral candidates"], "boston mayor candidates": ["boston mayoral candidates quiz", "boston mayoral primary results", "boston mayoral candidates party affiliation", "boston mayoral candidates on the issues", "boston mayoral polls", "boston mayoral election 2021 polls", "boston mayoral candidates comparison", "boston mayoral debate schedule", "boston mayoral election"], "michelle wu": ["michelle wu instagram", "michelle wu boston husband", "michelle wu linkedin", "michelle wu mayor", "michelle wu family", "michelle wu salary", "michelle wu mother", "is michelle wu related to janet wu", "conor pewarski"], "andrea campbell": ["andrea campbell wikipedia", "andrea campbell bio", "who is andrea campbell husband", "andrea campbell father", "andrea campbell brother", "andrea campbell family", "andrea campbell twin brother", "andrea campbell parents", "andrea campbell husband"], "dana depelteau": ["dana depelteau black lives matter", "dana depelteau husband", "dana depelteau twitter", "dana depelteau tweets", "calla walsh", "dana depelteau for mayor"], "annissa essaibi george": ["annissa essaibi george parents", "annissa essaibi george ethnicity", "annissa essaibi george father", "annissa essaibi george bio", "annissa essaibi george twitter", "annissa essaibi george siblings", "annissa essaibi george website", "annissa essaibi george commercial", "conor pewarski"], "jon santiago": ["jon santiago photographer", "jon santiago high school", "jon santiago instagram", "jon santiago wife", "jon santiago age", "jon santiago district", "jon santiago campaign", "john barros", "boston globe"], "kim janey": ["kim janey political views", "mayor kim janey", "who is kim janey husband", "kim janey net worth", "kim janey wikipedia", "kim janey campaign", "kim janey age", "kim janey family", "kim janey husband"], "michael bianchi": ["michael bianchi boston", "michael bianchi actor", "michael bianchi obituary", "michael bianchi boston city council", "michael bianchi boston mayor", "michael bianchi city council", "michael bianchi brighton ma", "liz breadon", "eric porter boston city council", "Mike Bianchi"], "john barros": ["john barros wikipedia", "john barros political party", "john barros restaurant", "john barros boston wikipedia", "john barros mayor", "john barros wife", "john barros family", "john barros bio", "john barros boston"], "michelle wu boston": ["michelle wu boston husband", "michelle wu instagram", "michelle wu boston latin", "michelle wu boston mayor age", "michelle wu boston mayor husband", "where does michelle wu live", "michelle wu family", "michelle wu salary", "conor pewarski"], "andrea campbell boston": ["andrea campbell boston husband", "andrea campbell boston brother", "andrea campbell boston father", "who is andrea campbell husband", "andrea campbell boston public schools", "andrea campbell twin brother", "andrea campbell father", "andrea campbell wiki", "boston mayoral candidates"], "dana depelteau boston": ["dana depelteau black lives matter", "dana depelteau twitter", "dana depelteau for mayor", "dana depelteau tweets", "calla walsh"], "annissa essaibi george boston": ["annissa essaibi george boston globe", "annissa essaibi george website", "annissa essaibi george parents", "annissa essaibi george ethnicity", "annissa essaibi george twitter", "annissa essaibi george father", "annissa essaibi george staff", "annissa essaibi george commercial"], "michael bianchi boston": ["michael bianchi boston mayor", "liz breadon", "eric porter boston", "eric porter boston city council", "michael bianchi city council", "liz breadon boston city council"], "john barros boston": ["john barros boston wikipedia", "john barros boston wife", "john barros boston restaurant", "john barros boston political party", "john barros boston globe", "john barros wife", "john barros wikipedia", "john barros twitter", "andrea campbell boston"], "michelle wu mayoral election": ["michelle wu husband", "michelle wu twitter", "michelle wu family", "michelle wu political party", "michelle wu boston mayor husband", "michelle wu wikipedia", "michelle wu campaign staff", "where does michelle wu live"], "andrea campbell mayoral election": ["who is andrea campbell husband", "andrea campbell bio", "andrea campbell boston husband", "andrea campbell family", "andrea campbell wikipedia", "andrea campbell brother", "andrea campbell husband matthew", "andrea campbell twin brother"], "jon santiago mayoral election": ["jon santiago for mayor", "jon santiago wife", "jon santiago endorsements"], "kim janey mayoral election": ["kim janey for mayor", "kim janey political views", "who is kim janey husband", "boston mayoral election", "mayor kim janey husband", "kim janey campaign website", "kim janey partner", "kim janey age"], "michael bianchi mayoral election": ["michael bianchi boston"], "john barros mayoral election": ["john barros political party", "john barros for mayor", "boston mayoral election", "john barros wife", "boston mayoral candidates on the issues", "john barros boston wikipedia", "boston mayoral election 2021 polls", "john barros boston mayor"], "michelle wu for mayor": ["michelle wu political party", "michelle wu boston husband", "michelle wu family", "michelle wu campaign staff", "michelle wu boston mayor husband", "michelle wu instagram", "michelle wu salary", "michelle wu polls", "Michelle Wu"], "andrea campbell for mayor": ["who is andrea campbell husband", "andrea campbell family", "andrea campbell wikipedia", "andrea campbell bio", "andrea campbell brother", "andrea campbell parents", "andrea campbell obituary", "andrea campbell father"], "dana depelteau for mayor": ["dana depelteau black lives matter", "dana depelteau twitter", "dana depelteau tweets", "calla walsh"], "jon santiago for mayor": ["jon santiago wife", "jon santiago campaign manager", "jon santiago high school", "jon santiago endorsements", "jon santiago wife alexandra", "jon santiago twitter", "jon santiago age", "boston mayoral candidates"], "john barros for mayor": ["john barros for mayor website", "john barros political party", "john barros wife", "john barros family", "john barros wikipedia", "john barros bio", "john barros campaign manager", "john barros boston wikipedia"], "michelle wu partner": ["michelle wu boston husband", "michelle wu instagram", "conor pewarski", "is michelle wu married", "michelle wu siblings", "michelle wu boston mayor husband", "michelle wu salary", "michelle wu net worth"], "annissa essaibi george partner": ["annissa essaibi george father", "annissa essaibi george net worth", "annissa essaibi george ethnicity", "annissa essaibi george parents", "annissa essaibi george mother", "annissa essaibi george age", "annissa essaibi george staff", "annissa essaibi george twitter"], "jon santiago partner": ["jon santiago wife", "jon santiago wife alexandra", "jon santiago age", "jon santiago high school", "jon santiago photographer", "jon santiago facebook", "jon santiago campaign manager", "john barros"], "michael bianchi partner": ["michael bianchi llc", "michael bianchi", "michael bianchi actor"], "john barros partner": ["john barros family", "john barros bio", "john barros campaign", "tchintcia barros", "john barros email", "john barros twitter", "john barros bc high", "andrea campbell"], "michelle wu race": ["michelle wu boston husband", "michelle wu mother", "michelle wu instagram", "michelle wu family", "michelle wu siblings", "michelle wu salary", "michelle wu mayor", "michelle wu twitter"], "andrea campbell race": ["andrea campbell parents", "andrea campbell father", "who is andrea campbell husband", "andrea campbell family", "andrea campbell bio", "andrea campbell twin brother", "andrea campbell brother", "andrea campbell husband matthew"], "annissa essaibi george race": ["annissa essaibi george parents", "annissa essaibi george father", "annissa essaibi george staff", "annissa essaibi george siblings", "annissa essaibi george twitter", "annissa essaibi george mother", "annissa essaibi george endorsements", "is annissa essaibi george black"], "kim janey race": ["kim janey for mayor", "kim janey age", "who is kim janey husband", "kim janey campaign", "kim janey partner", "kim janey for mayor campaign", "kim janey family", "kim janey father"], "michael bianchi race": ["michael bianchi mayor", "michael j bianchi ii", "bianchi road bike"], "john barros race": ["john barros wife", "john barros political party", "john barros for mayor", "john barros boston wikipedia", "john barros boston wife", "john barros twitter", "john barros email", "andrea campbell"], "michelle wu endorsement": ["michelle wu instagram", "andrea campbell endorsements", "michelle wu twitter", "michelle wu family", "michelle wu policies", "michelle wu husband", "michelle wu mother", "where does michelle wu live"], "andrea campbell endorsement": ["andrea campbell husband", "andrea campbell fellowship", "andrea campbell housing", "andrea campbell campaign manager", "michelle wu endorsements", "andrea campbell obituary", "andrea campbell events", "andrea campbell fundraising"], "dana depelteau endorsement": ["boston city council candidates 2021", "when is boston mayoral election 2021", "boston elections 2021", "boston mayoral debate 2021", "boston mayoral poll 2021", "boston mayoral candidates on the issues", "boston mayoral candidates party affiliation", "boston mayoral primary results"], "annissa essaibi george endorsement": ["annissa essaibi george business", "annissa essaibi george commercial", "conor pewarski", "annissa essaibi george pronunciation", "annissa essaibi george polls", "annissa essaibi george wiki"], "kim janey endorsement": ["kim janey endorsements"], "michael bianchi endorsement": ["michael bianchi boston city council", "liz breadon", "michael j bianchi boston city council", "eric porter boston city council", "liz breadon boston city council"], "john barros endorsement": ["john barros for mayor", "john barros political party", "john barros wife", "john barros boston", "john barros boston wife", "andrea campbell", "john barros email", "john barros boston political party"], "michelle wu COVID": ["michelle wu covid", "michelle wu covid stance", "winners during covid"], "andrea campbell COVID": ["andrea campbell covid"], "annissa essaibi george COVID": [], "jon santiago COVID": ["jon santiago"], "kim janey COVID": ["covid vaccine passport app", "boston globe kim janey"], "michael bianchi COVID": [], "michelle wu transportation": ["michelle wu signature collection", "michelle wu free the t", "michelle wu housing", "michelle wu accomplishments", "michelle wu announcement", "michelle wu commercial", "michelle wu lawn sign", "michelle wu election"], "andrea campbell transportation": ["andrea campbell transportation plan", "andrea campbell campaign jobs", "andrea campbell obituary", "andrea campbell husband", "andrea campbell campaign manager", "andrea campbell events", "andrea campbell housing", "andrea campbell fellowship"], "dana depelteau transportation": ["dana depelteau black lives matter", "dana depelteau twitter", "calla walsh parents", "dana depelteau for mayor", "dana depelteau tweets", "calla walsh winsor school", "michelle wu", "annissa essaibi george"], "annissa essaibi george transportation": ["annissa essaibi george staff", "annissa essaibi george commercial", "annissa essaibi george father", "annissa essaibi george endorsements", "annissa essaibi george ethnicity", "annissa essaibi george website", "annissa essaibi george parents", "annissa essaibi george twitter"], "jon santiago transportation": ["jon santiago campaign manager", "jon santiago wife", "jon santiago high school", "jon santiago endorsements", "jon santiago wife alexandra", "jon santiago boston", "john barros boston", "jon santiago facebook"], "kim janey transportation": ["kim janey family", "kim janey city council", "kim janey mayor", "kim janey policies"], "michael bianchi transportation": ["michael bianchi llc", "michael bianchi", "michael bianchi boston"], "john barros transportation": ["john barros campaign", "john barros", "john barros mayor", "john barros massachusetts", "john barros boston"], "michelle wu MBTA": ["michelle wu signature collection", "michelle wu transportation", "michelle wu accomplishments", "michelle wu election", "michelle wu announcement", "michelle wu housing", "michelle wu events", "michelle wu child care"], "andrea campbell MBTA": ["andrea campbell bio", "andrea campbell husband", "andrea campbell brother andre", "andrea campbell boston husband", "andrea campbell obituary", "andrea campbell family", "andre campbell obituary", "andrea campbell twin brother"], "dana depelteau MBTA": ["dana depelteau black lives matter", "dana depelteau twitter", "dana depelteau tweets", "calla walsh"], "annissa essaibi george MBTA": ["annissa essaibi george net worth", "annissa essaibi george father", "annissa essaibi george twitter", "annissa essaibi george boston globe", "annissa essaibi george ethnicity", "annissa essaibi george website", "annissa essaibi george bio", "annissa essaibi george staff"], "jon santiago MBTA": ["jon santiago wife", "jon santiago age", "jon santiago high school", "jon santiago wife alexandra", "jon santiago campaign", "jon santiago photographer", "jon santiago endorsements", "jon santiago twitter"], "kim janey MBTA": ["kim janey for mayor", "who is kim janey husband", "kim janey age", "kim janey for mayor campaign", "kim janey political views", "kim janey campaign website", "kim janey father", "kim janey boston"], "michael bianchi MBTA": ["michael bianchi boston", "michael bianchi boston city council", "liz breadon", "eric porter boston city council", "michael j bianchi boston city council", "liz breadon boston city council"], "john barros MBTA": ["john barros wife", "john barros boston wikipedia", "john barros boston globe", "john barros for mayor", "john barros boston wife", "john barros political party", "john barros age", "john barros bc high"], "michelle wu Education": ["michelle wu education plan", "michelle wu family", "who is michelle wu husband", "michelle wu salary", "is michelle wu married", "is michelle wu related to janet wu", "michelle wu instagram", "michelle wu wikipedia"], "andrea campbell Education": ["who is andrea campbell husband", "andrea campbell family", "andrea campbell bio", "andrea campbell father", "andrea campbell brother andre", "andrea campbell wikipedia", "andrea campbell parents", "andrea campbell education plan"], "dana depelteau Education": ["dana depelteau black lives matter", "dana depelteau twitter", "dana depelteau tweets", "calla walsh", "annissa essaibi george family", "annissa essaibi george ethnicity", "annissa essaibi george parents", "annissa essaibi george father"], "annissa essaibi george Education": ["annissa essaibi george bio", "annissa essaibi george net worth", "annissa essaibi george parents", "annissa essaibi george nationality", "annissa essaibi george siblings", "annissa essaibi george staff", "annissa essaibi george father", "annissa essaibi george website"], "jon santiago Education": ["jon santiago photographer", "jon santiago wife", "jon santiago bio", "jon santiago age", "jon santiago high school", "john barros", "jon santiago wife alexandra", "jon santiago campaign manager"], "kim janey Education": ["kim janey for mayor", "kim janey age", "who is kim janey husband", "kim janey net worth", "kim janey campaign website", "kim janey political views", "kim janey for mayor campaign", "kim janey family"], "michael bianchi Education": ["michael bianchi", "michael bianchi llc", "michael bianchi boston"], "john barros Education": ["john barros political party", "john barros for mayor", "john barros wife", "john barros age", "john barros wikipedia", "john barros boston wikipedia", "john barros high school", "john barros boston wife"], "michelle wu LGBT": ["when was lgbtq created", "lgbtq day", "lgbt shows", "lgbtq sexualities"], "andrea campbell LGBT": ["when was lgbtq created", "lgbtq day", "lgbtq sexualities", "lgbt symbols"], "dana depelteau LGBT": [], "annissa essaibi george LGBT": ["annissa essaibi george parents", "annissa essaibi george instagram", "annissa essaibi george father", "annissa essaibi george endorsements", "annissa essaibi george commercial", "annissa essaibi george website", "annissa essaibi george facebook", "annissa essaibi george business"], "jon santiago LGBT": ["when was lgbtq created", "lgbtq day", "lgbtq sexualities", "lgbt shows"], "kim janey LGBT": ["when was lgbtq created", "lgbtq day", "lgbtq sexualities", "lgbt symbols"], "michael bianchi LGBT": ["when was lgbtq created", "lgbtq day", "lgbt symbols", "lgbtq sexualities"], "john barros LGBT": ["when was lgbtq created", "lgbtq day", "lgbtq sexualities", "lgbtq meaning of each letter"], "michelle wu background": ["michelle wu family", "michelle wu salary", "michelle wu instagram", "michelle wu siblings", "is michelle wu related to janet wu", "michelle wu boston husband", "michelle wu mother", "is michelle wu married"], "andrea campbell background": ["andrea campbell family", "andrea campbell father", "andrea campbell brother", "andrea campbell wikipedia", "who is andrea campbell husband", "andrea campbell parents", "andrea campbell twin brother", "andrea campbell age"], "dana depelteau background": ["dana depelteau black lives matter", "dana depelteau twitter", "michelle wu", "dana depelteau tweets", "calla walsh", "kim janey", "annissa essaibi george"], "annissa essaibi george background": ["annissa essaibi george father", "annissa essaibi george net worth", "annissa essaibi george siblings", "annissa essaibi george staff", "ezzeddine essaibi", "annissa essaibi george parents", "annissa essaibi george campaign website", "annissa essaibi george mayor"], "jon santiago background": ["john barros", "jon santiago high school", "jon santiago age", "jon santiago for mayor", "jon santiago campaign manager", "jon santiago endorsements", "jon santiago wife alexandra", "jon santiago bio"], "kim janey background": ["who is kim janey husband", "kim janey age", "kim janey campaign", "kim janey for mayor", "kim janey campaign website", "kim janey family", "kim janey campaign manager", "kim janey net worth"], "michael bianchi background": ["michael bianchi boston", "michael bianchi city council", "michael bianchi boston city council", "michael j bianchi ii", "michael bianchi mayor", "michael bianchi brighton ma", "michael j bianchi boston city council", "liz breadon"], "john barros background": ["john barros email", "john barros campaign", "john barros campaign manager", "john barros boston globe", "john barros twitter", "john barros restaurant", "tchintcia barros", "john barros boston restaurant"], "michelle wu net worth": ["michelle wu husband", "michelle wu age", "is michelle wu married", "michelle wu wikipedia", "constance wu net worth"], "andrea campbell net worth": ["who is andrea campbell husband", "andrea campbell family", "andrea campbell twin brother", "andrea campbell wikipedia", "andrea campbell father", "andrea campbell husband matthew", "andrea campbell brother", "andrea campbell age"], "dana depelteau net worth": ["dana depelteau black lives matter", "boston mayoral primary 2021 date", "dana depelteau twitter", "boston mayoral polls", "dana depelteau tweets", "boston mayoral election 2020", "dana depelteau for mayor", "boston mayoral election 2021 polls"], "annissa essaibi george net worth": ["annissa essaibi george net worth"], "jon santiago net worth": ["jon santiago wife", "jon santiago high school", "jon santiago age", "jon santiago wife alexandra", "jon santiago endorsements", "jon santiago campaign manager", "john barros", "jon santiago boston"], "kim janey net worth": ["who is kim janey husband", "kim janey partner", "kim janey salary", "kim janey age", "kim janey parents nationality", "is kim janey married", "kim janey for mayor", "kim janey family"], "michael bianchi net worth": ["michael bianchi llc", "michael bianchi actor", "michael bianchi"], "john barros net worth": ["john barros wife", "john barros wikipedia", "john barros boston"], "michelle wu crime": ["michelle wu announcement", "michelle wu signature collection", "michelle wu housing", "michelle wu events", "michelle wu child care", "michelle wu commercial", "michelle wu opioid", "michelle wu campaign"], "andrea campbell crime": ["who is andrea campbell husband", "andrea campbell bio", "andrea campbell twin brother", "andrea campbell family", "andrea campbell boston husband", "andrea campbell brother", "andrea campbell age", "andrea campbell father"], "dana depelteau crime": ["dana depelteau black lives matter", "dana depelteau twitter", "dana depelteau tweets", "dana depelteau for mayor", "calla walsh", "dana depelteau husband"], "jon santiago boston": ["jon santiago boston globe", "jon santiago wife", "jon santiago campaign", "jon santiago high school", "jon santiago campaign manager", "jon santiago age", "jon santiago twitter", "jon santiago endorsements"], "kim janey boston": ["kim janey for mayor", "kim janey campaign website", "kim janey age", "kim janey campaign headquarters", "kim janey for mayor campaign", "kim janey political views", "kim janey partner", "who is kim janey husband", "andrea campbell boston"], "dana depelteau mayoral election": ["boston mayoral candidates 2021", "boston mayoral election 2020", "boston mayoral election results", "dana depelteau black lives matter", "dana depelteau twitter", "boston mayoral candidates party affiliation", "boston mayoral election 2021 polls", "boston mayoral polls"], "annissa essaibi george mayoral election": ["annissa essaibi george staff", "annissa essaibi george campaign website", "annissa essaibi george ethnicity", "annissa essaibi george endorsements", "annissa essaibi george father", "annissa essaibi george twitter", "annissa essaibi george political views", "annissa essaibi george campaign manager"], "annissa essaibi george for mayor": ["annissa essaibi george net worth", "annissa essaibi george father", "annissa essaibi george campaign website", "annissa essaibi george ethnicity", "annissa essaibi george staff", "annissa essaibi george parents", "annissa essaibi george endorsements", "annissa essaibi george campaign manager"], "kim janey for mayor": ["kim janey for mayor campaign", "kim janey campaign website", "mayor kim janey husband", "kim janey age", "kim janey political views", "who is kim janey husband", "kim janey campaign manager", "kim janey campaign headquarters", "michelle wu mayor"], "michael bianchi for mayor": ["liz breadon", "eric porter boston city council", "liz breadon boston city council", "bianchi road bike"], "andrea campbell partner": ["andrea campbell family", "andrea campbell father", "andrea campbell brother andre", "andrea campbell obituary", "andrea campbell princeton", "matthew scheier andrea campbell", "andrea campbell endorsements", "kim janey husband"], "dana depelteau partner": ["dana depelteau twitter", "dana depelteau tweets", "calla walsh"], "kim janey partner": ["is mayor kim janey married", "mayor kim janey husband", "kim janey parents nationality", "kim janey for mayor", "kim janey net worth", "kim janey political views", "how old is kim janey daughter", "kim janey wikipedia"], "dana depelteau race": ["dana depelteau boston", "who is running for boston mayor", "boston mayoral race candidates 2021", "dana depelteau mayor", "boston mayoral election 2020", "boston mayoral polls", "boston mayoral candidates party affiliation", "boston mayoral candidates on the issues"], "jon santiago race": ["jon santiago campaign", "jon santiago wife", "jon santiago photographer", "jon santiago age", "jon santiago campaign manager", "jon santiago endorsements", "jon santiago boston", "santiago mayer"], "jon santiago endorsement": ["jon santiago wife", "jon santiago campaign manager"], "dana depelteau COVID": ["dana depelteau black lives matter", "dana depelteau twitter", "dana depelteau tweets", "dana depelteau for mayor", "calla walsh", "michelle wu"], "john barros COVID": ["john barros covid"], "annissa essaibi george crime": ["annissa essaibi george endorsements", "annissa essaibi george commercial"], "jon santiago crime": ["jon santiago wife", "jon santiago campaign manager", "jon santiago endorsements", "santiago chile", "where is santiago"], "kim janey crime": ["kim janey news", "kim janey", "kim janey city council", "kim janey campaign"], "michael bianchi crime": ["michael bianchi", "michael bianchi llc"], "john barros crime": ["john barros mayor", "john barros campaign", "john barros boston", "john barros", "john barros massachusetts"], "michelle wu police": ["michelle wu announcement", "michelle wu election", "michelle wu commercial", "michelle wu signature collection", "michelle wu policies", "michelle wu accomplishments", "michelle wu housing", "michelle wu child care"], "andrea campbell police": ["andrea campbell husband", "andrea campbell brother", "andrea campbell obituary", "andrea campbell events", "andrea campbell endorsements", "andrea campbell housing", "andrea campbell fellowship", "andrea campbell covid"], "dana depelteau police": ["dana depelteau black lives matter", "dana depelteau boston", "dana depelteau twitter", "dana depelteau tweets", "calla walsh parents", "dana depelteau mayor", "calla walsh winsor school", "michelle wu"], "annissa essaibi george police": ["annissa essaibi george commercial", "annissa essaibi george endorsements", "annissa essaibi george business"], "jon santiago police": ["jon santiago wife", "jon santiago wife alexandra", "jon santiago high school", "jon santiago campaign", "jon santiago endorsements", "jon santiago campaign manager", "jon santiago age", "jon santiago boston"], "kim janey police": [], "michael bianchi police": ["michael bianchi boston", "michael bianchi boston city council", "michael bianchi brighton ma", "liz breadon", "michael bianchi boston mayor", "eric porter boston city council", "michael j bianchi boston city council"], "john barros police": ["john barros political party", "john barros mayor"], "michelle wu housing": ["where does michelle wu live", "michelle wu husband", "michelle wu child care", "michelle wu announcement", "michelle wu commercial", "michelle wu signature collection", "michelle wu lawn sign", "michelle wu mother"], "andrea campbell housing": ["andrea campbell husband", "andrea campbell obituary", "andrea campbell endorsements", "andrea campbell fellowship", "andrea campbell boston public schools", "andrea campbell events", "andrea campbell covid", "andrea campbell campaign jobs"], "dana depelteau housing": ["dana depelteau black lives matter", "dana depelteau twitter", "dana depelteau tweets", "dana depelteau for mayor", "calla walsh", "boston mayoral polls", "michelle wu", "kim janey"], "annissa essaibi george housing": ["annissa essaibi george commercial", "annissa essaibi george endorsements"], "jon santiago housing": ["jon santiago wife", "john barros", "jon santiago high school", "jon santiago wife alexandra", "jon santiago endorsements", "jon santiago age", "jon santiago campaign", "jon santiago campaign manager"], "kim janey housing": ["kim janey campaign website", "kim janey campaign headquarters", "kim janey campaign manager", "kim janey transition website", "who is kim janey husband", "kim janey kimesha", "kim janey family", "kim janey partner"], "michael bianchi housing": ["michael bianchi llc", "michael bianchi", "michael bianchi architect"], "john barros housing": ["john barros housing"]}