{"andrea campbell background": ["andrea campbell father", "andrea campbell family", "andrea campbell brother", "andrea campbell wikipedia", "who is andrea campbell husband", "andrea campbell parents", "andrea campbell twin brother", "andrea campbell age"], "andrea campbell boston": ["andrea campbell boston husband", "andrea campbell boston brother", "andrea campbell boston public schools", "andrea campbell husband matthew", "andrea campbell boston father", "andrea campbell twitter", "andrea campbell family", "andrea campbell wiki"], "andrea campbell COVID": false, "andrea campbell crime": ["who is andrea campbell husband", "andrea campbell bio", "andrea campbell twin brother", "andrea campbell family", "andrea campbell boston husband", "andrea campbell brother", "andrea campbell age", "andrea campbell father"], "andrea campbell Education": ["andrea campbell bio", "andrea campbell family", "andrea campbell education plan", "andrea campbell wikipedia", "andrea campbell twin brother", "andrea campbell father", "andrea campbell husband matthew", "andrea campbell brother andre"], "andrea campbell endorsement": ["andrea campbell husband", "andrea campbell fellowship", "michelle wu endorsements", "andrea campbell housing", "andrea campbell campaign jobs", "andrea campbell campaign manager", "andrea campbell education plan", "andrea campbell obituary"], "andrea campbell for mayor": ["andrea campbell bio", "andrea campbell father", "andrea campbell husband matthew", "andrea campbell obituary", "andrea campbell boston father", "andrea campbell twin brother", "andrea campbell family", "andrea campbell grandfather"], "andrea campbell housing": ["andrea campbell husband", "andrea campbell endorsements", "andrea campbell obituary", "andrea campbell fellowship", "andrea campbell boston public schools", "andrea campbell events", "andrea campbell covid", "andrea campbell campaign jobs"], "andrea campbell LGBT": ["when was lgbtq created", "lgbtq day", "lgbtq sexualities", "lgbt symbols"], "andrea campbell mayoral election": ["who is andrea campbell husband", "andrea campbell bio", "andrea campbell boston husband", "andrea campbell family", "andrea campbell wikipedia", "andrea campbell brother", "andrea campbell husband matthew", "andrea campbell twin brother"], "andrea campbell MBTA": ["andrea campbell bio", "andrea campbell husband", "andrea campbell brother andre", "andrea campbell boston husband", "andrea campbell obituary", "andrea campbell family", "andre campbell obituary", "andrea campbell twin brother"], "andrea campbell net worth": ["who is andrea campbell husband", "andrea campbell family", "andrea campbell twin brother", "andrea campbell wikipedia", "andrea campbell father", "andrea campbell husband matthew", "andrea campbell brother", "andrea campbell age"], "andrea campbell partner": ["andrea campbell family", "andrea campbell father", "andrea campbell brother andre", "andrea campbell obituary", "andrea campbell princeton", "matthew scheier andrea campbell", "andrea campbell endorsements", "kim janey husband"], "andrea campbell police": ["andrea campbell husband", "andrea campbell endorsements", "andrea campbell housing", "andrea campbell fellowship", "andrea campbell brother", "andrea campbell covid", "andrea campbell obituary", "andrea campbell boston public schools"], "andrea campbell race": ["andrea campbell parents", "andrea campbell father", "andrea campbell family", "andrea campbell bio", "andrea campbell twin brother", "andrea campbell brother", "andrea campbell husband matthew", "andrea campbell wikipedia"], "andrea campbell transportation": ["andrea campbell transportation plan", "andrea campbell campaign jobs", "andrea campbell obituary", "andrea campbell husband", "andrea campbell campaign manager", "andrea campbell events", "andrea campbell housing", "andrea campbell fellowship"], "andrea campbell": ["andrea campbell parents", "matthew scheier andrea campbell", "andrea campbell brother", "who is andrea campbell husband", "andrea campbell twin brother", "andrea campbell age", "andrea campbell boston husband", "andrea campbell wikipedia"], "annissa essaibi george background": ["annissa essaibi george parents", "annissa essaibi george net worth", "annissa essaibi george father", "annissa essaibi george siblings", "ezzeddine essaibi", "annissa essaibi george campaign website", "annissa essaibi george mayor", "annissa essaibi george campaign manager"], "annissa essaibi george boston": ["annissa essaibi george boston globe", "annissa essaibi george website", "annissa essaibi george parents", "annissa essaibi george age", "annissa essaibi george ethnicity", "annissa essaibi george twitter", "where does annissa essaibi george live", "annissa essaibi george facebook"], "annissa essaibi george COVID": false, "annissa essaibi george crime": ["annissa essaibi george endorsements", "annissa essaibi george commercial"], "annissa essaibi george Education": ["annissa essaibi george parents", "annissa essaibi george bio", "annissa essaibi george net worth", "annissa essaibi george nationality", "annissa essaibi george siblings", "annissa essaibi george staff", "annissa essaibi george twitter", "annissa essaibi george age"], "annissa essaibi george endorsement": ["annissa essaibi george business", "annissa essaibi george commercial", "annissa essaibi george polls", "conor pewarski", "annissa essaibi george pronunciation", "annissa essaibi george wiki"], "annissa essaibi george for mayor": ["annissa essaibi george campaign website", "annissa essaibi george ethnicity", "annissa essaibi george family", "annissa essaibi george father", "annissa essaibi george net worth", "annissa essaibi george commercial", "annissa essaibi george wiki", "annissa essaibi george mother"], "annissa essaibi george housing": ["annissa essaibi george commercial", "annissa essaibi george endorsements"], "annissa essaibi george LGBT": ["annissa essaibi george parents", "annissa essaibi george instagram", "annissa essaibi george father", "annissa essaibi george endorsements", "annissa essaibi george commercial", "annissa essaibi george website", "annissa essaibi george facebook", "annissa essaibi george business"], "annissa essaibi george mayoral election": ["annissa essaibi george staff", "annissa essaibi george campaign website", "annissa essaibi george ethnicity", "annissa essaibi george endorsements", "annissa essaibi george father", "annissa essaibi george twitter", "annissa essaibi george political views", "annissa essaibi george campaign manager"], "annissa essaibi george MBTA": ["annissa essaibi george net worth", "annissa essaibi george father", "annissa essaibi george twitter", "annissa essaibi george boston globe", "annissa essaibi george ethnicity", "annissa essaibi george website", "annissa essaibi george bio", "annissa essaibi george staff"], "annissa essaibi george net worth": false, "annissa essaibi george partner": ["annissa essaibi george father", "annissa essaibi george net worth", "annissa essaibi george ethnicity", "annissa essaibi george parents", "annissa essaibi george mother", "annissa essaibi george age", "annissa essaibi george staff", "annissa essaibi george twitter"], "annissa essaibi george police": ["annissa essaibi george endorsements", "annissa essaibi george commercial", "annissa essaibi george business"], "annissa essaibi george race": ["annissa essaibi george parents", "annissa essaibi george father", "annissa essaibi george siblings", "annissa essaibi george family", "annissa essaibi george wiki", "is annissa essaibi george black", "annissa essaibi george staff", "is annissa essaibi george white"], "annissa essaibi george transportation": ["annissa essaibi george staff", "annissa essaibi george commercial", "annissa essaibi george father", "annissa essaibi george endorsements", "annissa essaibi george ethnicity", "annissa essaibi george website", "annissa essaibi george parents", "annissa essaibi george twitter"], "annissa essaibi george": ["annissa essaibi george parents", "annissa essaibi george ethnicity", "annissa essaibi george father", "annissa essaibi george bio", "annissa essaibi george family", "annissa essaibi george twitter", "annissa essaibi george facebook", "annissa essaibi george siblings"], "boston mayor candidates": ["boston mayoral candidates quiz", "boston mayoral primary results", "boston mayoral candidates party affiliation", "boston mayoral candidates on the issues", "boston mayoral polls", "boston mayoral candidates comparison", "boston mayoral election 2021 polls", "boston mayoral debate schedule"], "boston mayoral election": ["boston mayoral primary results", "boston mayoral election results", "boston mayoral election polls", "boston mayoral election results 2021", "boston mayoral election 2021 polls", "boston mayoral debate schedule", "boston mayoral candidates on the issues", "boston mayoral candidates party affiliation"], "dana depelteau background": ["dana depelteau black lives matter", "dana depelteau twitter", "michelle wu", "dana depelteau tweets", "calla walsh", "kim janey", "annissa essaibi george"], "dana depelteau boston": ["dana depelteau black lives matter", "dana depelteau for mayor", "dana depelteau twitter", "dana depelteau tweets", "calla walsh"], "dana depelteau COVID": ["dana depelteau black lives matter", "dana depelteau twitter", "dana depelteau tweets", "dana depelteau for mayor", "calla walsh", "michelle wu"], "dana depelteau crime": ["dana depelteau black lives matter", "dana depelteau twitter", "dana depelteau tweets", "dana depelteau for mayor", "calla walsh", "dana depelteau husband"], "dana depelteau Education": ["dana depelteau black lives matter", "dana depelteau twitter", "dana depelteau tweets", "calla walsh", "annissa essaibi george family", "annissa essaibi george ethnicity", "annissa essaibi george parents", "annissa essaibi george father"], "dana depelteau endorsement": ["boston city council candidates 2021", "when is boston mayoral election 2021", "boston elections 2021", "boston mayoral debate 2021", "boston mayoral poll 2021", "boston mayoral candidates on the issues", "boston mayoral candidates party affiliation", "boston mayoral primary results"], "dana depelteau for mayor": ["dana depelteau black lives matter", "dana depelteau twitter", "dana depelteau tweets", "calla walsh"], "dana depelteau housing": ["dana depelteau black lives matter", "dana depelteau twitter", "dana depelteau tweets", "dana depelteau for mayor", "calla walsh", "boston mayoral polls", "michelle wu", "kim janey"], "dana depelteau LGBT": false, "dana depelteau mayoral election": ["boston mayoral candidates 2021", "boston mayoral election 2020", "boston mayoral election results", "dana depelteau black lives matter", "dana depelteau twitter", "boston mayoral candidates party affiliation", "boston mayoral election 2021 polls", "boston mayoral polls"], "dana depelteau MBTA": ["dana depelteau black lives matter", "dana depelteau twitter", "dana depelteau tweets", "calla walsh"], "dana depelteau net worth": ["dana depelteau black lives matter", "boston mayoral primary 2021 date", "dana depelteau twitter", "boston mayoral polls", "dana depelteau tweets", "boston mayoral election 2020", "dana depelteau for mayor", "boston mayoral election 2021 polls"], "dana depelteau partner": ["dana depelteau twitter", "dana depelteau tweets", "calla walsh"], "dana depelteau police": ["dana depelteau black lives matter", "dana depelteau boston", "dana depelteau twitter", "dana depelteau tweets", "calla walsh parents", "dana depelteau mayor", "calla walsh winsor school", "michelle wu"], "dana depelteau race": ["dana depelteau boston", "who is running for boston mayor", "boston mayoral race candidates 2021", "dana depelteau mayor", "boston mayoral election 2020", "boston mayoral polls", "boston mayoral candidates party affiliation", "boston mayoral candidates on the issues"], "dana depelteau transportation": ["dana depelteau black lives matter", "dana depelteau twitter", "calla walsh parents", "dana depelteau for mayor", "dana depelteau tweets", "calla walsh winsor school", "michelle wu", "annissa essaibi george"], "dana depelteau": ["dana depelteau black lives matter", "dana depelteau twitter", "dana depelteau husband", "dana depelteau tweets", "dana depelteau for mayor", "calla walsh"], "john barros background": ["john barros email", "john barros campaign", "john barros campaign manager", "john barros boston globe", "john barros twitter", "john barros restaurant", "john barros boston restaurant", "john barros endorsements"], "john barros boston": ["john barros boston wikipedia", "john barros boston wife", "john barros wife", "john barros boston restaurant", "john barros boston political party", "john barros boston globe", "john barros wikipedia", "john barros bc high"], "john barros COVID": false, "john barros crime": false, "john barros Education": ["john barros political party", "john barros for mayor", "john barros age", "john barros wikipedia", "john barros boston wikipedia", "john barros wife", "john barros high school", "john barros boston wife"], "john barros endorsement": ["john barros wife", "john barros wikipedia", "john barros for mayor website", "john barros for mayor", "john barros boston wife", "john barros political party", "andrea campbell", "john barros email"], "john barros for mayor": ["john barros for mayor website", "john barros wife", "john barros political party", "john barros wikipedia", "john barros family", "john barros campaign manager", "john barros bio", "john barros boston wikipedia"], "john barros housing": false, "john barros LGBT": ["when was lgbtq created", "lgbtq day", "lgbtq sexualities", "lgbtq meaning of each letter"], "john barros mayoral election": ["john barros political party", "john barros for mayor", "boston mayoral election", "john barros wife", "boston mayoral candidates on the issues", "john barros boston wikipedia", "john barros campaign", "boston mayoral election 2021 polls"], "john barros MBTA": ["john barros wife", "john barros boston wikipedia", "john barros boston globe", "john barros for mayor", "john barros boston wife", "john barros political party", "john barros age", "john barros bc high"], "john barros net worth": ["john barros wife", "john barros wikipedia", "john barros boston"], "john barros partner": ["john barros family", "john barros bio", "john barros campaign", "john barros email", "john barros twitter", "john barros bc high", "andrea campbell", "john barros campaign manager"], "john barros police": ["john barros political party", "john barros mayor"], "john barros race": ["john barros wikipedia", "john barros family", "john barros wife", "john barros bio", "john barros political party", "john barros for mayor", "john barros campaign", "john barros for mayor website"], "john barros transportation": false, "john barros": ["john barros wikipedia", "john barros political party", "john barros restaurant", "john barros mayor", "john barros family", "john barros wife", "john barros age", "john barros bio"], "jon santiago background": ["john barros", "jon santiago high school", "jon santiago age", "jon santiago for mayor", "jon santiago campaign manager", "jon santiago endorsements", "jon santiago wife alexandra", "jon santiago bio"], "jon santiago boston": ["jon santiago wife", "jon santiago boston globe", "jon santiago campaign", "jon santiago age", "jon santiago high school", "jon santiago facebook", "jon santiago twitter", "jon santiago campaign manager"], "jon santiago COVID": false, "jon santiago crime": ["jon santiago wife", "jon santiago campaign manager", "jon santiago endorsements", "santiago chile", "where is santiago"], "jon santiago Education": ["jon santiago photographer", "jon santiago wife", "jon santiago bio", "jon santiago age", "jon santiago high school", "john barros", "jon santiago wife alexandra", "jon santiago campaign manager"], "jon santiago endorsement": ["jon santiago wife", "jon santiago campaign manager"], "jon santiago for mayor": ["jon santiago wife", "jon santiago endorsements", "jon santiago campaign manager", "jon santiago twitter", "jon santiago high school", "jon santiago age", "jon santiago wife alexandra", "boston mayoral candidates"], "jon santiago housing": ["jon santiago wife", "john barros", "jon santiago high school", "jon santiago wife alexandra", "jon santiago endorsements", "jon santiago age", "jon santiago campaign", "jon santiago campaign manager"], "jon santiago LGBT": ["when was lgbtq created", "lgbtq day", "lgbtq sexualities", "lgbt shows"], "jon santiago mayoral election": ["jon santiago for mayor", "jon santiago wife", "jon santiago endorsements"], "jon santiago MBTA": ["jon santiago wife", "jon santiago age", "jon santiago high school", "jon santiago wife alexandra", "jon santiago campaign", "jon santiago photographer", "jon santiago endorsements", "jon santiago twitter"], "jon santiago net worth": ["jon santiago wife", "jon santiago high school", "jon santiago age", "jon santiago wife alexandra", "jon santiago endorsements", "jon santiago campaign manager", "john barros", "jon santiago boston"], "jon santiago partner": ["jon santiago wife", "jon santiago wife alexandra", "jon santiago age", "jon santiago high school", "jon santiago photographer", "jon santiago facebook", "jon santiago campaign manager"], "jon santiago police": ["jon santiago wife", "jon santiago wife alexandra", "jon santiago high school", "jon santiago campaign", "jon santiago endorsements", "jon santiago campaign manager", "jon santiago age", "jon santiago boston"], "jon santiago race": ["jon santiago campaign", "jon santiago wife", "jon santiago photographer", "jon santiago age", "jon santiago campaign manager", "jon santiago endorsements", "jon santiago boston", "santiago mayer"], "jon santiago transportation": ["jon santiago campaign manager", "jon santiago wife", "jon santiago high school", "jon santiago endorsements", "jon santiago wife alexandra", "jon santiago boston", "john barros boston", "jon santiago facebook"], "jon santiago": ["jon santiago wife", "jon santiago photographer", "jon santiago campaign", "jon santiago instagram", "john barros", "jon santiago mayor", "jon santiago high school", "jon santiago facebook"], "kim janey background": ["who is kim janey husband", "kim janey family", "kim janey campaign manager", "mayor janey", "kim janey parents nationality", "kim janey campaign headquarters", "kim janey wikipedia", "kim janey email"], "kim janey boston": ["kim janey campaign headquarters", "kim janey political views", "kim janey partner", "kim janey net worth", "kim janey campaign website", "kim janey family", "phyllis janey", "kim janey campaign manager"], "kim janey COVID": ["covid vaccine passport app", "boston globe kim janey"], "kim janey crime": false, "kim janey Education": ["who is kim janey husband", "kim janey boston", "kim janey net worth", "kim janey political views", "kim janey age", "kim janey partner", "kim janey parents nationality", "kim janey campaign manager"], "kim janey endorsement": false, "kim janey for mayor": ["kim janey for mayor campaign", "kim janey campaign website", "who is kim janey husband", "kim janey partner", "mayor kim janey husband", "kim janey campaign manager", "kim janey campaign headquarters", "kim janey political views"], "kim janey housing": ["kim janey campaign website", "kim janey campaign headquarters", "kim janey campaign manager", "kim janey transition website", "kim janey kimesha", "kim janey family", "kim janey partner", "kim janey parents nationality"], "kim janey LGBT": ["when was lgbtq created", "lgbtq day", "lgbtq sexualities", "lgbt symbols"], "kim janey mayoral election": ["kim janey for mayor", "kim janey political views", "who is kim janey husband", "mayor kim janey husband", "kim janey campaign website", "boston mayoral election", "kim janey partner", "kim janey age"], "kim janey MBTA": ["kim janey for mayor", "who is kim janey husband", "kim janey age", "kim janey for mayor campaign", "kim janey political views", "kim janey campaign website", "kim janey father"], "kim janey net worth": ["who is kim janey husband", "kim janey partner", "how old is kim janey daughter", "kim janey parents nationality", "kim janey salary", "kim janey wikipedia", "kim janey campaign website", "kim janey political views"], "kim janey partner": ["is mayor kim janey married", "kim janey net worth", "kim janey parents nationality", "how old is kim janey daughter", "kim janey political views", "mayor kim janey husband", "kim janey campaign website", "kim janey boston"], "kim janey police": false, "kim janey race": ["kim janey for mayor", "kim janey age", "who is kim janey husband", "kim janey campaign", "kim janey partner", "kim janey for mayor campaign", "kim janey family", "kim janey father"], "kim janey transportation": false, "kim janey": ["kim janey political views", "mayor kim janey", "who is kim janey husband", "kim janey net worth", "kim janey wikipedia", "kim janey campaign", "kim janey age", "kim janey family"], "michael bianchi background": ["michael bianchi boston", "michael bianchi city council", "michael bianchi boston city council", "michael j bianchi ii", "michael bianchi mayor", "michael bianchi brighton ma", "michael j bianchi boston city council"], "michael bianchi boston": ["michael bianchi boston mayor", "liz breadon", "eric porter boston", "michael bianchi city council", "liz breadon boston city council", "eric porter boston city council"], "michael bianchi COVID": false, "michael bianchi crime": false, "michael bianchi Education": false, "michael bianchi endorsement": ["michael bianchi boston city council", "michael j bianchi boston city council", "eric porter boston city council", "liz breadon boston city council"], "michael bianchi for mayor": ["liz breadon", "eric porter boston city council", "liz breadon boston city council", "bianchi road bike"], "michael bianchi housing": false, "michael bianchi LGBT": ["when was lgbtq created", "lgbtq day", "lgbt symbols", "lgbtq sexualities"], "michael bianchi mayoral election": false, "michael bianchi MBTA": ["michael bianchi boston", "michael bianchi boston city council", "liz breadon", "eric porter boston city council", "michael j bianchi boston city council", "liz breadon boston city council"], "michael bianchi net worth": false, "michael bianchi partner": false, "michael bianchi police": ["michael bianchi boston", "michael bianchi boston city council", "michael bianchi brighton ma", "liz breadon", "michael bianchi boston mayor", "eric porter boston city council", "michael j bianchi boston city council"], "michael bianchi race": ["michael bianchi mayor", "michael j bianchi ii", "bianchi road bike"], "michael bianchi transportation": false, "michael bianchi": ["michael bianchi boston", "michael bianchi actor", "michael bianchi obituary", "michael bianchi boston city council", "michael bianchi boston mayor", "michael bianchi city council", "michael bianchi brighton ma", "liz breadon"], "michelle wu background": ["michelle wu salary", "michelle wu endorsements", "michelle wu parents", "michelle wu family", "michelle wu mother", "is michelle wu related to janet wu", "michelle wu siblings", "michelle wu mayor"], "michelle wu boston": ["michelle wu boston mayor age", "michelle wu boston latin", "michelle wu instagram", "is michelle wu related to janet wu", "michelle wu boston mayor husband", "michelle wu family", "michelle wu salary", "michelle wu mother"], "michelle wu COVID": false, "michelle wu crime": ["michelle wu announcement", "michelle wu signature collection", "michelle wu housing", "michelle wu events", "michelle wu child care", "michelle wu commercial", "michelle wu opioid", "michelle wu campaign"], "michelle wu Education": ["michelle wu education plan", "michelle wu salary", "where does michelle wu live", "michelle wu family", "michelle wu endorsements", "michelle wu policies", "michelle wu polls", "michelle wu siblings"], "michelle wu endorsement": ["andrea campbell endorsements", "michelle wu instagram", "michelle wu twitter", "michelle wu family", "michelle wu policies", "michelle wu husband", "where does michelle wu live", "michelle wu campaign staff"], "michelle wu for mayor": ["michelle wu family", "michelle wu boston mayor husband", "michelle wu instagram", "michelle wu salary", "michelle wu political party", "michelle wu siblings", "is michelle wu related to janet wu", "michelle wu boston husband"], "michelle wu housing": ["where does michelle wu live", "michelle wu husband", "michelle wu child care", "michelle wu commercial", "michelle wu signature collection", "michelle wu lawn sign", "michelle wu mother", "michelle wu events"], "michelle wu LGBT": ["when was lgbtq created", "lgbtq day", "lgbt shows", "lgbtq sexualities"], "michelle wu mayoral election": ["michelle wu husband", "michelle wu twitter", "michelle wu family", "michelle wu political party", "michelle wu boston mayor husband", "michelle wu wikipedia", "michelle wu campaign staff", "where does michelle wu live"], "michelle wu MBTA": ["michelle wu accomplishments", "michelle wu election", "michelle wu commercial", "michelle wu climate", "michelle wu campaign", "michelle wu mother", "michelle wu education plan", "michelle wu super pac"], "michelle wu net worth": ["michelle wu husband", "michelle wu age", "is michelle wu married", "michelle wu wikipedia", "constance wu net worth"], "michelle wu partner": ["michelle wu instagram", "conor pewarski", "is michelle wu married", "michelle wu siblings", "michelle wu boston mayor husband", "michelle wu salary", "michelle wu net worth", "michelle wu father"], "michelle wu police": ["michelle wu election", "michelle wu accomplishments", "michelle wu education plan", "what does michelle wu stand for", "michelle wu east boston", "michelle wu mother", "michelle wu super pac", "michelle wu commercial"], "michelle wu race": ["michelle wu boston husband", "michelle wu family", "michelle wu mother", "michelle wu instagram", "michelle wu siblings", "michelle wu salary", "michelle wu mayor", "michelle wu twitter"], "michelle wu transportation": ["michelle wu signature collection", "michelle wu free the t", "michelle wu housing", "michelle wu accomplishments", "michelle wu commercial", "michelle wu lawn sign", "michelle wu election", "michelle wu child care"], "michelle wu": ["michelle wu instagram", "michelle wu family", "is michelle wu related to janet wu", "where does michelle wu live", "michelle wu wiki", "michelle wu campaign manager", "michelle wu boston mayor age", "michelle wu linkedin"]}