{"andrea campbell background": ["andrea campbell father", "how old is andrea campbell", "andrea campbell twin brother", "andrea campbell brother", "andrea campbell parents", "andrea campbell family", "andrea campbell wikipedia", "who is andrea campbell husband"], "andrea campbell boston": ["andrea campbell boston husband", "andrea campbell boston brother", "andrea campbell boston father", "andrea campbell husband matthew", "andrea campbell boston mayor", "andrea campbell family", "andrea campbell mit", "andrea campbell father"], "andrea campbell COVID": ["boston city councilor andrea campbell brother"], "andrea campbell crime": ["who is andrea campbell husband", "andrea campbell twin brother", "andrea campbell bio", "andrea campbell family", "andrea campbell brother andre", "andrea campbell age", "andrea campbell husband matthew", "andrea campbell obituary"], "andrea campbell Education": ["andrea campbell bio", "who is andrea campbell husband", "andrea campbell family", "andrea campbell father", "andrea campbell twin brother", "andrea campbell wikipedia", "andrea campbell brother andre", "andrea campbell husband matthew"], "andrea campbell endorsement": ["andrea campbell husband", "andrea campbell fellowship", "andrea campbell father", "michelle wu endorsements", "andrea campbell progressive", "andrea campbell campaign jobs", "andrea campbell campaign manager", "boston city councilor andrea campbell brother"], "andrea campbell for mayor": ["andrea campbell father", "andrea campbell bio", "andrea campbell campaign manager", "andrea campbell husband matthew", "andrea campbell family", "andrea campbell brother", "andrea campbell twin brother", "andrea campbell grandfather"], "andrea campbell housing": ["andrea campbell husband", "andrea campbell endorsements", "andrea campbell fellowship", "andrea campbell boston public schools", "andrea campbell events", "andrea campbell progressive", "andrea campbell home address", "andrea campbell covid"], "andrea campbell LGBT": ["andrea campbell husband", "andrea campbell endorsement", "andrea campbell housing", "andrea campbell ma", "andrea campbell events", "andrea campbell campaign manager", "andrea campbell fellowship", "andrea campbell boston"], "andrea campbell mayoral election": ["who is andrea campbell husband", "andrea campbell bio", "andrea campbell family", "andrea campbell husband matthew", "andrea campbell brother", "andrea campbell twin brother", "andrea campbell wikipedia", "andrea campbell father"], "andrea campbell MBTA": ["andrea campbell bio", "andrea campbell husband", "andrea campbell brother andre", "andrea campbell obituary", "andrea campbell family", "andre campbell", "andrea campbell twin brother", "andrea campbell father"], "andrea campbell net worth": ["boston city councilor andrea campbell brother", "andrea campbell campaign jobs"], "andrea campbell partner": ["andrea campbell family", "andrea campbell father", "andrea campbell bio", "andrea campbell brother andre", "andrea campbell interview", "matthew scheier andrea campbell", "andrea campbell princeton", "andrea campbell endorsements"], "andrea campbell police": ["andrea campbell husband", "andrea campbell father", "andrea campbell endorsements", "andrea campbell brother", "andrea campbell fellowship", "andrea campbell housing", "andrea campbell covid", "andrea campbell campaign manager"], "andrea campbell race": ["andrea campbell parents", "andrea campbell father", "who is andrea campbell husband", "andrea campbell family", "andrea campbell bio", "andrea campbell twin brother", "andrea campbell brother", "andrea campbell husband matthew"], "andrea campbell transportation": ["andrea campbell campaign manager", "andrea campbell husband", "andrea campbell campaign jobs", "andrea campbell home address", "andrea campbell events", "andrea campbell boston public schools", "andrea campbell father", "andrea campbell housing"], "andrea campbell": ["andrea campbell twin brother", "andrea campbell brother", "andrea campbell wikipedia", "matthew scheier andrea campbell", "andrea campbell parents", "andrea campbell father", "andrea campbell family", "andrea campbell bio"], "annissa essaibi george background": ["annissa essaibi george net worth", "annissa essaibi george parents", "annissa essaibi george father", "annissa essaibi george siblings", "essaibi george husband", "annissa essaibi george family", "annissa essaibi george campaign website", "annissa essaibi george triplets"], "annissa essaibi george boston": ["annissa essaibi george father", "annissa essaibi george net worth", "annissa essaibi george ethnicity", "where does annissa essaibi george live", "annissa essaibi george parents", "annissa essaibi george boston globe", "annissa essaibi george bio", "doug george boston"], "annissa essaibi george COVID": false, "annissa essaibi george crime": ["annissa essaibi george ethnicity", "annissa essaibi george father", "annissa essaibi george parents", "annissa essaibi george net worth", "annissa essaibi george profile", "annissa essaibi george family", "annissa essaibi george political party", "annissa essaibi george endorsements"], "annissa essaibi george Education": ["annissa essaibi george parents", "annissa essaibi george net worth", "annissa essaibi george ethnicity", "annissa essaibi george bio", "annissa essaibi george family", "annissa essaibi george siblings", "annissa essaibi george weight loss", "annissa essaibi george staff"], "annissa essaibi george endorsement": ["annissa essaibi george political views", "annissa essaibi george staff", "annissa essaibi george net worth", "annissa essaibi george campaign website", "annissa essaibi george father", "annissa essaibi george mayor", "annissa essaibi george mother", "annissa essaibi george political party"], "annissa essaibi george for mayor": ["annissa essaibi george campaign website", "annissa essaibi george family", "annissa essaibi george commercial", "annissa essaibi george net worth", "annissa essaibi george ethnicity", "annissa essaibi george mother", "annissa essaibi george father", "annissa essaibi george bio"], "annissa essaibi george housing": ["annissa essaibi george net worth", "annissa essaibi george bio", "annissa essaibi george commercial", "ezzeddine essaibi", "annissa essaibi george ethnicity", "annissa essaibi george campaign website", "annissa essaibi george staff", "annissa essaibi george campaign ad"], "annissa essaibi george LGBT": ["when was lgbtq created"], "annissa essaibi george mayoral election": ["annissa essaibi george staff", "annissa essaibi george political party", "annissa essaibi george campaign website", "annissa essaibi george ethnicity", "annissa essaibi george father", "annissa essaibi george endorsements", "annissa essaibi george net worth", "annissa essaibi george political views"], "annissa essaibi george MBTA": ["annissa essaibi george net worth", "annissa essaibi george father", "annissa essaibi george boston", "annissa essaibi george twitter", "annissa essaibi george commercial", "annissa essaibi george ethnicity", "annissa essaibi george website", "annissa essaibi george boston globe"], "annissa essaibi george net worth": ["michelle wu net worth"], "annissa essaibi george partner": ["annissa essaibi george net worth", "annissa essaibi george father", "annissa essaibi george ethnicity", "annissa essaibi george parents", "annissa essaibi george siblings", "annissa essaibi george mother", "annissa essaibi george family", "annissa essaibi george age"], "annissa essaibi george police": ["annissa essaibi george net worth", "annissa essaibi george development", "annissa essaibi george white", "annissa essaibi george house", "annissa essaibi george campaign ad", "annissa essaibi george tiktok"], "annissa essaibi george race": ["annissa essaibi george parents", "annissa essaibi george father", "annissa essaibi george net worth", "annissa essaibi george bio", "annissa essaibi george staff", "annissa essaibi george weight loss", "annissa essaibi george campaign manager", "annissa essaibi george boston globe"], "annissa essaibi george transportation": ["annissa essaibi george staff", "annissa essaibi george bio", "annissa essaibi george father", "annissa essaibi george mayor", "annissa essaibi george commercial", "annissa essaibi george ethnicity", "annissa essaibi george website", "annissa essaibi george parents"], "annissa essaibi george": ["annissa essaibi george net worth", "annissa essaibi george ethnicity", "annissa essaibi george family", "annissa essaibi george bio", "annissa essaibi george father", "annissa essaibi george parents", "annissa essaibi george twitter", "annissa essaibi george endorsements"], "boston mayor candidates": ["boston mayoral candidates platforms", "boston mayoral candidates quiz", "boston mayoral candidates party affiliation", "boston mayoral election results", "boston mayoral candidates on the issues", "boston mayoral election polls", "boston mayoral candidates comparison", "boston mayoral election 2021 polls"], "boston mayoral election": ["boston mayoral election results", "boston mayoral election polls", "boston mayoral election 2021 polls", "boston mayoral candidates party affiliation", "boston mayoral candidates on the issues", "boston mayoral debate", "boston mayoral candidates comparison", "boston mayoral election results by precinct"], "dana depelteau background": ["dana depelteau black lives matter", "dana depelteau twitter", "dana depelteau tweets", "michelle wu", "calla walsh", "markeyverse"], "dana depelteau boston": ["dana depelteau black lives matter", "dana depelteau for mayor", "dana depelteau twitter", "dana depelteau tweets", "calla walsh"], "dana depelteau COVID": ["dana depelteau twitter", "dana depelteau black lives matter", "dana depelteau tweets", "dana depelteau for mayor", "calla walsh"], "dana depelteau crime": ["dana depelteau black lives matter", "dana depelteau twitter", "dana depelteau boston", "dana depelteau mayor", "dana depelteau tweets", "calla walsh"], "dana depelteau Education": ["dana depelteau black lives matter", "dana depelteau twitter", "dana depelteau tweets", "calla walsh"], "dana depelteau endorsement": ["when is boston mayoral election 2021", "boston city council candidates 2021", "boston mayoral candidates on the issues", "boston mayoral poll 2021", "boston mayoral race candidates 2021", "boston mayoral candidates party affiliation", "boston mayoral primary results", "when is the boston mayoral primary"], "dana depelteau for mayor": ["dana depelteau black lives matter", "dana depelteau twitter", "calla walsh parents", "markeyverse", "dana depelteau tweets", "michelle wu"], "dana depelteau housing": ["dana depelteau twitter", "dana depelteau tweets", "calla walsh", "calla walsh parents", "michelle wu"], "dana depelteau LGBT": ["when was lgbtq created", "lgbtq day", "lgbtq sexualities", "lgbt symbols"], "dana depelteau mayoral election": ["boston mayoral candidates 2021", "boston mayoral election 2020", "dana depelteau twitter", "boston mayoral election results", "boston mayoral candidates party affiliation", "boston mayoral primary election", "boston mayoral election 2021 polls", "boston mayoral candidates on the issues"], "dana depelteau MBTA": ["dana depelteau twitter", "dana depelteau black lives matter", "dana depelteau tweets", "calla walsh"], "dana depelteau net worth": ["dana depelteau black lives matter", "dana depelteau twitter", "dana depelteau tweets", "dana depelteau for mayor", "calla walsh"], "dana depelteau partner": ["dana depelteau twitter", "dana depelteau tweets", "calla walsh"], "dana depelteau police": ["dana depelteau black lives matter", "dana depelteau twitter", "dana depelteau boston", "calla walsh parents", "dana depelteau tweets", "dana depelteau mayor", "calla walsh winsor school", "markeyverse"], "dana depelteau race": ["dana depelteau boston", "dana depelteau twitter", "boston mayoral candidates party affiliation", "boston mayoral race candidates 2021", "calla walsh parents", "calla walsh winsor school", "boston mayoral race primary", "michelle wu, boston mayor"], "dana depelteau transportation": ["dana depelteau twitter", "dana depelteau boston", "calla walsh parents", "calla walsh winsor school", "calla walsh twitter", "markeyverse", "michelle wu"], "dana depelteau": ["dana depelteau black lives matter", "dana depelteau twitter", "dana depelteau tweets", "calla walsh parents", "markeyverse", "michelle wu", "calla walsh"], "john barros background": ["john barros political party", "john barros party", "andrea campbell", "kim janey", "john barros high school", "john barros boston mayor", "john barros city of boston", "john barros restaurant"], "john barros boston": ["john barros boston wikipedia", "john barros boston wife", "john barros wife", "john barros boston restaurant", "john barros boston political party", "john barros boston mayor", "john barros boston globe", "john barros wiki"], "john barros COVID": false, "john barros crime": ["john barros wife", "john barros boston wikipedia", "john barros for mayor", "john barros political party", "john barros boston wife"], "john barros Education": ["john barros political party", "john barros for mayor", "john barros wikipedia", "john barros age", "john barros wife", "john barros boston wikipedia", "john barros boston wife", "john barros high school"], "john barros endorsement": false, "john barros for mayor": ["john barros for mayor website", "john barros wife", "john barros political party", "john barros wikipedia", "john barros family", "john barros endorsements", "john barros boston wikipedia", "john barros bio"], "john barros housing": ["john barros wife", "john barros for mayor", "john barros boston wife", "john barros political party", "john barros boston wikipedia", "john barros facebook"], "john barros LGBT": ["when was lgbtq created", "lgbtq day", "lgbtq sexualities", "lgbt symbols"], "john barros mayoral election": ["john barros political party", "john barros for mayor", "john barros wife", "john barros boston wikipedia", "john barros boston wife", "john barros age", "tchintcia barros", "john barros wiki"], "john barros MBTA": ["john barros wife", "john barros boston wife", "john barros for mayor", "john barros boston wikipedia", "john barros political party", "john barros city of boston", "john barros wiki", "john barros age"], "john barros net worth": ["john barros wikipedia", "andrea campbell"], "john barros partner": ["john barros political party", "john barros wikipedia", "john barros family", "john barros boston wikipedia", "john barros boston wife", "john barros for mayor", "john barros age", "andrea campbell"], "john barros police": false, "john barros race": ["john barros wife", "john barros political party", "john barros for mayor", "john barros boston wife", "john barros wiki", "annissa essaibi george", "tchintcia barros"], "john barros transportation": false, "john barros": ["john barros political party", "john barros wikipedia", "john barros restaurant", "john barros mayor", "john barros bio", "john barros massachusetts", "john barros wife", "john barros party"], "jon santiago background": ["john barros", "jon santiago mayor", "jon santiago campaign manager", "jon santiago endorsements", "jon santiago, md", "jon santiago wife alexandra", "jon santiago photographer", "jon santiago twitter"], "jon santiago boston": ["jon santiago wife", "jon santiago boston globe", "jon santiago campaign", "jon santiago facebook", "jon santiago twitter", "jon santiago, md", "jon santiago age", "jon santiago campaign manager"], "jon santiago COVID": false, "jon santiago crime": false, "jon santiago Education": ["jon santiago photographer", "jon santiago mayor", "jon santiago wife alexandra", "jon santiago campaign manager", "john barros", "jon santiago age", "jon santiago, md", "jon santiago endorsements"], "jon santiago endorsement": false, "jon santiago for mayor": ["jon santiago wife", "jon santiago campaign", "jon santiago twitter", "jon santiago campaign manager", "jon santiago endorsements", "jon santiago photographer", "jon santiago, md", "jon santiago age"], "jon santiago housing": ["jon santiago wife", "jon santiago wife alexandra", "jon santiago endorsements", "jon santiago campaign manager", "jon santiago, md", "jon santiago mayor", "john barros", "jon santiago photographer"], "jon santiago LGBT": ["when was lgbtq created", "lgbtq day", "lgbtq sexualities", "lgbt shows"], "jon santiago mayoral election": ["jon santiago wife", "jon santiago endorsements", "jon santiago, md", "rep jon santiago"], "jon santiago MBTA": ["jon santiago wife", "jon santiago wife alexandra", "jon santiago endorsements", "jon santiago mayor", "jon santiago campaign", "jon santiago photographer", "jon santiago twitter", "jon santiago campaign manager"], "jon santiago net worth": ["jon santiago wife", "jon santiago wife alexandra", "jon santiago endorsements", "jon santiago campaign manager", "john barros", "jon santiago mayor", "jon santiago facebook", "jon santiago twitter"], "jon santiago partner": ["jon santiago wife", "jon santiago wife alexandra", "jon santiago boston", "jon santiago instagram", "jon santiago, md", "jon santiago endorsements", "jon santiago boston globe"], "jon santiago police": ["jon santiago wife", "jon santiago wife alexandra", "jon santiago campaign", "jon santiago endorsements", "jon santiago mayor", "jon santiago campaign manager", "jon santiago, md", "jon santiago age"], "jon santiago race": ["jon santiago campaign", "jon santiago wife", "jon santiago photographer", "jon santiago mayor", "jon santiago endorsements", "jon santiago campaign manager", "santiago mayer", "john barros"], "jon santiago transportation": ["jon santiago campaign manager", "jon santiago wife", "jon santiago endorsements", "jon santiago wife alexandra", "jon santiago, md", "jon santiago boston", "jon santiago twitter", "jon santiago boston globe"], "jon santiago": ["jon santiago wife", "jon santiago photographer", "jon santiago instagram", "jon santiago campaign", "jon santiago mayor", "john barros", "jon santiago, md", "jon santiago twitter"], "kim janey background": ["who is kim janey husband", "kim janey partner", "kim janey wikipedia", "kim janey campaign manager", "kim janey policies", "kim janey parents nationality", "kim janey family", "kim janey campaign headquarters"], "kim janey boston": ["kim janey campaign headquarters", "kim janey political views", "kim janey partner", "kim janey campaign website", "kim janey campaign manager", "kim janey family", "kim janey twitter", "kim janey staff"], "kim janey COVID": ["boston mask mandate"], "kim janey crime": false, "kim janey Education": ["who is kim janey husband", "mayor janey", "kim janey net worth", "kim janey political views", "did kim janey graduate from smith college", "kim janey age", "kim janey parents nationality", "kim janey partner"], "kim janey endorsement": ["kim janey election", "kim janey staff", "kim janey heart agenda", "kim janey campaign manager", "kim janey transition website", "kim janey campaign headquarters", "kim janey metco", "kim janey grandmother's house"], "kim janey for mayor": ["kim janey campaign website", "kim janey partner", "mayor kim janey husband", "kim janey campaign manager", "kim janey political views", "kim janey staff", "kim janey campaign headquarters", "kim janey family"], "kim janey housing": ["kim janey campaign headquarters", "kim janey campaign website", "kim janey election", "kim janey campaign manager", "kim janey grandmother's house", "kim janey partner", "kim janey transition website", "kim janey parents nationality"], "kim janey LGBT": ["when was lgbtq created", "lgbtq day", "what does q mean in lgbtq"], "kim janey mayoral election": ["kim janey political views", "boston mayoral election results", "kim janey net worth", "boston mayors", "kim janey partner", "boston mayoral election", "boston mayor kim janey husband", "michelle wu, boston mayor"], "kim janey MBTA": false, "kim janey net worth": ["who is kim janey husband", "kim janey partner", "how old is kim janey daughter", "kim janey parents nationality", "kim janey wikipedia", "kim janey age", "is kim janey married", "kim janey policies"], "kim janey partner": ["who is kim janey husband", "kim janey net worth", "is mayor kim janey married", "how old is kim janey daughter", "kim janey parents nationality", "kim janey political views", "kim janey campaign website", "did kim janey graduate from smith college"], "kim janey police": false, "kim janey race": ["kim janey for mayor", "kim janey age", "who is kim janey husband", "kim janey partner", "kim janey political views", "kim janey campaign", "kim janey family", "kim janey net worth"], "kim janey transportation": false, "kim janey": ["who is kim janey husband", "kim janey political views", "kim janey policies", "mayor kim janey", "kim janey staff", "kim janey twitter", "is kim janey married", "kim janey email"], "michael bianchi background": false, "michael bianchi boston": ["michael bianchi boston mayor", "michael j bianchi", "eric porter boston", "michael bianchi for city council", "liz breadon", "liz breadon boston city council", "eric porter boston city council"], "michael bianchi COVID": false, "michael bianchi crime": false, "michael bianchi Education": ["michael bianchi for city council", "michael bianchi boston city council", "michael bianchi boston mayor", "eric porter boston city council"], "michael bianchi endorsement": ["michael bianchi boston city council", "michael bianchi for city council", "eric porter boston city council", "michael bianchi brighton ma", "michael bianchi boston mayor"], "michael bianchi for mayor": ["michael bianchi for city council", "liz breadon", "eric porter boston city council", "liz breadon boston city council", "bianchi road bike"], "michael bianchi housing": ["michael bianchi boston", "michael bianchi boston city council", "michael bianchi brighton ma", "michael bianchi for city council", "michael bianchi district 9", "eric porter boston city council", "liz breadon boston city council"], "michael bianchi LGBT": ["when was lgbtq created", "lgbtq day", "lgbt symbols", "lgbtq sexualities"], "michael bianchi mayoral election": ["liz breadon", "michael bianchi for city council", "eric porter boston city council", "boston city council candidates 2021", "liz breadon boston city council", "nick vance boston"], "michael bianchi MBTA": ["michael bianchi boston", "michael bianchi boston city council", "michael bianchi district 9", "eric porter boston city council", "michael bianchi brighton ma", "liz breadon boston city council", "michael bianchi for city council"], "michael bianchi net worth": false, "michael bianchi partner": false, "michael bianchi police": ["michael bianchi boston", "michael bianchi boston city council", "michael bianchi district 9", "michael bianchi brighton ma", "michael bianchi for city council", "eric porter boston city council", "liz breadon boston city council"], "michael bianchi race": ["michael bianchi for city council", "liz breadon", "eric porter boston city council", "liz breadon boston city council", "bianchi road bike"], "michael bianchi transportation": false, "michael bianchi": ["michael bianchi boston", "michael bianchi actor", "michael bianchi obituary", "michael bianchi boston city council", "michael bianchi district 9", "michael bianchi boston mayor", "michael bianchi brighton ma", "liz breadon"], "michelle wu background": ["michelle wu family", "michelle wu salary", "michelle wu mother", "michelle wu parents", "michelle wu wikipedia", "michelle wu campaign staff", "is michelle wu related to janet wu", "michelle wu polls"], "michelle wu boston": ["michelle wu salary", "michelle wu boston college", "michelle wu boston mayor age", "michelle wu, boston globe", "michelle wu family", "where does michelle wu live", "michelle wu campaign staff", "michelle wu mother"], "michelle wu COVID": false, "michelle wu crime": ["who is michelle wu husband", "michelle wu housing", "michelle wu mayor husband", "michelle wu opioid", "michelle wu child care", "michelle wu signature collection", "michelle wu endorsement", "michelle wu transportation"], "michelle wu Education": ["michelle wu education plan", "michelle wu family", "where does michelle wu live", "michelle wu salary", "michelle wu mother", "michelle wu twitter", "michelle wu age", "michelle wu endorsements"], "michelle wu endorsement": ["andrea campbell endorsements", "michelle wu election", "michelle wu consulting", "michelle wu boston college", "michelle wu salary", "michelle wu husband", "michelle wu commercial", "michelle wu socialist"], "michelle wu for mayor": ["michelle wu salary", "michelle wu family", "michelle wu instagram", "michelle wu twitter", "michelle wu campaign staff", "michelle wu boston husband", "michelle wu siblings", "michelle wu political party"], "michelle wu housing": ["where does michelle wu live", "michelle wu husband", "michelle wu house", "michelle wu, boston globe", "michelle wu rent stabilization", "michelle wu - real estate", "michelle wu transportation", "michelle wu zoning"], "michelle wu LGBT": ["when was lgbtq created"], "michelle wu mayoral election": ["boston mayoral election", "who is michelle wu husband", "michelle wu family", "michelle wu twitter", "michelle wu political party", "where does michelle wu live", "michelle wu siblings", "michelle wu wikipedia"], "michelle wu MBTA": ["who is michelle wu husband", "michelle wu election", "michelle wu endorsement", "michelle wu boston college", "michelle wu construction", "michelle wu mayor husband", "michelle wu climate", "does michelle wu speak spanish"], "michelle wu net worth": ["michelle wu husband", "annissa essaibi george net worth"], "michelle wu partner": ["michelle wu instagram", "conor pewarski", "michelle wu boston mayor husband", "michelle wu twitter", "michelle wu salary", "michelle wu net worth", "how old is michelle wu", "michelle wu mother"], "michelle wu police": ["michelle wu election", "who is michelle wu husband", "michelle wu endorsement", "michelle wu boston college", "michelle wu transportation", "michelle wu, boston mayor", "michelle wu speech", "michelle wu child care"], "michelle wu race": ["michelle wu boston husband", "michelle wu family", "michelle wu mother", "michelle wu siblings", "michelle wu salary", "michelle wu twitter", "michelle wu campaign staff", "michelle wu endorsements"], "michelle wu transportation": ["michelle wu signature collection", "michelle wu free the t", "michelle wu housing", "michelle wu accomplishments", "who is michelle wu husband", "michelle wu election", "michelle wu construction", "michelle wu zoning"], "michelle wu": ["michelle wu instagram", "michelle wu family", "michelle wu wikipedia", "michelle wu mother", "michelle wu father", "michelle wu salary", "michelle wu policies", "where does michelle wu live"]}