{"boston mayor candidates": ["boston mayoral election candidates", "boston mayoral election 2020", "boston elections, 2021", "boston mayoral race candidates 2021", "boston mayoral primary election", "boston mayoral primary 2021", "boston mayoral election polls", "boston mayoral candidates on the issues"], "michelle wu": ["michelle wu wikipedia", "michelle wu salary", "michelle wu instagram", "michelle wu siblings", "michelle wu linkedin", "michelle wu mother", "michelle wu campaign staff", "michelle wu roslindale"], "andrea campbell": ["andrea campbell husband", "andrea campbell brother", "andrea campbell bio", "andrea campbell wikipedia", "andrea campbell twin brother", "andrea campbell father", "andrea campbell family", "andrea campbell brothers"], "dana depelteau": ["dana depelteau black lives matter", "dana depelteau twitter", "dana depelteau husband", "dana depelteau for mayor", "dana depelteau party", "calla walsh", "dana depelteau tweets", "dana depelteau linkedin"], "jon santiago": ["jon santiago wife", "jon santiago photographer", "jon santiago high school", "jon santiago age", "is jon santiago married", "jon santiago campaign", "jon santiago mayor", "jon santiago instagram"], "kim janey": ["kim janey political views", "kim janey election", "kim janey for mayor", "kim janey daughter", "kim janey husband", "kim janey wikipedia", "kim janey campaign", "kim janey daughter age"], "michael bianchi": ["michael bianchi actor", "michael bianchi boston", "michael bianchi obituary", "michael bianchi boston mayor", "michael bianchi mayor", "michael bianchi brighton", "michael bianchi architect", "michael bianchi brighton ma"], "john barros": ["john barros wife", "john barros wikipedia", "john barros restaurant", "john barros website", "john barros campaign", "john barros political party", "john barros for mayor website", "john barros ethnicity"], "michelle wu boston": ["michelle wu instagram", "michelle wu roslindale", "michelle wu boston college", "michelle wu boston globe", "michelle wu boston public schools", "michelle wu twitter", "michelle wu linkedin", "michelle wu wikipedia"], "dana depelteau boston": ["dana depelteau black lives matter", "dana depelteau twitter", "dana depelteau tweets", "dana depelteau for mayor", "michelle wu", "calla walsh", "annissa essaibi george"], "jon santiago boston": ["jon santiago wife", "jon santiago boston globe", "jon santiago boston mayor", "jon santiago age", "jon santiago linkedin", "jon santiago high school", "jon santiago boston twitter", "is jon santiago married"], "kim janey boston": ["kim janey for mayor", "kim janey campaign website", "kim janey age", "kim janey for mayor campaign", "kim janey, boston mayor", "kim janey daughter age", "kim janey husband", "kim janey partner"], "michael bianchi boston": ["michael bianchi boston mayor", "michael bianchi brighton ma", "michael bianchi mayor"], "john barros boston": ["john barros boston wikipedia", "john barros boston mayor", "john barros boston wife", "john barros boston restaurant", "john barros wife", "john barros boston bio", "john barros boston globe", "john barros for mayor website"], "michelle wu mayoral election": ["michelle wu for mayor", "michelle wu husband", "michelle wu family", "michelle wu instagram", "michelle wu twitter", "michelle wu campaign staff", "michelle wu endorsements", "michelle wu siblings"], "andrea campbell mayoral election": ["andrea campbell family", "andrea campbell brother", "andrea campbell campaign manager", "andrea campbell husband", "andrea campbell twin brother", "andrea campbell bio", "andrea campbell for mayor", "andrea campbell husband, matthew"], "dana depelteau mayoral election": ["boston mayoral candidates 2021", "boston mayoral election 2020", "dana depelteau twitter", "boston mayoral election results", "dana depelteau black lives matter", "boston mayoral election 2021 candidates", "boston mayoral election candidates", "dana depelteau tweets"], "annissa essaibi george mayoral election": ["annissa essaibi george campaign website", "annissa essaibi george twitter", "annissa essaibi george endorsements", "annissa essaibi george campaign manager", "annissa essaibi george father", "annissa essaibi george family", "john barros", "annissa essaibi george instagram"], "kim janey mayoral election": ["kim janey for mayor", "kim janey for mayor campaign", "kim janey running for mayor", "kim janey campaign website", "kim janey age", "kim janey partner", "boston mayoral election", "kim janey husband"], "michael bianchi mayoral election": ["michael bianchi boston", "michael bianchi boston mayor", "michael bianchi brighton ma"], "john barros mayoral election": ["john barros for mayor website", "john barros political party", "john barros wife", "john barros mayor 2021", "john barros boston wikipedia", "john barros wiki", "john barros bio", "john barros campaign"], "michelle wu for mayor": ["michelle wu boston husband", "michelle wu campaign staff", "michelle wu family", "michelle wu twitter", "michelle wu mother", "michelle wu instagram", "michelle wu roslindale", "michelle wu linkedin"], "andrea campbell for mayor": ["andrea campbell parents", "andrea campbell family", "andrea campbell campaign manager", "andrea campbell husband", "andrea campbell brother", "andrea campbell father", "andrea campbell bio", "andrea campbell wikipedia"], "dana depelteau for mayor": ["dana depelteau black lives matter", "dana depelteau twitter", "dana depelteau tweets", "calla walsh", "michelle wu", "annissa essaibi george"], "annissa essaibi george for mayor": ["annissa essaibi george father", "annissa essaibi george campaign manager", "annissa essaibi george endorsements", "annissa essaibi george campaign website", "annissa essaibi george staff", "annissa essaibi george website", "annissa essaibi george family", "annissa george"], "jon santiago for mayor": ["jon santiago wife", "jon santiago campaign manager", "jon santiago high school", "jon santiago photographer", "jon santiago mayor boston", "jon santiago endorsements", "is jon santiago married", "jon santiago state representative"], "kim janey for mayor": ["kim janey for mayor campaign", "kim janey campaign website", "kim janey partner", "kim janey husband", "kim janey daughter", "kim janey campaign manager", "kim janey running for mayor", "kim janey, boston mayor"], "michael bianchi for mayor": ["michael bianchi boston", "michael bianchi brighton ma", "michael bianchi boston mayor", "bianchi road bike"], "john barros for mayor": ["john barros for mayor website", "john barros wife", "john barros political party", "john barros wikipedia", "john barros mayor 2021", "john barros family", "john barros boston mayor", "john barros bio"], "michelle wu partner": ["michelle wu instagram", "michelle wu family", "michelle wu roslindale", "michelle wu mayor", "michelle wu salary", "michelle wu twitter", "michelle wu age", "michelle wu wikipedia"], "andrea campbell partner": false, "dana depelteau partner": false, "annissa essaibi george partner": ["annissa essaibi george father", "annissa essaibi george family", "annissa essaibi george twitter", "annissa george", "annissa essaibi george staff", "annissa essaibi george endorsements", "annissa essaibi george mayor", "annissa essaibi george campaign"], "jon santiago partner": ["jon santiago wife", "jon santiago wife alexandra", "jon santiago campaign manager", "jon santiago mayor", "jon santiago age", "jon santiago boston globe", "jon santiago endorsements", "jon santiago boston mayor"], "kim janey partner": ["who is kim janey husband", "kim janey brother", "kim janey reading memorial high school", "kim janey parents nationality", "kim janey daughter age", "kim janey net worth", "kim janey wikipedia", "kim janey, boston mayor"], "michael bianchi partner": false, "john barros partner": ["john barros wife", "john barros family", "john barros wikipedia", "john barros political party", "john barros boston wikipedia", "john barros bio", "john barros for mayor website", "john barros campaign"], "michelle wu race": ["michelle wu boston husband", "michelle wu mother", "michelle wu instagram", "michelle wu family", "michelle wu jobs", "michelle wu siblings", "michelle wu roslindale", "michelle wu salary"], "andrea campbell race": ["andrea campbell father", "andrea campbell husband", "andrea campbell family", "andrea campbell bio", "andrea campbell twin brother", "andrea campbell brother", "andrea campbell husband, matthew", "andrea campbell wikipedia"], "dana depelteau race": ["kim janey for mayor", "who is running for boston mayor", "boston elections, 2021", "boston city council elections 2021", "boston mayoral race", "annissa essaibi george", "boston mayoral election 2020", "boston mayoral primary"], "annissa essaibi george race": false, "jon santiago race": false, "kim janey race": ["kim janey for mayor", "kim janey age", "kim janey campaign", "kim janey partner", "is kim janey married?", "kim janey parents", "kim janey father", "kim janey husband"], "michael bianchi race": ["michael bianchi mayor", "bianchi road bike"], "john barros race": ["john barros wikipedia", "john barros family", "john barros for mayor website", "john barros bio", "john barros wife", "john barros political party", "john barros campaign", "john barros boston wikipedia"], "michelle wu endorsement": ["michelle wu instagram", "michelle wu family", "michelle wu twitter", "michelle wu roslindale", "michelle wu mayor", "michelle wu husband", "michelle wu policies", "michelle wu linkedin"], "andrea campbell endorsement": ["andrea campbell husband", "andrea campbell bio", "andrea campbell husband, matthew", "andrea campbell family", "andrea campbell twin brother", "andrea campbell father", "andrea campbell wiki", "andrea campbell campaign manager"], "dana depelteau endorsement": ["boston mayoral candidates 2021", "2021 boston mayoral election", "boston mayoral election 2020", "boston city council candidates 2021", "boston elections, 2021", "boston mayoral debate 2021", "boston mayoral election 2021 candidates", "boston mayoral election candidates"], "annissa essaibi george endorsement": ["annissa essaibi george mayor", "annissa essaibi george campaign manager", "annissa essaibi george twitter", "annissa essaibi george staff", "annissa essaibi george family", "annissa essaibi george wiki", "boston globe annissa essaibi george"], "jon santiago endorsement": ["jon santiago wife", "jon santiago campaign manager", "jon santiago twitter", "jon santiago for mayor", "jon santiago wife alexandra", "jon santiago boston globe"], "michael bianchi endorsement": false, "john barros endorsement": ["john barros for mayor website", "john barros political party", "john barros wife", "john barros bc high", "john barros wiki", "john barros campaign", "john barros mayor 2021", "john barros wikipedia"], "michelle wu COVID": ["michelle wu chinatown"], "andrea campbell COVID": ["andrea campbell argentina", "andrea campbell mass and cass"], "annissa essaibi george COVID": false, "jon santiago COVID": ["john barros", "jon santiago linkedin", "jon santiago photographer"], "kim janey COVID": false, "michael bianchi COVID": ["michael bianchi boston", "michael bianchi boston mayor", "michael bianchi mayor", "michael bianchi brighton ma"], "john barros COVID": ["john barros for mayor website", "john barros wife", "john barros boston wikipedia", "john barros wikipedia", "john barros political party", "john barros restaurant", "john barros bc high", "john barros age"], "andrea campbell transportation": ["andrea campbell campaign manager", "andrea campbell campaign jobs", "andrea campbell brother", "andrea campbell husband", "andrea campbell events", "andrea campbell boston public schools", "andrea campbell housing", "andrea campbell covid"], "annissa essaibi george transportation": ["annissa essaibi george staff", "annissa essaibi george mayor", "annissa essaibi george father", "annissa essaibi george endorsements", "annissa essaibi george twitter", "annissa essaibi george website", "annissa essaibi george campaign website", "annissa essaibi george campaign manager"], "kim janey transportation": ["kim janey family", "kim janey daughter age", "kim janey parents", "kim janey husband", "kim janey net worth", "kim janey brother", "kim janey wikipedia", "mayor kim janey"], "michael bianchi transportation": false, "michelle wu MBTA": ["michelle wu free transit", "michelle wu transportation", "michelle wu election", "michelle wu consulting", "michelle wu announcement", "michelle wu housing", "michelle wu events", "michelle wu child care"], "andrea campbell MBTA": ["andrea campbell bio", "andrea campbell husband", "andrea campbell brother", "andrea campbell family", "andrea campbell twin brother", "andrea campbell father", "andrea campbell campaign manager", "andrea campbell wikipedia"], "dana depelteau MBTA": ["dana depelteau twitter", "dana depelteau tweets", "calla walsh", "annissa essaibi george", "michelle wu"], "jon santiago MBTA": ["jon santiago wife", "is jon santiago married", "jon santiago high school", "jon santiago age", "jon santiago boston globe", "jon santiago endorsements", "jon santiago wife alexandra", "jon santiago campaign manager"], "kim janey MBTA": ["kim janey for mayor", "kim janey daughter age", "kim janey husband", "kim janey age", "kim janey brother", "kim janey campaign", "kim janey election", "is kim janey married"], "michelle wu Education": ["michelle wu education plan", "michelle wu endorsements", "michelle wu election", "michelle wu roslindale", "michelle wu jobs", "michelle wu mayor", "michelle wu mother", "michelle wu policies"], "andrea campbell Education": ["andrea campbell family", "andrea campbell bio", "andrea campbell husband", "andrea campbell father", "andrea campbell brother", "andrea campbell wikipedia", "andrea campbell education plan", "andrea campbell parents"], "dana depelteau Education": ["dana depelteau black lives matter", "dana depelteau twitter", "dana depelteau tweets", "calla walsh", "michelle wu", "calla walsh parents", "annissa essaibi george"], "annissa essaibi george Education": ["annissa essaibi george mayor", "annissa essaibi george staff", "annissa essaibi george twitter", "annissa essaibi george family", "annissa essaibi george website", "annissa essaibi george father", "annissa essaibi george campaign", "annissa essaibi george campaign manager"], "jon santiago Education": ["is jon santiago married", "jon santiago wife", "jon santiago bio", "jon santiago age", "john barros", "jon santiago mayor", "jon santiago high school", "jon santiago campaign manager"], "michael bianchi Education": false, "michelle wu LGBT": ["when was lgbtq created", "lgbtq meaning of each letter", "lgbtq sexualities", "lgbtq day"], "dana depelteau LGBT": ["when was lgbtq created", "lgbtq meaning of each letter", "lgbtq sexualities", "lgbtq day"], "annissa essaibi george LGBT": false, "jon santiago LGBT": ["boston mayoral candidates 2021", "who is running for mayor of boston 2021", "boston mayoral race poll", "boston mayoral election candidates", "when is boston mayoral election 2021", "boston mayoral race polls", "boston mayoral election polls", "boston mayoral election 2021 candidates"], "kim janey LGBT": false, "michael bianchi LGBT": ["when was lgbtq created", "lgbtq day", "lgbt symbols", "lgbtq sexualities"], "john barros LGBT": ["when was lgbtq created", "lgbtq meaning of each letter", "lgbtq sexualities", "lgbtq day"], "michelle wu background": ["michelle wu email", "michelle wu salary", "michelle wu family", "michelle wu mother", "michelle wu siblings", "michelle wu roslindale", "michelle wu jobs", "michelle wu twitter"], "andrea campbell background": ["andrea campbell family", "andrea campbell father", "andrea campbell brother", "andrea campbell wikipedia", "andrea campbell parents", "andrea campbell husband", "andrea campbell twin brother", "andrea campbell brothers"], "dana depelteau background": ["dana depelteau black lives matter", "john barros", "dana depelteau twitter", "michael j. bianchi ii", "calla walsh", "boston city council elections 2021", "michelle wu", "boston elections, 2021"], "annissa essaibi george background": ["annissa essaibi george father", "annissa essaibi george staff", "annissa essaibi george campaign", "annissa essaibi george campaign website", "annissa essaibi george campaign manager", "boston city council", "annissa essaibi george for mayor", "annissa essaibi george website"], "jon santiago background": ["john barros", "jon santiago wife", "jon santiago high school", "jon santiago mayor", "jon santiago age", "jon santiago campaign manager", "jon santiago endorsements", "is jon santiago married"], "kim janey background": ["who is kim janey husband", "kim janey daughter", "kim janey for mayor", "kim janey campaign", "kim janey daughter age", "kim janey age", "kim janey campaign website", "kim janey campaign manager"], "michael bianchi background": ["michael bianchi boston", "michael bianchi mayor", "michael bianchi boston mayor", "michael bianchi actor", "michael bianchi brighton ma"], "john barros background": ["john barros political party", "john barros for mayor website", "john barros family", "john barros bc high", "john barros restaurant", "john barros boston mayor", "john barros education", "john barros boston restaurant"], "michelle wu net worth": ["michelle wu boston husband", "michelle wu family", "michelle wu salary", "michelle wu age", "where does michelle wu live", "michelle wu roslindale", "michelle wu endorsements", "michelle wu mother"], "andrea campbell net worth": ["andrea campbell husband", "andrea campbell family", "andrea campbell twin brother", "andrea campbell father", "andrea campbell brother", "andrea campbell husband, matthew", "andrea campbell bio", "andrea campbell wikipedia"], "annissa essaibi george net worth": ["annissa essaibi george mayor", "annissa essaibi george father", "annissa essaibi george endorsements", "annissa essaibi george staff", "annissa essaibi george twitter", "annissa essaibi george website", "doug george", "boston city council elections 2021"], "jon santiago net worth": ["jon santiago age", "jon santiago endorsements", "jon santiago high school", "jon santiago campaign manager", "jon santiago wife alexandra", "is jon santiago married", "john barros", "jon santiago boston globe"], "kim janey net worth": ["kim janey daughter", "who is kim janey husband", "kim janey age", "kim janey daughter age", "kim janey partner", "kim janey parents nationality", "is kim janey married", "kim janey wikipedia"], "michael bianchi net worth": false, "michelle wu crime": ["michelle wu announcement", "michelle wu housing", "michelle wu events", "michelle wu child care", "michelle wu siblings", "michelle wu accomplishments", "michelle wu campaign", "michelle wu election"], "andrea campbell crime": ["andrea campbell bio", "andrea campbell twin brother", "andrea campbell husband", "andrea campbell family", "andrea campbell brother", "andrea campbell father", "andrea campbell age", "andrea campbell husband, matthew"], "annissa essaibi george crime": ["annissa essaibi george father", "annissa essaibi george twitter", "annissa essaibi george staff", "annissa essaibi george mayor", "annissa essaibi george family", "annissa essaibi george campaign", "annissa essaibi george endorsements", "annissa essaibi george campaign manager"], "jon santiago crime": false, "boston mayoral election": ["boston mayoral election 2020", "boston mayoral election results", "boston mayoral election primary", "boston mayoral election polls", "boston elections, 2021", "2017 boston mayoral election", "boston mayoral polls", "boston mayoral election 2021 primary"], "annissa essaibi george": ["michelle wu", "annissa essaibi george father", "annissa essaibi george endorsements", "annissa essaibi george pronunciation", "annissa essaibi george campaign", "annissa essaibi george family", "annissa essaibi george wiki", "annissa essaibi george mayor"], "annissa essaibi george boston": ["boston city council elections 2021", "annissa essaibi george boston globe", "michelle wu", "annissa essaibi george website", "annissa essaibi george father", "annissa essaibi george pronunciation", "annissa essaibi george campaign website", "annissa essaibi george twitter"], "jon santiago mayoral election": false, "kim janey endorsement": ["kim janey issues", "kim janey transition website", "kim janey for mayor", "kim janey campaign website", "kim janey chief of staff", "kim janey transition team", "kim janey instagram", "kim janey age"], "dana depelteau transportation": ["dana depelteau black lives matter", "dana depelteau twitter", "dana depelteau for mayor", "calla walsh parents", "michelle wu"], "jon santiago transportation": ["jon santiago campaign manager", "jon santiago wife", "jon santiago endorsements", "jon santiago for mayor", "jon santiago boston globe", "jon santiago wife alexandra"], "annissa essaibi george MBTA": ["annissa essaibi george boston globe", "annissa essaibi george twitter", "boston city council elections 2021", "annissa essaibi george campaign website", "annissa essaibi george staff", "annissa essaibi george website", "annissa essaibi george father"], "michael bianchi MBTA": ["michael bianchi brighton ma", "michael bianchi mayor", "michael bianchi boston mayor"], "kim janey Education": ["kim janey smith college", "kim janey reading memorial high school", "kim janey, boston mayor", "who is kim janey husband", "kim janey campaign", "kim janey political views", "kim janey daughter", "kim janey campaign manager"], "john barros Education": ["john barros for mayor website", "john barros boston wikipedia", "john barros political party", "john barros wife", "john barros wiki", "john barros wikipedia", "john barros age", "john barros bio"], "andrea campbell LGBT": ["when was lgbtq created", "lgbtq meaning of each letter", "lgbtq sexualities", "lgbtq day"], "dana depelteau net worth": ["dana depelteau black lives matter", "dana depelteau twitter", "dana depelteau tweets", "boston elections, 2021", "dana depelteau for mayor", "when is boston mayoral election 2021", "boston mayoral candidates 2021", "boston mayoral polls"], "john barros net worth": ["john barros wife", "john barros wikipedia", "john barros age", "john barros bio", "john barros restaurant", "john barros bc high", "when is boston mayoral election 2021"], "dana depelteau crime": ["dana depelteau black lives matter", "dana depelteau twitter", "dana depelteau for mayor", "michelle wu", "calla walsh", "annissa essaibi george"], "kim janey crime": ["patrick rose boston police", "kim janey for mayor", "patrick rose wife", "patrick rose sr.", "kim janey husband", "kim janey brother"], "michael bianchi crime": ["michael bianchi boston", "kenneth bianchi 2021", "what happened to kenneth bianchi's son", "michael bianchi boston mayor", "michael bianchi mayor", "hillside strangler documentary"], "michelle wu police": ["michelle wu election", "michelle wu announcement", "michelle wu child care", "michelle wu east boston", "michelle wu endorsements", "michelle wu dsa", "michelle wu policies", "michelle wu accomplishments"], "annissa essaibi george police": ["annissa essaibi george twitter", "annissa essaibi george endorsements", "annissa essaibi george mayor", "annissa essaibi george campaign manager", "annissa essaibi george wiki", "annissa essaibi george family"], "jon santiago police": false, "kim janey police": ["patrick rose boston police", "kim janey for mayor", "kim janey for mayor campaign", "boston police commissioner wife", "kim janey campaign website", "dennis white, boston police wife", "kim janey campaign manager", "kim janey husband"], "john barros police": ["john barros wife", "john barros bc high", "john barros wiki", "john barros boston wikipedia", "john barros ethnicity", "john barros bio", "john barros political party", "john barros twitter"], "michelle wu housing": ["michelle wu child care", "michelle wu announcement", "michelle wu transportation", "michelle wu endorsements", "michelle wu mbta", "michelle wu small business", "michelle wu election", "michelle wu east boston"], "andrea campbell housing": ["andrea campbell husband", "andrea campbell husband, matthew", "andrea campbell father", "andrea campbell family", "andre campbell obituary", "andrea campbell brother", "andrea campbell bio", "andrea campbell twin brother"], "jon santiago housing": ["jon santiago wife", "is jon santiago married", "john barros", "jon santiago mayor", "jon santiago wife alexandra", "jon santiago campaign manager", "jon santiago endorsements", "jon santiago age"], "kim janey housing": ["kim janey for mayor", "kim janey campaign manager", "kim janey election", "kim janey partner", "who is kim janey husband", "kim janey family", "kim janey issues", "kim janey political views"], "michael bianchi housing": false, "john barros housing": ["john barros for mayor website", "john barros wife", "john barros family", "john barros boston wikipedia", "john barros bio", "john barros political party", "john barros wiki", "john barros bc high"]}