{"andrea campbell background": ["andrea campbell father", "andrea campbell family", "andrea campbell brother", "andrea campbell wikipedia", "who is andrea campbell husband", "andrea campbell parents", "andrea campbell twin brother", "andrea campbell age"], "andrea campbell boston": ["andrea campbell boston husband", "andrea campbell boston brother", "andrea campbell boston father", "andrea campbell boston public schools", "andrea campbell family", "andrea campbell polls", "andrea campbell father", "andrea campbell parents"], "andrea campbell COVID": false, "andrea campbell crime": ["who is andrea campbell husband", "andrea campbell bio", "andrea campbell twin brother", "andrea campbell family", "andrea campbell boston husband", "andrea campbell brother", "andrea campbell father", "andrea campbell wikipedia"], "andrea campbell Education": ["andrea campbell bio", "who is andrea campbell husband", "andrea campbell family", "andrea campbell brother andre", "andrea campbell father", "andrea campbell twin brother", "andrea campbell husband matthew", "andrea campbell wikipedia"], "andrea campbell endorsement": ["andrea campbell campaign manager", "andrea campbell fundraising"], "andrea campbell for mayor": ["andrea campbell father", "andrea campbell bio", "andrea campbell husband matthew", "andrea campbell family", "andrea campbell twin brother", "andrea campbell brother", "andrea campbell grandfather", "andrea campbell polls"], "andrea campbell housing": ["andrea campbell husband", "andrea campbell endorsements", "andrea campbell obituary", "andrea campbell fellowship", "andrea campbell boston public schools", "andrea campbell events", "andrea campbell covid", "andrea campbell platform"], "andrea campbell LGBT": ["when was lgbtq created", "lgbtq day", "lgbtq sexualities", "lgbt symbols"], "andrea campbell mayoral election": ["who is andrea campbell husband", "andrea campbell bio", "andrea campbell family", "andrea campbell brother", "andrea campbell husband matthew", "andrea campbell boston husband", "andrea campbell twin brother", "andrea campbell polls"], "andrea campbell MBTA": ["andrea campbell bio", "andrea campbell husband", "andrea campbell brother andre", "andrea campbell boston husband", "andrea campbell polls", "andrea campbell obituary", "andrea campbell family", "andre campbell obituary"], "andrea campbell net worth": ["who is andrea campbell husband", "andrea campbell family", "andrea campbell twin brother", "andrea campbell wikipedia", "andrea campbell husband matthew", "andrea campbell father", "andrea campbell bio", "andrea campbell brother"], "andrea campbell partner": ["andrea campbell family", "andrea campbell brother andre", "andrea campbell parents", "andrea campbell boston husband", "andrea campbell obituary", "matthew scheier andrea campbell", "andrea campbell princeton", "andrea campbell housing"], "andrea campbell police": ["andrea campbell husband", "andrea campbell brother", "andrea campbell endorsements", "andrea campbell housing", "andrea campbell fellowship", "andrea campbell obituary", "andrea campbell covid", "andrea campbell fundraising"], "andrea campbell race": ["andrea campbell parents", "andrea campbell father", "who is andrea campbell husband", "andrea campbell family", "andrea campbell bio", "andrea campbell twin brother", "andrea campbell brother", "andrea campbell husband matthew"], "andrea campbell transportation": ["andrea campbell brother", "andrea campbell campaign jobs", "andrea campbell husband", "andrea campbell obituary", "andrea campbell campaign manager", "andrea campbell events", "andrea campbell housing", "andrea campbell covid"], "andrea campbell": ["matthew scheier andrea campbell", "andrea campbell brother", "andrea campbell twin brother", "andrea campbell polls", "who is andrea campbell husband", "andrea campbell parents", "andrea campbell boston husband", "andrea campbell boston father"], "annissa essaibi george background": ["annissa essaibi george parents", "annissa essaibi george net worth", "annissa essaibi george father", "annissa essaibi george campaign website", "annissa essaibi george campaign manager", "annissa essaibi george mother", "annissa essaibi george family", "annissa essaibi george endorsements"], "annissa essaibi george boston": ["annissa essaibi george net worth", "annissa essaibi george parents", "annissa essaibi george boston globe", "ezzeddine essaibi", "annissa essaibi george father", "annissa essaibi george website", "where does annissa essaibi george live", "annissa essaibi george family"], "annissa essaibi george COVID": false, "annissa essaibi george crime": false, "annissa essaibi george Education": ["annissa essaibi george net worth", "annissa essaibi george parents", "annissa essaibi george nationality", "ezzeddine essaibi", "annissa essaibi george father", "annissa essaibi george staff", "annissa essaibi george family", "annissa essaibi george website"], "annissa essaibi george endorsement": ["annissa essaibi george business", "annissa essaibi george political views", "annissa essaibi george commercial", "annissa essaibi george mass and cass", "annissa essaibi george family", "annissa essaibi george wiki", "annissa essaibi george pronunciation"], "annissa essaibi george for mayor": ["annissa essaibi george campaign website", "annissa essaibi george father", "annissa essaibi george family", "annissa essaibi george net worth", "ezzeddine essaibi", "annissa essaibi george wiki", "where does annissa essaibi george live", "annissa essaibi george mother"], "annissa essaibi george housing": ["annissa essaibi george commercial", "annissa essaibi george staff", "annissa essaibi george campaign website", "annissa essaibi george endorsements", "where does annissa essaibi george live", "annissa essaibi george father", "annissa essaibi george parents", "annissa essaibi george family"], "annissa essaibi george LGBT": ["when was lgbtq created"], "annissa essaibi george mayoral election": ["annissa essaibi george staff", "annissa essaibi george father", "annissa essaibi george endorsements", "annissa essaibi george family", "annissa essaibi george campaign manager", "annissa essaibi george parents", "annissa essaibi george facebook", "michelle wu"], "annissa essaibi george MBTA": ["annissa essaibi george net worth", "annissa essaibi george father", "annissa essaibi george twitter", "annissa essaibi george commercial", "annissa essaibi george boston globe", "annissa essaibi george website", "annissa essaibi george staff", "annissa essaibi george endorsements"], "annissa essaibi george net worth": ["annissa essaibi george age", "annissa essaibi george parents", "annissa essaibi george endorsements", "annissa essaibi george father", "annissa essaibi george family", "annissa essaibi george staff", "where does annissa essaibi george live", "annissa essaibi george campaign manager"], "annissa essaibi george partner": ["annissa essaibi george net worth", "annissa essaibi george parents", "annissa essaibi george mother", "annissa essaibi george staff", "annissa essaibi george age", "where does annissa essaibi george live", "annissa essaibi george twitter", "annissa essaibi george endorsements"], "annissa essaibi george police": false, "annissa essaibi george race": ["annissa essaibi george parents", "annissa essaibi george father", "annissa essaibi george net worth", "annissa essaibi george wiki", "annissa essaibi george family", "annissa essaibi george staff", "annissa essaibi george campaign manager", "where does annissa essaibi george live"], "annissa essaibi george transportation": ["annissa essaibi george staff", "annissa essaibi george father", "annissa essaibi george commercial", "annissa essaibi george endorsements", "annissa essaibi george website", "annissa essaibi george parents", "annissa essaibi george twitter", "annissa essaibi george campaign manager"], "annissa essaibi george": ["annissa essaibi george father", "annissa essaibi george net worth", "annissa essaibi george parents", "annissa essaibi george family", "annissa essaibi george twitter", "annissa essaibi george commercial", "where does annissa essaibi george live", "annissa essaibi george website"], "boston mayor candidates": ["boston mayoral candidates quiz", "boston mayoral candidates party affiliation", "boston mayoral poll 2021", "boston city council candidates 2021", "boston mayoral candidates george", "boston mayoral election results", "boston mayoral candidates on the issues", "boston mayoral polls"], "boston mayoral election": ["boston mayoral election results", "boston mayoral polls", "boston mayoral election 2021 polls", "boston mayoral candidates party affiliation", "boston mayoral candidates on the issues", "boston mayoral debate", "boston mayoral candidates comparison", "boston preliminary election 2021"], "dana depelteau background": ["dana depelteau black lives matter", "john barros", "kim janey", "dana depelteau twitter", "dana depelteau tweets", "michelle wu", "calla walsh parents", "calla walsh wikipedia"], "dana depelteau boston": ["dana depelteau black lives matter", "dana depelteau for mayor", "dana depelteau twitter", "calla walsh wikipedia", "calla walsh cambridge parents", "calla walsh parents", "dana depelteau tweets", "calla walsh winsor school"], "dana depelteau COVID": ["dana depelteau black lives matter", "dana depelteau twitter", "dana depelteau tweets", "dana depelteau for mayor", "calla walsh wikipedia", "calla walsh parents", "calla walsh winsor school", "michelle wu"], "dana depelteau crime": ["dana depelteau black lives matter", "dana depelteau boston", "dana depelteau twitter", "dana depelteau mayor", "dana depelteau tweets", "calla walsh"], "dana depelteau Education": ["dana depelteau black lives matter", "dana depelteau twitter", "john barros", "dana depelteau tweets", "calla walsh winsor school", "michelle wu", "calla walsh wikipedia", "calla walsh parents"], "dana depelteau endorsement": ["dana depelteau black lives matter", "john barros", "boston mayoral candidates 2021", "dana depelteau boston", "dana depelteau twitter", "boston mayoral election 2020", "boston mayoral election 2021 polls", "boston mayoral candidates on the issues"], "dana depelteau for mayor": ["dana depelteau black lives matter", "dana depelteau twitter", "dana depelteau tweets", "calla walsh parents", "michelle wu"], "dana depelteau housing": ["dana depelteau black lives matter", "dana depelteau twitter", "dana depelteau tweets", "calla walsh parents", "calla walsh wikipedia", "dana depelteau for mayor", "boston mayoral polls", "calla walsh winsor school"], "dana depelteau LGBT": ["when was lgbtq created", "lgbtq day", "lgbtq sexualities", "lgbtq meaning of each letter"], "dana depelteau mayoral election": ["boston mayoral candidates 2021", "boston mayoral election 2020", "boston mayoral election results", "dana depelteau black lives matter", "dana depelteau twitter", "boston mayoral candidates party affiliation", "dana depelteau for mayor", "boston mayoral polls"], "dana depelteau MBTA": ["dana depelteau black lives matter", "dana depelteau twitter", "dana depelteau tweets", "calla walsh"], "dana depelteau net worth": ["dana depelteau black lives matter", "dana depelteau twitter", "boston mayoral primary 2021 date", "dana depelteau tweets", "boston mayoral polls", "boston mayoral election 2020", "dana depelteau for mayor", "boston mayoral primary date"], "dana depelteau partner": ["dana depelteau twitter", "dana depelteau tweets", "calla walsh"], "dana depelteau police": ["dana depelteau black lives matter", "dana depelteau boston", "dana depelteau twitter", "calla walsh parents", "dana depelteau tweets", "calla walsh wikipedia", "dana depelteau mayor", "calla walsh winsor school"], "dana depelteau race": ["dana depelteau black lives matter", "dana depelteau twitter", "boston mayoral race candidates 2021", "boston mayoral election 2020", "dana depelteau for mayor", "dana depelteau tweets", "boston mayoral polls", "michelle wu boston mayor"], "dana depelteau transportation": ["calla walsh wikipedia", "calla walsh cambridge parents", "calla walsh winsor school", "michelle wu"], "dana depelteau": ["dana depelteau black lives matter", "dana depelteau twitter", "dana depelteau husband", "dana depelteau tweets", "dana depelteau for mayor", "calla walsh wikipedia", "calla walsh parents", "calla walsh cambridge parents"], "john barros background": ["john barros political party", "john barros wiki", "john barros email", "john barros, boston", "john barros campaign manager", "john barros bc high", "john barros boston restaurant", "annissa essaibi george"], "john barros boston": ["john barros boston wikipedia", "john barros boston wife", "john barros wife", "john barros boston restaurant", "john barros boston political party", "john barros boston globe", "john barros wiki", "john barros bc high"], "john barros COVID": ["john barros email", "john barros education"], "john barros crime": ["john barros wife", "john barros for mayor", "john barros family", "john barros wiki", "john barros, boston", "john barros age", "john barros facebook", "john barros email"], "john barros Education": ["john barros for mayor website", "john barros political party", "john barros wiki", "john barros age", "john barros boston wikipedia", "john barros bio", "john barros wife", "john barros high school"], "john barros endorsement": ["john barros wife", "john barros boston political party", "john barros wiki", "john barros boston wife", "john barros family", "john barros twitter", "john barros age", "john barros campaign manager"], "john barros for mayor": ["john barros for mayor website", "john barros political party", "john barros wife", "john barros family", "john barros wikipedia", "john barros bio", "john barros campaign manager", "john barros mayor boston"], "john barros housing": ["john barros wife", "john barros family", "john barros for mayor", "john barros political party", "john barros wiki", "john barros age", "john barros bc high", "john barros, boston"], "john barros LGBT": ["when was lgbtq created", "lgbtq day", "lgbtq sexualities", "lgbtq meaning of each letter"], "john barros mayoral election": ["john barros political party", "john barros for mayor website", "john barros wife", "boston mayoral candidates", "john barros boston wikipedia", "john barros wiki", "john barros boston mayor", "john barros bio"], "john barros MBTA": ["john barros for mayor website", "john barros wife", "john barros boston globe", "john barros boston wikipedia", "john barros boston wife", "john barros wiki", "john barros political party", "john barros age"], "john barros net worth": ["john barros wife", "john barros wikipedia", "john barros, boston", "kim janey, boston", "kim janey husband"], "john barros partner": ["john barros wife", "john barros political party", "john barros family", "john barros wiki", "john barros for mayor", "john barros, boston", "john barros email", "john barros boston political party"], "john barros police": false, "john barros race": ["john barros wikipedia", "john barros family", "john barros for mayor website", "john barros wife", "john barros bio", "john barros political party", "john barros boston wikipedia", "john barros campaign manager"], "john barros transportation": ["john barros facebook"], "john barros": ["john barros wikipedia", "john barros restaurant", "john barros political party", "john barros family", "john barros website", "john barros bio", "john barros campaign", "john barros wife"], "jon santiago background": ["john barros", "jon santiago wife", "jon santiago endorsements", "jon santiago mayor", "jon santiago photographer", "jon santiago campaign manager", "jon santiago age", "jon santiago bio"], "jon santiago boston": ["jon santiago boston globe", "jon santiago wife", "jon santiago campaign", "jon santiago age", "jon santiago facebook", "jon santiago endorsements", "jon santiago state representative", "jon santiago campaign manager"], "jon santiago COVID": false, "jon santiago crime": ["santiago chile", "where is santiago"], "jon santiago Education": ["jon santiago photographer", "jon santiago wife", "jon santiago bio", "john barros", "jon santiago mayor", "jon santiago age", "jon santiago wife alexandra", "jon santiago campaign manager"], "jon santiago endorsement": false, "jon santiago for mayor": ["jon santiago wife", "jon santiago photographer", "jon santiago endorsements", "jon santiago twitter", "jon santiago campaign manager", "jon santiago state representative", "jon santiago facebook", "jon santiago boston globe"], "jon santiago housing": ["jon santiago wife", "jon santiago endorsements", "john barros", "jon santiago wife alexandra", "jon santiago campaign manager", "jon santiago mayor", "jon santiago photographer", "jon santiago facebook"], "jon santiago LGBT": ["when was lgbtq created", "lgbtq day", "lgbtq sexualities", "lgbt shows"], "jon santiago mayoral election": ["jon santiago wife", "jon santiago endorsements", "jon santiago campaign manager"], "jon santiago MBTA": ["jon santiago wife", "jon santiago endorsements", "jon santiago photographer", "jon santiago boston globe", "jon santiago wife alexandra", "jon santiago age", "jon santiago twitter", "jon santiago campaign manager"], "jon santiago net worth": ["jon santiago wife", "jon santiago endorsements", "jon santiago wife alexandra", "jon santiago age", "jon santiago high school", "john barros", "jon santiago photographer", "jon santiago campaign manager"], "jon santiago partner": false, "jon santiago police": ["jon santiago wife", "jon santiago wife alexandra", "jon santiago endorsements", "jon santiago state representative", "jon santiago campaign", "jon santiago mayor", "jon santiago photographer", "jon santiago campaign manager"], "jon santiago race": ["jon santiago wife", "jon santiago endorsements", "jon santiago campaign manager"], "jon santiago transportation": ["jon santiago campaign manager", "jon santiago wife", "jon santiago endorsements", "jon santiago wife alexandra", "jon santiago boston globe", "john barros", "john barros, boston", "jon santiago facebook"], "jon santiago": ["jon santiago wife", "jon santiago photographer", "jon santiago campaign", "jon santiago instagram", "jon santiago mayor", "jon santiago endorsements", "john barros", "jon santiago facebook"], "kim janey background": ["who is kim janey husband", "kim janey family", "kim janey smith college", "kim janey reading memorial high school", "kim janey wiki", "kim janey campaign headquarters", "kim janey parents", "kim janey for mayor campaign"], "kim janey boston": ["kim janey campaign headquarters", "is kim janey married", "kim janey partner", "kim janey net worth", "kim janey wikipedia", "kim janey policies", "mayor janey", "kim janey age"], "kim janey COVID": ["mask mandate boston", "covid vaccine passport app", "mask mandate cambridge, ma", "regeneron monoclonal antibody covid-19", "cdc covid cruise ships", "rhode island mask mandate", "new york mask mandate", "brookline mask mandate"], "kim janey crime": ["kim janey for mayor", "kim janey husband", "kim janey political views", "kim janey press conference"], "kim janey Education": ["who is kim janey husband", "kim janey reading memorial high school", "kim janey, boston", "kim janey age", "kim janey partner", "kim janey parents nationality", "kim janey net worth", "kim janey for mayor campaign"], "kim janey endorsement": ["kim janey net worth", "kim janey political views", "kim janey salary", "is kim janey running for mayor", "is kim janey an aka", "kim janey elementary school", "jon santiago", "kim janey wikipedia"], "kim janey for mayor": ["kim janey for mayor campaign", "kim janey campaign website", "kim janey partner", "kim janey campaign headquarters", "is kim janey married", "kim janey wikipedia", "kim janey education", "kim janey age"], "kim janey housing": ["kim janey campaign website", "kim janey campaign headquarters", "kim janey for mayor campaign", "kim janey transition website", "kim janey kimesha", "kim janey partner", "kim janey parents nationality", "who is kim janey husband"], "kim janey LGBT": ["when was lgbtq created", "lgbtq day", "lgbtq sexualities", "lgbt symbols"], "kim janey mayoral election": ["kim janey for mayor", "boston mayoral election", "mayor kim janey husband", "kim janey age", "kim janey partner", "kim janey campaign", "boston mayors", "kim janey father"], "kim janey MBTA": false, "kim janey net worth": ["who is kim janey husband", "kim janey partner", "how old is kim janey daughter", "kim janey wikipedia", "kim janey parents nationality", "kim janey age", "kim janey father", "kim janey policies"], "kim janey partner": ["kim janey net worth", "how old is kim janey daughter", "is mayor kim janey married", "kim janey parents nationality", "kim janey reading memorial high school", "kim janey, boston", "kim janey for mayor", "kim janey janey construction"], "kim janey police": false, "kim janey race": ["kim janey for mayor", "kim janey age", "kim janey partner", "kim janey campaign", "kim janey for mayor campaign", "kim janey father", "kim janey parents", "is kim janey married"], "kim janey transportation": ["kim janey campaign website", "kim janey for mayor campaign", "kim janey campaign headquarters", "kim janey kimesha", "kim janey parents nationality", "kim janey political views", "kim janey family", "who is kim janey husband"], "kim janey": ["kim janey political views", "kim janey wikipedia", "who is kim janey husband", "kim janey campaign", "kim janey net worth", "kim janey campaign website", "kim janey father", "kim janey policies"], "michael bianchi background": ["michael bianchi boston", "michael bianchi boston city council", "michael bianchi boston mayor", "michael bianchi brighton ma", "eric porter boston city council", "michael bianchi obituary"], "michael bianchi boston": ["michael bianchi boston mayor", "liz breadon", "liz breadon boston city council", "michael bianchi brighton ma", "eric porter boston city council"], "michael bianchi COVID": false, "michael bianchi crime": false, "michael bianchi Education": false, "michael bianchi endorsement": ["michael bianchi boston mayor", "eric porter boston city council"], "michael bianchi for mayor": ["liz breadon", "eric porter boston city council", "liz breadon boston city council", "bianchi road bike"], "michael bianchi housing": false, "michael bianchi LGBT": ["when was lgbtq created", "lgbtq day", "lgbt symbols", "lgbtq sexualities"], "michael bianchi mayoral election": false, "michael bianchi MBTA": ["michael bianchi boston city council", "liz breadon", "eric porter boston city council", "liz breadon boston city council"], "michael bianchi net worth": false, "michael bianchi partner": false, "michael bianchi police": ["michael bianchi boston", "michael bianchi boston city council", "michael bianchi boston mayor", "michael bianchi brighton ma", "michael j bianchi boston city council", "eric porter boston city council"], "michael bianchi race": ["liz breadon", "michael bianchi mayor", "liz breadon boston city council", "bianchi road bike"], "michael bianchi transportation": false, "michael bianchi": ["michael bianchi boston", "michael bianchi actor", "michael bianchi obituary", "michael bianchi boston city council", "liz breadon", "michael bianchi architect", "liz breadon boston city council", "eric porter boston city council"], "michelle wu background": ["michelle wu endorsements", "michelle wu salary", "michelle wu family", "is michelle wu related to janet wu", "michelle wu mother", "michelle wu campaign staff", "michelle wu campaign manager", "michelle wu email"], "michelle wu boston": ["michelle wu boston globe", "michelle wu mother", "michelle wu salary", "michelle wu bio", "michelle wu campaign", "michelle wu boston mayor", "where does michelle wu live", "michelle wu age"], "michelle wu COVID": ["michelle wu chinatown", "michelle wu campaign contributions"], "michelle wu crime": ["michelle wu announcement", "michelle wu signature collection", "michelle wu housing", "michelle wu events", "michelle wu child care", "michelle wu commercial", "michelle wu opioid", "michelle wu campaign"], "michelle wu Education": ["michelle wu education plan", "where does michelle wu live", "michelle wu policies", "michelle wu polls", "michelle wu parents", "is michelle wu related to janet wu", "michelle wu mother", "michelle wu family"], "michelle wu endorsement": ["michelle wu family", "michelle wu instagram", "andrea campbell endorsements", "michelle wu policies", "michelle wu twitter", "michelle wu mother", "michelle wu husband", "where does michelle wu live"], "michelle wu for mayor": ["michelle wu instagram", "michelle wu mother", "michelle wu, boston husband", "michelle wu family", "is michelle wu related to janet wu", "michelle wu campaign manager", "michelle wu age", "where does michelle wu live"], "michelle wu housing": ["where does michelle wu live", "michelle wu child care", "michelle wu commercial", "michelle wu signature collection", "michelle wu lawn sign", "michelle wu events", "michelle wu policies", "michelle wu zoning"], "michelle wu LGBT": ["when was lgbtq created", "lgbtq day", "lgbt shows", "lgbtq sexualities"], "michelle wu mayoral election": ["michelle wu husband", "michelle wu family", "michelle wu instagram", "michelle wu political party", "michelle wu wikipedia", "is michelle wu married", "boston mayoral candidates", "where does michelle wu live"], "michelle wu MBTA": ["michelle wu signature collection", "michelle wu transportation", "michelle wu election", "michelle wu commercial", "michelle wu accomplishments", "michelle wu lawn sign", "michelle wu climate", "michelle wu campaign"], "michelle wu net worth": ["michelle wu, boston husband", "michelle wu family", "michelle wu mother", "michelle wu endorsements", "is michelle wu married", "is michelle wu related to janet wu", "michelle wu father", "where does michelle wu live"], "michelle wu partner": ["michelle wu family", "is michelle wu married", "is michelle wu related to janet wu", "where does michelle wu live", "michelle wu siblings", "michelle wu net worth", "michelle wu mayor", "michelle wu age"], "michelle wu police": ["michelle wu election", "michelle wu commercial", "michelle wu accomplishments", "michelle wu education plan", "michelle wu east boston", "michelle wu chinatown", "michelle wu lawn sign", "michelle wu mother"], "michelle wu race": ["michelle wu, boston husband", "michelle wu family", "michelle wu mother", "michelle wu instagram", "michelle wu mayor", "michelle wu campaign staff", "michelle wu age", "michelle wu education"], "michelle wu transportation": ["michelle wu signature collection", "michelle wu housing", "michelle wu commercial", "michelle wu election", "michelle wu lawn sign", "michelle wu accomplishments", "michelle wu child care", "michelle wu events"], "michelle wu": ["michelle wu harvard", "michelle wu instagram", "michelle wu wikipedia", "michelle wu family", "michelle wu salary", "michelle wu mayor", "michelle wu age", "michelle wu mother"]}