{"andrea campbell background": ["andrea campbell father", "andrea campbell twin brother", "andrea campbell brother", "andrea campbell age", "andrea campbell parents", "matthew scheier andrea campbell", "andrea campbell family", "who is andrea campbell husband"], "andrea campbell boston": ["andrea campbell boston husband", "andrea campbell boston brother", "andrea campbell boston twin brother", "andrea campbell husband matthew", "andrea campbell boston father", "andrea campbell boston mayor", "andrea campbell family", "andrea campbell father"], "andrea campbell COVID": ["boston city councilor andrea campbell brother"], "andrea campbell crime": ["who is andrea campbell husband", "andrea campbell twin brother", "andrea campbell bio", "andrea campbell family", "andrea campbell brother", "andrea campbell father", "andrea campbell age", "andrea campbell husband matthew"], "andrea campbell Education": ["andrea campbell brother", "andrea campbell bio", "andrea campbell family", "andrea campbell father", "andrea campbell twin brother", "andrea campbell husband matthew", "andrea campbell education plan", "andrea campbell parents"], "andrea campbell endorsement": ["andrea campbell husband", "andrea campbell fellowship", "michelle wu endorsements", "andrea campbell progressive", "andrea campbell campaign jobs", "andrea campbell campaign manager", "who is running for boston city council 2021", "andrea campbell brother"], "andrea campbell for mayor": ["andrea campbell father", "andrea campbell bio", "andrea campbell campaign manager", "andrea campbell husband matthew", "andrea campbell family", "andrea campbell brother", "andrea campbell twin brother", "andrea campbell grandfather"], "andrea campbell housing": ["andrea campbell husband", "andrea campbell endorsements", "andrea campbell fellowship", "andrea campbell boston public schools", "andrea campbell events", "andrea campbell progressive", "andrea campbell home address", "andrea campbell covid"], "andrea campbell LGBT": ["when was lgbtq created", "lgbtq day", "lgbtq sexualities", "lgbt symbols"], "andrea campbell mayoral election": ["who is andrea campbell husband", "andrea campbell family", "andrea campbell campaign manager", "andrea campbell brother", "andrea campbell twin brother", "andrea campbell parents", "andrea campbell husband matthew", "andrea campbell for mayor"], "andrea campbell MBTA": ["andrea campbell husband", "andrea campbell brother", "andrea campbell obituary", "andrea campbell family", "andre campbell obituary", "andrea campbell twin brother", "andrea campbell age", "andrea campbell boston globe"], "andrea campbell net worth": ["boston city councilor andrea campbell brother", "andrea campbell campaign jobs"], "andrea campbell partner": ["andrea campbell family", "andrea campbell father", "andrea campbell brother", "andrea campbell bio", "andrea campbell interview", "matthew scheier andrea campbell", "kim janey husband", "andrea campbell princeton"], "andrea campbell police": ["andrea campbell husband", "andrea campbell brother", "andrea campbell endorsements", "andrea campbell fellowship", "andrea campbell housing", "andrea campbell covid", "andrea campbell campaign manager", "andrea campbell fundraising"], "andrea campbell race": ["andrea campbell parents", "andrea campbell father", "who is andrea campbell husband", "andrea campbell family", "andrea campbell twin brother", "andrea campbell bio", "andrea campbell brother", "andrea campbell husband matthew"], "andrea campbell transportation": ["andrea campbell campaign manager", "andrea campbell campaign jobs", "andrea campbell husband", "andrea campbell brother", "andrea campbell home address", "andrea campbell events", "andrea campbell housing", "andrea campbell endorsements"], "andrea campbell": ["andrea campbell twin brother", "andrea campbell brother", "andrea campbell wiki", "matthew scheier andrea campbell", "who is andrea campbell husband", "andrea campbell parents", "andrea campbell father", "andrea campbell family"], "annissa essaibi george background": ["annissa essaibi george net worth", "annissa essaibi george parents", "annissa essaibi george father", "annissa essaibi george siblings", "ezzeddine essaibi", "essaibi george husband", "annissa essaibi george campaign website", "annissa essaibi george family"], "annissa essaibi george boston": ["annissa essaibi george father", "annissa essaibi george net worth", "annissa essaibi george ethnicity", "where does annissa essaibi george live", "annissa essaibi george parents", "annissa essaibi george boston globe", "annissa essaibi george facebook", "annissa essaibi george bio"], "annissa essaibi george COVID": false, "annissa essaibi george crime": ["annissa essaibi george ethnicity", "annissa essaibi george father", "annissa essaibi george parents", "annissa essaibi george family", "annissa essaibi george mayor", "annissa essaibi george endorsements", "annissa essaibi george campaign ad", "annissa essaibi george house"], "annissa essaibi george Education": ["annissa essaibi george parents", "annissa essaibi george net worth", "annissa essaibi george siblings", "annissa essaibi george bio", "annissa essaibi george family", "annissa essaibi george facebook", "annissa essaibi george nationality", "annissa essaibi george website"], "annissa essaibi george endorsement": ["annissa essaibi george political views", "annissa essaibi george staff", "annissa essaibi george net worth", "annissa essaibi george father", "annissa essaibi george campaign website", "annissa essaibi george mother", "annissa essaibi george political party", "michelle wu endorsements"], "annissa essaibi george for mayor": ["annissa essaibi george campaign website", "annissa essaibi george family", "annissa essaibi george net worth", "annissa essaibi george ethnicity", "annissa essaibi george mother", "annissa essaibi george father", "annissa essaibi george bio", "annissa essaibi george twitter"], "annissa essaibi george housing": ["michelle wu"], "annissa essaibi george LGBT": ["when was lgbtq created"], "annissa essaibi george mayoral election": ["annissa essaibi george staff", "annissa essaibi george political party", "annissa essaibi george campaign website", "annissa essaibi george ethnicity", "annissa essaibi george father", "annissa essaibi george political views", "annissa essaibi george net worth", "annissa essaibi george endorsements"], "annissa essaibi george MBTA": ["annissa essaibi george net worth", "annissa essaibi george father", "annissa essaibi george twitter", "annissa essaibi george commercial", "annissa essaibi george boston globe", "annissa essaibi george ethnicity", "annissa essaibi george website", "annissa essaibi george bio"], "annissa essaibi george net worth": false, "annissa essaibi george partner": ["annissa essaibi george net worth", "annissa essaibi george father", "annissa essaibi george ethnicity", "annissa essaibi george parents", "annissa essaibi george siblings", "annissa essaibi george mother", "annissa essaibi george age", "annissa essaibi george bio"], "annissa essaibi george police": false, "annissa essaibi george race": ["annissa essaibi george parents", "annissa essaibi george father", "annissa essaibi george net worth", "annissa essaibi george bio", "annissa essaibi george facebook", "annissa essaibi george staff", "annissa essaibi george campaign manager", "annissa essaibi george boston globe"], "annissa essaibi george transportation": ["annissa essaibi george net worth", "annissa essaibi george staff", "annissa essaibi george father", "annissa essaibi george commercial", "annissa essaibi george ethnicity", "annissa essaibi george website", "annissa essaibi george parents", "annissa essaibi george twitter"], "annissa essaibi george": ["annissa essaibi george net worth", "annissa essaibi george ethnicity", "annissa essaibi george bio", "annissa essaibi george father", "annissa essaibi george parents", "annissa essaibi george twitter", "annissa essaibi george family", "annissa essaibi george siblings"], "boston mayor candidates": ["boston mayoral candidates platforms", "boston mayoral candidates quiz", "boston mayoral candidates party affiliation", "boston mayoral election polls", "differences between boston mayoral candidates", "boston mayoral candidates on the issues", "boston mayoral candidates endorsements", "boston mayoral election 2021 polls"], "boston mayoral election": ["boston mayoral election results", "boston mayoral election polls", "boston mayoral election results 2021", "boston mayoral election 2021 polls", "2017 boston mayoral election", "boston mayoral candidates party affiliation", "boston mayoral candidates on the issues", "boston mayoral debate"], "dana depelteau background": ["dana depelteau black lives matter", "dana depelteau twitter", "dana depelteau tweets", "michelle wu", "calla walsh", "calla walsh wikipedia", "markeyverse", "calla walsh cambridge parents"], "dana depelteau boston": ["dana depelteau black lives matter", "dana depelteau for mayor", "dana depelteau twitter", "calla walsh parents", "dana depelteau tweets", "calla walsh", "michelle wu"], "dana depelteau COVID": ["dana depelteau twitter", "dana depelteau black lives matter", "calla walsh wikipedia", "dana depelteau tweets", "dana depelteau for mayor", "calla walsh parents", "michelle wu", "markeyverse"], "dana depelteau crime": ["dana depelteau black lives matter", "dana depelteau twitter", "dana depelteau boston", "dana depelteau mayor", "dana depelteau tweets", "calla walsh"], "dana depelteau Education": ["dana depelteau black lives matter", "dana depelteau twitter", "dana depelteau tweets", "calla walsh"], "dana depelteau endorsement": ["boston city council candidates 2021", "when is boston mayoral election 2021", "boston mayoral debate 2021", "boston mayoral candidates on the issues", "boston mayoral poll 2021", "boston mayoral race candidates 2021", "boston mayoral candidates party affiliation", "boston mayoral primary results"], "dana depelteau for mayor": ["dana depelteau black lives matter", "dana depelteau twitter", "calla walsh parents", "dana depelteau tweets", "michelle wu"], "dana depelteau housing": ["dana depelteau twitter", "dana depelteau tweets", "calla walsh", "calla walsh parents", "michelle wu"], "dana depelteau LGBT": ["when was lgbtq created", "lgbtq day", "lgbtq sexualities", "lgbtq meaning of each letter"], "dana depelteau mayoral election": ["boston mayoral candidates 2021", "boston mayoral election 2020", "dana depelteau twitter", "boston mayoral election results", "boston mayoral candidates party affiliation", "boston mayoral primary election", "dana depelteau for mayor", "boston mayoral election 2021 polls"], "dana depelteau MBTA": ["dana depelteau twitter", "dana depelteau black lives matter", "dana depelteau tweets", "calla walsh"], "dana depelteau net worth": ["dana depelteau black lives matter", "dana depelteau twitter", "dana depelteau tweets", "dana depelteau for mayor", "calla walsh"], "dana depelteau partner": ["dana depelteau twitter", "dana depelteau tweets", "calla walsh"], "dana depelteau police": ["dana depelteau black lives matter", "dana depelteau twitter", "dana depelteau boston", "calla walsh parents", "dana depelteau tweets", "calla walsh wikipedia", "dana depelteau mayor", "michelle wu"], "dana depelteau race": ["dana depelteau boston", "dana depelteau twitter", "boston mayoral candidates party affiliation", "boston mayoral race candidates 2021", "dana depelteau mayor", "calla walsh parents", "calla walsh wikipedia", "boston mayoral race primary"], "dana depelteau transportation": ["calla walsh wikipedia", "calla walsh parents", "dana depelteau boston", "markeyverse", "michelle wu"], "dana depelteau": ["dana depelteau black lives matter", "dana depelteau twitter", "dana depelteau tweets", "calla walsh parents", "michelle wu", "calla walsh"], "john barros background": ["john barros campaign manager", "john barros twitter", "john barros city of boston", "john barros restaurant", "john barros boston restaurant", "john barros endorsements", "michelle wu", "kim janey"], "john barros boston": ["john barros boston wikipedia", "john barros boston wife", "john barros wife", "john barros boston restaurant", "john barros boston political party", "john barros boston mayor", "john barros boston globe", "john barros wiki"], "john barros COVID": false, "john barros crime": false, "john barros Education": ["john barros political party", "john barros for mayor", "john barros age", "john barros wife", "john barros boston wikipedia", "john barros wiki", "john barros boston wife", "john barros high school"], "john barros endorsement": ["john barros wife", "john barros boston political party", "john barros boston wife", "john barros wiki", "john barros for mayor", "john barros campaign manager", "annissa essaibi george"], "john barros for mayor": ["john barros for mayor website", "john barros wife", "john barros political party", "john barros family", "john barros wiki", "john barros bio", "john barros campaign manager", "john barros endorsements"], "john barros housing": ["john barros wife", "john barros boston", "john barros bio", "john barros facebook", "john barros age", "john barros instagram", "john barros campaign manager"], "john barros LGBT": ["when was lgbtq created", "lgbtq day", "lgbtq sexualities", "lgbtq meaning of each letter"], "john barros mayoral election": ["john barros political party", "john barros for mayor", "john barros wife", "john barros bio", "john barros boston wife", "john barros wiki", "john barros age", "annissa essaibi george"], "john barros MBTA": ["john barros wife", "john barros boston wife", "john barros boston wikipedia", "john barros for mayor", "john barros age", "john barros bio", "john barros political party", "john barros family"], "john barros net worth": ["john barros wife", "john barros wikipedia"], "john barros partner": ["john barros political party", "john barros family", "john barros boston wikipedia", "john barros wiki", "john barros bio", "john barros for mayor", "john barros campaign manager", "john barros twitter"], "john barros police": false, "john barros race": ["john barros wife", "john barros political party", "john barros for mayor", "john barros boston wife", "john barros wiki", "andrea campbell", "annissa essaibi george", "tchintcia barros"], "john barros transportation": false, "john barros": ["john barros political party", "john barros restaurant", "john barros wikipedia", "john barros mayor", "john barros bio", "john barros wife", "john barros party", "john barros family"], "jon santiago background": ["john barros", "jon santiago mayor", "jon santiago campaign manager", "jon santiago endorsements", "jon santiago age", "jon santiago wife alexandra", "jon santiago photographer", "jon santiago, md"], "jon santiago boston": ["jon santiago wife", "jon santiago boston globe", "jon santiago age", "jon santiago facebook", "jon santiago twitter", "john barros boston", "jon santiago campaign manager", "jon santiago endorsements"], "jon santiago COVID": false, "jon santiago crime": ["santiago chile", "where is santiago"], "jon santiago Education": ["jon santiago photographer", "jon santiago wife", "jon santiago mayor", "john barros", "jon santiago campaign manager", "jon santiago wife alexandra", "jon santiago age", "jon santiago endorsements"], "jon santiago endorsement": false, "jon santiago for mayor": ["jon santiago wife", "jon santiago twitter", "jon santiago campaign manager", "john barros boston", "boston mayoral candidates", "jon santiago endorsements", "jon santiago photographer", "jon santiago age"], "jon santiago housing": ["jon santiago wife", "john barros", "jon santiago endorsements", "jon santiago mayor", "jon santiago wife alexandra", "jon santiago campaign manager", "jon santiago, md", "jon santiago age"], "jon santiago LGBT": ["when was lgbtq created", "lgbtq day", "lgbtq sexualities", "lgbt shows"], "jon santiago mayoral election": ["jon santiago wife", "jon santiago endorsements", "jon santiago, md"], "jon santiago MBTA": ["jon santiago wife", "jon santiago wife alexandra", "jon santiago age", "jon santiago endorsements", "jon santiago photographer", "jon santiago mayor", "jon santiago campaign manager", "jon santiago twitter"], "jon santiago net worth": ["jon santiago wife", "jon santiago age", "jon santiago wife alexandra", "jon santiago endorsements", "jon santiago campaign manager", "john barros", "jon santiago boston", "jon santiago photographer"], "jon santiago partner": ["jon santiago wife", "jon santiago wife alexandra", "jon santiago boston", "jon santiago instagram", "jon santiago endorsements", "jon santiago, md", "jon santiago boston globe"], "jon santiago police": ["jon santiago wife", "jon santiago wife alexandra", "jon santiago endorsements", "jon santiago mayor", "jon santiago campaign manager", "jon santiago age", "jon santiago photographer", "jon santiago twitter"], "jon santiago race": ["jon santiago wife", "jon santiago endorsements", "jon santiago campaign manager"], "jon santiago transportation": ["jon santiago campaign manager", "jon santiago wife", "jon santiago mayor", "jon santiago endorsements", "jon santiago wife alexandra", "john barros", "john barros boston", "jon santiago twitter"], "jon santiago": ["jon santiago wife", "jon santiago photographer", "jon santiago instagram", "jon santiago mayor", "jon santiago campaign", "john barros", "jon santiago twitter", "jon santiago facebook"], "kim janey background": ["who is kim janey husband", "kim janey partner", "kim janey wikipedia", "kim janey policies", "kim janey parents nationality", "kim janey family", "kim janey father", "kim janey campaign headquarters"], "kim janey boston": ["kim janey campaign headquarters", "kim janey partner", "kim janey political views", "kim janey campaign website", "is kim janey married", "how old is kim janey daughter", "kim janey net worth", "kim janey policies"], "kim janey COVID": ["indoor mask mandate boston", "massachusetts indoor mask mandate", "massachusetts mask mandate 2021", "mask mandate cambridge, ma", "cdc covid cruise ships", "when will boston mask mandate end", "massachusetts mask mandate august 2021", "boston mask mandate gyms"], "kim janey crime": ["kim janey political views", "kim janey press conference"], "kim janey Education": ["who is kim janey husband", "mayor janey", "kim janey net worth", "kim janey political views", "kim janey age", "did kim janey graduate from smith college", "kim janey partner", "kim janey parents nationality"], "kim janey endorsement": false, "kim janey for mayor": ["kim janey campaign website", "kim janey partner", "mayor kim janey husband", "kim janey campaign headquarters", "kim janey political views", "kim janey family", "mayor kim janey twitter", "kim janey net worth"], "kim janey housing": ["kim janey campaign website", "kim janey campaign headquarters", "kim janey family", "kim janey partner", "kim janey age", "kim janey political views", "kim janey campaign manager", "kim janey for mayor"], "kim janey LGBT": ["when was lgbtq created", "lgbtq day", "lgbtq sexualities", "lgbt symbols"], "kim janey mayoral election": ["kim janey for mayor", "kim janey age", "kim janey partner", "who is kim janey husband", "boston mayoral election", "kim janey political views", "kim janey family", "kim janey campaign"], "kim janey MBTA": ["who is kim janey husband", "kim janey age", "kim janey political views", "kim janey father", "kim janey campaign website", "kim janey partner", "is kim janey married", "kim janey policies"], "kim janey net worth": ["who is kim janey husband", "kim janey partner", "how old is kim janey daughter", "kim janey parents nationality", "kim janey wikipedia", "did kim janey graduate from smith college", "kim janey age", "kim janey policies"], "kim janey partner": ["who is kim janey husband", "kim janey net worth", "is mayor kim janey married", "how old is kim janey daughter", "kim janey parents nationality", "kim janey child", "kim janey political views", "kim janey campaign website"], "kim janey police": false, "kim janey race": ["kim janey for mayor", "kim janey age", "who is kim janey husband", "kim janey partner", "kim janey campaign", "kim janey political views", "kim janey father", "kim janey family"], "kim janey transportation": false, "kim janey": ["kim janey political views", "mayor kim janey", "who is kim janey husband", "kim janey wikipedia", "kim janey net worth", "kim janey campaign", "kim janey age", "kim janey family"], "michael bianchi background": false, "michael bianchi boston": ["liz breadon", "eric porter boston", "liz breadon boston city council", "eric porter boston city council"], "michael bianchi COVID": false, "michael bianchi crime": false, "michael bianchi Education": ["michael bianchi actor", "michael bianchi obituary", "michael bianchi boston"], "michael bianchi endorsement": false, "michael bianchi for mayor": ["liz breadon", "eric porter boston city council", "liz breadon boston city council", "bianchi road bike"], "michael bianchi housing": ["michael bianchi boston", "michael bianchi boston city council", "eric porter boston city council", "liz breadon boston city council"], "michael bianchi LGBT": false, "michael bianchi mayoral election": false, "michael bianchi MBTA": ["michael bianchi boston", "michael bianchi boston city council", "eric porter boston city council", "liz breadon boston city council"], "michael bianchi net worth": false, "michael bianchi partner": false, "michael bianchi police": ["michael bianchi boston", "michael bianchi boston city council", "michael bianchi boston mayor", "michael bianchi for city council", "eric porter boston city council", "michael bianchi brighton ma"], "michael bianchi race": ["michael bianchi mayor", "bianchi road bike"], "michael bianchi transportation": false, "michael bianchi": ["michael bianchi boston", "michael bianchi actor", "michael bianchi obituary", "michael bianchi boston city council", "michael bianchi boston mayor", "michael bianchi for city council", "liz breadon", "michael bianchi architect"], "michelle wu background": ["michelle wu family", "michelle wu salary", "michelle wu mother", "michelle wu parents", "michelle wu wikipedia", "michelle wu campaign staff", "michelle wu father", "is michelle wu related to janet wu"], "michelle wu boston": ["michelle wu salary", "michelle wu boston college", "michelle wu boston mayor age", "michelle wu, boston globe", "michelle wu family", "where does michelle wu live", "michelle wu campaign staff", "michelle wu mother"], "michelle wu COVID": false, "michelle wu crime": ["michelle wu twitter", "who is michelle wu husband", "michelle wu signature collection", "michelle wu mother", "michelle wu mayor husband", "michelle wu events", "michelle wu housing", "michelle wu child care"], "michelle wu Education": ["michelle wu education plan", "michelle wu family", "where does michelle wu live", "michelle wu campaign staff", "michelle wu mother", "michelle wu mayor", "michelle wu twitter", "michelle wu age"], "michelle wu endorsement": ["andrea campbell endorsements", "michelle wu election", "michelle wu consulting", "michelle wu signature collection", "michelle wu husband", "michelle wu commercial", "michelle wu socialist", "michelle wu mayor husband"], "michelle wu for mayor": ["michelle wu family", "michelle wu instagram", "michelle wu campaign staff", "michelle wu boston husband", "michelle wu platform", "michelle wu siblings", "michelle wu salary", "michelle wu political party"], "michelle wu housing": ["where does michelle wu live", "michelle wu house", "michelle wu husband", "michelle wu, boston globe", "michelle wu - real estate", "michelle wu transportation", "michelle wu endorsement", "michelle wu election"], "michelle wu LGBT": ["when was lgbtq created", "lgbtq day", "lgbt shows", "lgbtq sexualities"], "michelle wu mayoral election": ["who is michelle wu husband", "michelle wu family", "michelle wu political party", "where does michelle wu live", "michelle wu wikipedia", "michelle wu siblings", "michelle wu campaign", "michelle wu campaign staff"], "michelle wu MBTA": ["michelle wu free the t", "who is michelle wu husband", "michelle wu election", "michelle wu endorsement", "michelle wu boston college", "michelle wu mayor husband", "michelle wu development", "michelle wu climate"], "michelle wu net worth": ["michelle wu boston husband", "michelle wu family", "michelle wu husband", "where does michelle wu live", "michelle wu parents", "michelle wu political party", "michelle wu campaign staff", "michelle wu platform"], "michelle wu partner": ["michelle wu instagram", "conor pewarski", "michelle wu boston mayor husband", "michelle wu net worth", "michelle wu salary", "how old is michelle wu", "michelle wu mother", "michelle wu twitter"], "michelle wu police": ["michelle wu election", "michelle wu twitter", "who is michelle wu husband", "michelle wu mayor husband", "michelle wu endorsement", "michelle wu transportation", "michelle wu speech", "michelle wu development"], "michelle wu race": ["michelle wu boston husband", "michelle wu family", "michelle wu mother", "michelle wu siblings", "michelle wu linkedin", "michelle wu twitter", "michelle wu campaign staff", "michelle wu endorsements"], "michelle wu transportation": ["michelle wu signature collection", "michelle wu housing", "michelle wu free the t", "michelle wu accomplishments", "who is michelle wu husband", "michelle wu election", "michelle wu mayor husband", "michelle wu development"], "michelle wu": ["michelle wu instagram", "michelle wu family", "michelle wu mother", "michelle wu linkedin", "michelle wu father", "michelle wu platform", "michelle wu salary", "michelle wu policies"]}