{"boston mayor candidates": ["boston mayoral election candidates", "boston elections, 2021", "boston mayoral race candidates", "boston mayoral primary 2021", "boston mayoral election results", "boston mayoral candidates on the issues", "boston mayoral polls", "boston mayoral primary election"], "michelle wu": ["michelle wu roslindale", "michelle wu twitter", "michelle wu housing", "michelle wu linkedin", "michelle wu instagram", "michelle wu wikipedia", "michelle wu mayor", "michelle wu family"], "andrea campbell": ["andrea campbell husband", "andrea campbell brother", "andrea campbell husband, matthew", "andrea campbell father", "andrea campbell bio", "andrea campbell wikipedia", "andrea campbell twin brother", "andrea campbell family"], "dana depelteau": ["dana depelteau black lives matter", "dana depelteau twitter", "dana depelteau party", "calla walsh", "dana depelteau tweets", "dana depelteau linkedin", "michelle wu", "annissa essaibi george"], "annissa essaibi george": ["annissa essaibi george father", "annissa essaibi george website", "annissa essaibi george facebook", "annissa essaibi george mayor", "annissa essaibi george instagram", "annissa essaibi george campaign website", "annissa essaibi george family", "annissa essaibi george staff"], "jon santiago": ["jon santiago wife", "jon santiago photographer", "jon santiago high school", "is jon santiago married", "jon santiago age", "jon santiago campaign", "jon santiago instagram", "jon santiago endorsements"], "kim janey": ["kim janey political views", "kim janey for mayor", "kim janey election", "kim janey age", "kim janey for mayor campaign", "kim janey husband", "kim janey campaign", "kim janey daughter"], "michael bianchi": ["michael bianchi boston", "michael bianchi boston mayor", "michael bianchi mayor", "michael bianchi brighton ma"], "john barros": ["john barros boston wikipedia", "john barros restaurant", "john barros wiki", "john barros boston restaurant", "john barros wikipedia", "john barros twitter", "john barros for mayor website", "john barros wife"], "andrea campbell boston": ["andrea campbell boston husband", "andrea campbell family", "andrea campbell boston latin school", "andrea campbell husband, matthew", "andrea campbell bio", "andrea campbell boston platform", "andrea campbell boston public schools", "andrea campbell wiki"], "dana depelteau boston": ["dana depelteau black lives matter", "dana depelteau twitter", "dana depelteau tweets", "michelle wu", "calla walsh", "annissa essaibi george"], "annissa essaibi george boston": ["annissa essaibi george boston globe", "annissa essaibi george website", "boston city council elections 2021", "annissa essaibi george campaign website", "annissa essaibi george father", "annissa essaibi george pronunciation", "annissa essaibi george family", "annissa essaibi george mayor"], "jon santiago boston": ["jon santiago wife", "jon santiago boston globe", "jon santiago boston mayor", "jon santiago high school", "jon santiago age", "jon santiago linkedin", "jon santiago boston twitter", "is jon santiago married"], "kim janey boston": ["kim janey for mayor", "kim janey campaign website", "kim janey age", "kim janey, boston mayor", "kim janey for mayor campaign", "kim janey daughter age", "kim janey partner", "kim janey husband"], "michael bianchi boston": ["michael bianchi boston mayor", "michael bianchi brighton ma", "michael bianchi mayor"], "john barros boston": ["john barros boston wikipedia", "john barros boston mayor", "john barros boston wife", "john barros boston restaurant", "john barros wife", "john barros boston bio", "john barros for mayor website", "john barros wiki"], "michelle wu mayoral election": ["michelle wu husband", "michelle wu twitter", "michelle wu instagram", "michelle wu family", "michelle wu campaign staff", "michelle wu roslindale", "michelle wu endorsements", "michelle wu wikipedia"], "andrea campbell mayoral election": ["andrea campbell for mayor", "andrea campbell campaign manager", "andrea campbell brother", "andrea campbell family", "andrea campbell husband, matthew", "andrea campbell twin brother", "andrea campbell bio", "andrea campbell vs michelle wu"], "dana depelteau mayoral election": ["boston mayoral candidates 2021", "boston mayoral election 2020", "dana depelteau twitter", "boston mayoral election results", "dana depelteau black lives matter", "boston mayoral election 2021 candidates", "boston mayoral election candidates", "dana depelteau tweets"], "annissa essaibi george mayoral election": ["annissa essaibi george campaign website", "annissa essaibi george twitter", "annissa essaibi george endorsements", "annissa essaibi george campaign manager", "annissa essaibi george father", "annissa essaibi george family", "john barros", "annissa essaibi george instagram"], "michael bianchi mayoral election": ["michael bianchi boston", "michael bianchi brighton ma", "michael bianchi boston mayor"], "john barros mayoral election": ["john barros for mayor", "john barros political party", "john barros for mayor website", "john barros boston wikipedia", "john barros mayor 2021", "john barros boston mayor", "john barros wife", "john barros bio"], "michelle wu for mayor": ["conor pewarski", "michelle wu roslindale", "michelle wu campaign staff", "michelle wu endorsements", "michelle wu twitter", "michelle wu boston husband", "michelle wu linkedin", "michelle wu family"], "andrea campbell for mayor": ["andrea campbell campaign manager", "andrea campbell bio", "andrea campbell husband", "andrea campbell wikipedia", "andrea campbell husband, matthew", "andrea campbell family", "andrea campbell vs michelle wu", "andrea campbell brother"], "dana depelteau for mayor": ["dana depelteau black lives matter", "dana depelteau twitter", "dana depelteau tweets", "calla walsh", "annissa essaibi george", "michelle wu"], "annissa essaibi george for mayor": ["annissa george", "annissa essaibi george campaign website", "annissa essaibi george campaign manager", "annissa essaibi george staff", "annissa essaibi george father", "annissa essaibi george twitter", "annissa essaibi george endorsements", "doug george boston"], "jon santiago for mayor": ["jon santiago wife", "jon santiago boston mayor", "jon santiago campaign manager", "jon santiago high school", "jon santiago endorsements", "jon santiago state representative", "jon santiago boston globe", "john barros"], "kim janey for mayor": ["kim janey for mayor campaign", "kim janey campaign website", "kim janey campaign manager", "kim janey partner", "kim janey political views", "kim janey running for mayor", "kim janey daughter", "kim janey parents"], "michael bianchi for mayor": ["michael bianchi brighton ma", "michael bianchi boston mayor", "bianchi road bike"], "john barros for mayor": ["john barros for mayor website", "john barros boston mayor", "john barros wife", "john barros political party", "john barros boston wikipedia", "john barros mayor 2021", "john barros bio", "john barros wiki"], "michelle wu partner": ["michelle wu instagram", "michelle wu family", "andrea campbell", "michelle wu roslindale", "michelle wu mayor", "michelle wu age", "michelle wu mother", "michelle wu salary"], "andrea campbell partner": ["andrea campbell family", "andrea campbell father", "andrea campbell brother", "andrea campbell twin brother", "andrea campbell husband, matthew", "andrea campbell wikipedia", "andrea campbell campaign manager", "andrea campbell princeton"], "dana depelteau partner": false, "annissa essaibi george partner": ["annissa essaibi george father", "annissa essaibi george twitter", "annissa essaibi george family", "annissa essaibi george staff", "annissa essaibi george endorsements", "annissa essaibi george campaign manager", "annissa essaibi george mayor", "annissa essaibi george website"], "jon santiago partner": ["jon santiago wife", "jon santiago wife alexandra", "jon santiago campaign manager", "jon santiago age", "jon santiago mayor", "jon santiago boston globe", "jon santiago endorsements", "jon santiago boston mayor"], "kim janey partner": ["who is kim janey husband", "kim janey husband age", "kim janey reading memorial high school", "kim janey brother", "kim janey, boston mayor", "kim janey wikipedia", "kim janey daughter age", "kim janey net worth"], "michael bianchi partner": ["michael bianchi actor", "michael bianchi boston"], "john barros partner": ["john barros wife", "john barros wikipedia", "john barros family", "john barros political party", "john barros boston wikipedia", "john barros bio", "john barros for mayor website", "john barros campaign"], "michelle wu race": ["michelle wu boston husband", "michelle wu mother", "michelle wu instagram", "michelle wu family", "michelle wu jobs", "michelle wu roslindale", "michelle wu mayor", "michelle wu twitter"], "andrea campbell race": ["andrea campbell father", "andrea campbell husband", "andrea campbell family", "andrea campbell bio", "andrea campbell twin brother", "andrea campbell brother", "andrea campbell husband, matthew", "andrea campbell wikipedia"], "dana depelteau race": ["who is running for boston mayor", "kim janey for mayor", "boston mayoral race", "boston mayoral election 2020", "boston mayoral primary", "boston city council elections 2021", "boston elections, 2021", "boston mayoral polls"], "annissa essaibi george race": ["annissa essaibi george father", "annissa essaibi george staff", "annissa essaibi george mayor", "annissa essaibi george campaign", "annissa essaibi george endorsements", "annissa essaibi george family", "annissa essaibi george twitter", "annissa essaibi george campaign website"], "jon santiago race": false, "kim janey race": ["kim janey for mayor", "kim janey campaign", "kim janey age", "kim janey partner", "kim janey political views", "is kim janey married?", "kim janey father", "kim janey husband"], "michael bianchi race": ["michael bianchi mayor", "bianchi road bike"], "john barros race": ["john barros wikipedia", "john barros family", "john barros for mayor website", "john barros bio", "john barros wife", "john barros political party", "john barros campaign", "john barros boston wikipedia"], "michelle wu endorsement": ["michelle wu instagram", "michelle wu twitter", "michelle wu family", "michelle wu policies", "michelle wu roslindale", "michelle wu husband", "michelle wu mayor", "michelle wu linkedin"], "andrea campbell endorsement": ["andrea campbell husband", "andrea campbell husband, matthew", "andrea campbell bio", "andrea campbell father", "andrea campbell family", "andrea campbell twin brother", "andrea campbell campaign manager", "andrea campbell princeton"], "dana depelteau endorsement": ["dana depelteau black lives matter", "john barros", "dana depelteau twitter", "boston mayoral candidates 2021", "dana depelteau boston", "boston elections, 2021", "dana depelteau for mayor", "boston mayoral election 2020"], "annissa essaibi george endorsement": ["annissa essaibi george mayor", "annissa essaibi george twitter", "annissa essaibi george staff", "annissa essaibi george campaign manager", "annissa essaibi george family", "boston globe annissa essaibi george", "annissa essaibi george wiki"], "jon santiago endorsement": ["jon santiago wife", "jon santiago campaign manager", "jon santiago boston globe", "jon santiago twitter", "jon santiago for mayor", "jon santiago wife alexandra"], "kim janey endorsement": ["kim janey for mayor", "kim janey campaign", "kim janey age", "kim janey policy", "kim janey campaign manager", "is kim janey married?", "kim janey twitter", "kim janey partner"], "john barros endorsement": ["john barros boston wife", "john barros for mayor website", "john barros wife", "john barros boston wikipedia", "john barros political party", "john barros boston mayor", "john barros campaign website", "john barros restaurant"], "michelle wu COVID": ["michelle wu chinatown"], "andrea campbell COVID": ["andrea campbell twitter", "andrea campbell argentina", "andrea campbell mass and cass"], "dana depelteau COVID": ["dana depelteau black lives matter", "dana depelteau twitter", "dana depelteau tweets", "michelle wu", "calla walsh", "annissa essaibi george"], "annissa essaibi george COVID": false, "jon santiago COVID": ["jon santiago linkedin", "jon santiago photographer"], "kim janey COVID": false, "john barros COVID": ["john barros boston wikipedia", "john barros for mayor website", "john barros wife", "john barros boston mayor", "john barros wikipedia", "john barros political party", "john barros boston restaurant", "john barros bc high"], "michelle wu transportation": ["michelle wu housing", "michelle wu free transit", "michelle wu free the t", "michelle wu election", "michelle wu accomplishments", "michelle wu announcement", "michelle wu dsa", "michelle wu instagram"], "andrea campbell transportation": ["andrea campbell campaign jobs", "andrea campbell campaign manager", "andrea campbell boston public schools", "andrea campbell events", "andrea campbell housing", "andrea campbell covid", "andrea campbell boston platform", "andrea campbell for mayor"], "dana depelteau transportation": ["dana depelteau black lives matter", "dana depelteau twitter", "dana depelteau for mayor", "calla walsh parents", "michelle wu"], "annissa essaibi george transportation": ["annissa essaibi george staff", "annissa essaibi george mayor", "annissa essaibi george father", "annissa essaibi george twitter", "annissa essaibi george endorsements", "annissa essaibi george website", "annissa essaibi george campaign website", "annissa essaibi george campaign manager"], "jon santiago transportation": ["jon santiago campaign manager", "jon santiago wife", "jon santiago high school", "jon santiago endorsements", "jon santiago wife alexandra", "jon santiago linkedin", "jon santiago boston globe", "jon santiago for mayor"], "kim janey transportation": false, "michael bianchi transportation": false, "john barros transportation": ["john barros boston wikipedia", "john barros wiki", "john barros political party", "john barros for mayor", "john barros campaign", "john barros wife", "john barros boston mayor", "john barros bc high"], "michelle wu MBTA": ["michelle wu free transit", "michelle wu transportation", "michelle wu consulting", "michelle wu election", "michelle wu housing", "michelle wu announcement", "michelle wu child care", "michelle wu endorsements"], "andrea campbell MBTA": ["andrea campbell bio", "andrea campbell boston husband", "andrea campbell brother", "andrea campbell family", "andrea campbell twin brother", "andrea campbell father", "andrea campbell campaign manager", "andrea campbell mit"], "dana depelteau MBTA": ["dana depelteau twitter", "boston mayoral polls", "dana depelteau tweets", "boston elections, 2021", "boston city council elections 2021", "annissa essaibi george", "john barros", "calla walsh"], "annissa essaibi george MBTA": ["annissa essaibi george boston globe", "annissa essaibi george twitter", "annissa essaibi george campaign website", "annissa essaibi george staff", "boston city council elections 2021", "annissa essaibi george mayor", "annissa essaibi george father", "annissa essaibi george website"], "jon santiago MBTA": ["jon santiago wife", "jon santiago boston globe", "jon santiago high school", "jon santiago wife alexandra", "is jon santiago married", "jon santiago linkedin", "jon santiago age", "jon santiago endorsements"], "kim janey MBTA": ["kim janey for mayor", "kim janey issues", "kim janey election", "kim janey policy", "kim janey wikipedia", "kim janey twitter", "is kim janey married", "kim janey campaign manager"], "michael bianchi MBTA": false, "john barros MBTA": ["john barros for mayor website", "john barros boston wikipedia", "john barros boston wife", "john barros boston bio", "john barros city of boston", "john barros wiki", "john barros bc high", "john barros age"], "michelle wu Education": ["michelle wu education plan", "michelle wu roslindale", "michelle wu endorsements", "michelle wu election", "michelle wu wikipedia", "michelle wu jobs", "michelle wu mayor", "michelle wu campaign staff"], "andrea campbell Education": ["andrea campbell family", "andrea campbell bio", "andrea campbell father", "andrea campbell husband", "andrea campbell brother", "andrea campbell wikipedia", "andrea campbell education plan", "andrea campbell princeton"], "dana depelteau Education": ["dana depelteau black lives matter", "dana depelteau twitter", "dana depelteau tweets", "calla walsh", "michelle wu", "calla walsh parents", "annissa essaibi george"], "annissa essaibi george Education": ["annissa essaibi george staff", "annissa essaibi george mayor", "annissa essaibi george website", "annissa essaibi george father", "annissa essaibi george family", "annissa essaibi george twitter", "annissa essaibi george facebook", "annissa essaibi george campaign"], "jon santiago Education": ["is jon santiago married", "jon santiago high school", "john barros", "jon santiago age", "jon santiago campaign manager", "jon santiago mayor", "jon santiago linkedin", "jon santiago wife alexandra"], "michael bianchi Education": ["michael bianchi boston", "michael bianchi brighton ma", "michael bianchi mayor", "michael bianchi boston mayor"], "john barros Education": ["john barros for mayor website", "john barros boston wikipedia", "john barros political party", "john barros wife", "john barros wiki", "john barros wikipedia", "john barros age", "john barros bio"], "michelle wu LGBT": ["when was lgbtq created", "lgbtq meaning of each letter", "lgbtq sexualities", "lgbtq day"], "andrea campbell LGBT": ["when was lgbtq created", "lgbtq meaning of each letter", "lgbtq sexualities", "lgbtq day"], "dana depelteau LGBT": ["when was lgbtq created", "lgbtq meaning of each letter", "lgbtq sexualities", "lgbtq day"], "annissa essaibi george LGBT": false, "jon santiago LGBT": ["when was lgbtq created", "lgbtq meaning of each letter", "lgbtq sexualities", "lgbtq day"], "kim janey LGBT": ["when was lgbtq created"], "michael bianchi LGBT": false, "john barros LGBT": ["when was lgbtq created", "lgbtq meaning of each letter", "lgbtq sexualities", "lgbtq day"], "michelle wu background": ["michelle wu email", "michelle wu family", "michelle wu salary", "michelle wu mother", "michelle wu siblings", "michelle wu instagram", "michelle wu roslindale", "michelle wu twitter"], "andrea campbell background": ["andrea campbell family", "andrea campbell father", "andrea campbell brother", "andrea campbell wikipedia", "andrea campbell husband", "andrea campbell twin brother", "andrea campbell brothers", "andrea campbell campaign manager"], "dana depelteau background": ["dana depelteau black lives matter", "john barros", "dana depelteau twitter", "calla walsh", "michael j. bianchi ii", "boston city council elections 2021", "boston elections, 2021", "michelle wu"], "annissa essaibi george background": ["annissa essaibi george campaign", "annissa essaibi george father", "annissa essaibi george staff", "annissa essaibi george campaign website", "annissa essaibi george for mayor", "annissa essaibi george campaign manager", "doug george", "annissa essaibi george twitter"], "kim janey background": ["kim janey husband", "kim janey daughter", "kim janey for mayor", "kim janey campaign", "kim janey age", "kim janey daughter age", "kim janey policies", "kim janey campaign website"], "michael bianchi background": ["michael bianchi boston", "michael bianchi mayor", "michael bianchi brighton ma", "michael bianchi boston mayor"], "john barros background": ["john barros for mayor website", "john barros political party", "john barros family", "john barros email", "john barros education", "john barros boston wife", "john barros bc high", "john barros restaurant"], "michelle wu net worth": ["michelle wu boston husband", "michelle wu salary", "michelle wu instagram", "michelle wu family", "michelle wu age", "where does michelle wu live", "michelle wu roslindale", "michelle wu jobs"], "andrea campbell net worth": ["andrea campbell husband", "andrea campbell family", "andrea campbell twin brother", "andrea campbell wikipedia", "andrea campbell husband, matthew", "andrea campbell father", "andrea campbell brother", "andrea campbell bio"], "dana depelteau net worth": ["dana depelteau black lives matter", "dana depelteau twitter", "dana depelteau tweets", "boston elections, 2021", "boston mayoral candidates 2021", "boston mayoral polls", "boston city council elections 2021", "when is boston mayoral election 2021"], "annissa essaibi george net worth": ["annissa essaibi george father", "annissa essaibi george mayor", "annissa essaibi george endorsements", "annissa essaibi george staff", "annissa essaibi george twitter", "boston city council elections 2021", "annissa essaibi george website", "annissa essaibi george campaign"], "jon santiago net worth": ["jon santiago wife", "jon santiago high school", "jon santiago campaign manager", "jon santiago endorsements", "jon santiago age", "jon santiago wife alexandra", "is jon santiago married", "john barros"], "kim janey net worth": ["who is kim janey husband", "kim janey daughter", "kim janey age", "kim janey daughter age", "kim janey partner", "kim janey wikipedia", "is kim janey married", "kim janey for mayor"], "michael bianchi net worth": false, "john barros net worth": ["john barros wife", "john barros wikipedia", "john barros age", "john barros bio", "john barros restaurant", "john barros bc high", "john barros education"], "jon santiago background": ["john barros", "jon santiago wife", "jon santiago high school", "jon santiago mayor", "jon santiago age", "jon santiago campaign manager", "jon santiago endorsements", "is jon santiago married"], "michelle wu crime": ["michelle wu announcement", "michelle wu housing", "michelle wu events", "michelle wu child care", "michelle wu siblings", "michelle wu election", "michelle wu campaign", "michelle wu mother"], "andrea campbell crime": ["andrea campbell bio", "andrea campbell husband", "andrea campbell twin brother", "andrea campbell family", "andrea campbell age", "andrea campbell father", "andrea campbell brothers", "andrea campbell boston"], "dana depelteau crime": ["dana depelteau black lives matter", "dana depelteau twitter", "dana depelteau boston", "dana depelteau mayor", "michelle wu", "calla walsh", "annissa essaibi george"], "annissa essaibi george crime": ["annissa essaibi george father", "annissa essaibi george twitter", "annissa essaibi george staff", "annissa essaibi george mayor", "annissa essaibi george family", "annissa essaibi george campaign", "annissa essaibi george endorsements", "annissa essaibi george campaign manager"], "jon santiago crime": false, "kim janey crime": ["kim janey for mayor", "kim janey husband", "kim janey brother", "kim janey press conference"], "michael bianchi crime": ["michael bianchi boston", "kenneth bianchi 2021", "what happened to kenneth bianchi's son", "michael bianchi boston mayor", "michael bianchi mayor", "hillside strangler documentary"], "john barros crime": ["john barros wikipedia", "john barros wife", "john barros for mayor website", "john barros political party", "john barros boston wikipedia", "john barros family", "john barros bio", "john barros ethnicity"], "michelle wu police": ["michelle wu election", "michelle wu announcement", "michelle wu child care", "michelle wu east boston", "michelle wu accomplishments", "michelle wu dsa", "michelle wu endorsements", "michelle wu policies"], "andrea campbell police": ["andrea campbell husband", "andrea campbell brother", "andrea campbell events", "andrea campbell housing", "andrea campbell endorsements", "andrea campbell boston public schools", "andrea campbell covid", "andrea campbell fundraising"], "dana depelteau police": ["dana depelteau black lives matter", "dana depelteau twitter", "dana depelteau tweets", "michelle wu", "calla walsh", "annissa essaibi george"], "annissa essaibi george police": ["annissa essaibi george twitter", "annissa essaibi george endorsements", "annissa essaibi george mayor", "annissa essaibi george campaign manager", "annissa essaibi george family", "annissa essaibi george wiki"], "jon santiago police": ["jon santiago wife", "jon santiago wife alexandra", "jon santiago high school", "is jon santiago married", "jon santiago linkedin", "jon santiago state representative", "jon santiago endorsements", "jon santiago boston globe"], "kim janey police": ["boston police commissioner wife", "dennis white, boston police wife", "dennis white wife", "boston police commissioner salary", "boston police commissioner dennis white", "boston police chief", "dennis white family", "dennis white parents"], "michael bianchi police": ["michael bianchi boston", "michael bianchi boston mayor", "michael bianchi brighton ma", "michael bianchi mayor"], "john barros police": ["john barros wife", "john barros wiki", "john barros bio", "john barros for mayor website", "john barros bc high", "john barros political party", "john barros campaign", "john barros ethnicity"], "michelle wu housing": ["michelle wu child care", "michelle wu announcement", "michelle wu transportation", "michelle wu endorsements", "michelle wu election", "michelle wu small business", "michelle wu mbta", "michelle wu east boston"], "andrea campbell housing": ["andrea campbell husband", "andrea campbell father", "andrea campbell husband, matthew", "andrea campbell family", "andrea campbell brother", "andrea campbell twin brother", "andrea campbell bio", "andrea campbell brothers"], "dana depelteau housing": ["dana depelteau twitter", "dana depelteau tweets", "calla walsh", "annissa essaibi george", "michelle wu"], "annissa essaibi george housing": ["annissa george", "annissa essaibi george mayor", "michelle wu", "annissa essaibi george twitter", "doug george", "annissa essaibi george campaign", "annissa essaibi george campaign website", "annissa essaibi george endorsements"], "jon santiago housing": ["jon santiago wife", "is jon santiago married", "john barros", "jon santiago wife alexandra", "jon santiago endorsements", "jon santiago campaign manager", "jon santiago high school", "jon santiago mayor"], "kim janey housing": ["kim janey for mayor", "kim janey campaign manager", "kim janey election", "kim janey partner", "who is kim janey husband", "kim janey family", "kim janey issues", "kim janey political views"], "michael bianchi housing": false, "john barros housing": ["john barros for mayor website", "john barros wife", "john barros family", "john barros boston wikipedia", "john barros boston wife", "john barros bio", "john barros political party", "john barros wiki"], "boston mayoral election": false, "michelle wu boston": ["michelle wu instagram", "michelle wu boston globe", "michelle wu boston public schools", "michelle wu boston college", "michelle wu roslindale", "michelle wu, boston mayor", "michelle wu boston mayor polls", "michelle wu endorsements"], "jon santiago mayoral election": false, "kim janey mayoral election": ["kim janey for mayor", "kim janey for mayor campaign", "boston mayoral election", "kim janey campaign website", "kim janey running for mayor", "kim janey age", "kim janey partner", "kim janey campaign manager"], "michael bianchi endorsement": false, "michael bianchi COVID": ["michael bianchi boston", "michael bianchi boston mayor", "michael bianchi brighton ma", "michael bianchi mayor"], "kim janey Education": ["kim janey smith college", "kim janey, boston mayor", "kim janey reading memorial high school", "who is kim janey husband", "kim janey political views", "kim janey for mayor", "kim janey campaign", "kim janey partner"]}