{"boston mayor candidates": ["boston mayoral election 2020", "when is the boston mayoral primary", "boston mayoral election 2021 primary", "boston mayoral race candidates 2021", "boston mayoral election results", "boston mayoral candidates on the issues", "boston mayoral polls", "boston mayoral candidates comparison", "boston mayoral candidates 2021"], "michelle wu": ["michelle wu linkedin", "michelle wu instagram", "michelle wu twitter", "michelle wu husband", "michelle wu mayor", "michelle wu polls", "michelle wu housing", "michelle wu wikipedia", "andrea campbell boston"], "andrea campbell": ["andrea campbell husband", "andrea campbell brother", "alvin campbell", "andrea campbell argentina", "andrea campbell boston", "andrea campbell boston husband", "andrea campbell endorsements", "andrea campbell wikipedia", "andrea campbell vs michelle wu"], "dana depelteau": ["calla walsh", "dana depelteau twitter", "dana depelteau", "dana depelteau black lives matter", "dana depelteau boston"], "jon santiago": ["boston weather", "boston globe", "jon santiago age", "jon santiago wife", "jon santiago campaign manager", "jon santiago endorsements", "jon santiago ad", "jon santiago mayor boston", "jon santiago wife alexandra"], "michael bianchi": ["eric porter boston city council", "michael bianchi", "michael bianchi boston", "michael bianchi brighton ma", "michael bianchi boston city council", "michael bianchi attorney omaha", "michael bianchi obituary", "dr michael bianchi", "michael bianchini"], "john barros": ["john barros boston", "boston mayoral race", "john barros education", "john barrows sales", "john barros wife", "john barros wikipedia", "john barros bio", "john barros boston wife", "john barros age"], "annissa essaibi george boston": ["annissa essaibi george boston", "annissa essaibi george boston globe", "annissa essaibi george boston mayor"], "jon santiago boston": ["jon santiago boston", "jon santiago boston globe", "dr. jon santiago boston", "dr jon santiago boston medical center", "jon santiago boston medical center", "jon santiago boston ma"], "kim janey boston": ["kim janey husband", "kim janey boston", "kim janey boston globe", "kim janey boston vaccine", "kim janey boston herald", "kim janey boston mask mandate", "how old is kim janey boston", "kim janey boston gov", "new boston mayor kim janey"], "michael bianchi boston": ["michael bianchi boston", "michael bianchi boston city council", "michael bianchi boston mayor"], "john barros boston": ["john barros wife", "john barros boston", "john barros boston wife", "john barros boston school committee", "john barros boston globe", "john barros boston wikipedia", "john barros boston political party", "john barros boston restaurant", "john barros boston ma", "john barros city of boston"], "michelle wu mayoral election": ["michelle wu mayor", "michelle wu running for mayor", "michelle wu endorsements"], "dana depelteau mayoral election": [], "annissa essaibi george mayoral election": ["city councilor annissa essaibi-george"], "kim janey mayoral election": ["kim janey mayor election"], "michael bianchi mayoral election": [], "john barros mayoral election": [], "michelle wu for mayor": ["Michelle Wu", "michelle wu for mayor mobilize", "michelle wu for mayor jobs", "michelle wu running for mayor", "michelle wu for mayor of boston"], "andrea campbell for mayor": ["andrea campbell for mayor"], "dana depelteau for mayor": ["dana depelteau for mayor"], "annissa essaibi george for mayor": ["annissa essaibi george for mayor"], "jon santiago for mayor": ["jon santiago for mayor"], "kim janey for mayor": ["kim janey for mayor", "kim janey for mayor campaign", "kim janey running for mayor", "will kim janey run for mayor"], "michael bianchi for mayor": ["michael bianchi"], "john barros for mayor": ["john barros for mayor"], "michelle wu partner": [], "andrea campbell partner": ["andrea campbell", "andrea campbell husband"], "annissa essaibi george partner": ["annissa essaibi"], "jon santiago partner": [], "kim janey partner": ["who is kim janey husband", "kim janey age", "is kim janey married", "kim janey for mayor", "kim janey father", "kim janey parents nationality", "kim janey wikipedia", "kim janey net worth", "kim janey partner"], "michael bianchi partner": [], "john barros partner": ["john barros", "john barros wife", "john barros massachusetts"], "michelle wu race": ["michelle wu boston husband", "michelle wu instagram", "michelle wu harvard", "michelle wu family", "michelle wu mayor", "michelle wu campaign staff", "michelle wu twitter", "michelle wu education"], "andrea campbell race": [], "dana depelteau race": [], "jon santiago race": [], "kim janey race": ["kim janey", "kim janey staff"], "michael bianchi race": [], "john barros race": ["john barros"], "michelle wu endorsement": ["michelle wu endorsements"], "annissa essaibi george endorsement": ["annissa essaibi george endorsements"], "jon santiago endorsement": ["jon santiago endorsements"], "kim janey endorsement": ["kim janey endorsements"], "john barros endorsement": ["john barros endorsements"], "michelle wu COVID": ["michelle wu covid", "winners during covid"], "andrea campbell COVID": ["andrea campbell husband", "andrea campbell obituary", "andrea campbell parents", "andrea campbell wikipedia", "andrea campbell campaign", "andrea campbell bio", "andrea campbell family", "andrea campbell father"], "dana depelteau COVID": ["dana depelteau black lives matter", "dana depelteau twitter", "dana depelteau boston", "dana depelteau mayor", "dana depelteau tweets", "john barros", "edward markey", "jon santiago"], "annissa essaibi george COVID": ["annissa essaibi"], "jon santiago COVID": [], "kim janey COVID": ["kim janey covid update", "kim janey covid vaccine", "did any of the kardashians get covid 19", "did any of the kardashians have coronavirus", "did hong kong shut down for covid"], "michael bianchi COVID": [], "john barros COVID": [], "michelle wu transportation": ["michelle wu transportation"], "andrea campbell transportation": ["andrea campbell transportation plan"], "dana depelteau transportation": [], "annissa essaibi george transportation": [], "kim janey transportation": ["kim janey", "kim janey office"], "michael bianchi transportation": ["michael bianchi llc", "michael bianchi"], "john barros transportation": ["boston mayoral debate", "john barros facebook", "barros mayor", "mayoral candidates in boston", "when is marty walsh up for re-election", "new boston mayor 2021", "john baros", "dana depelteau mayor"], "michelle wu MBTA": ["michelle wu mbta", "michelle wu free mbta"], "andrea campbell MBTA": ["andrea campbell boston", "andrea campbell boston ma", "andrea campbell boston city council"], "dana depelteau MBTA": [], "annissa essaibi george MBTA": ["annissa essaibi"], "jon santiago MBTA": [], "kim janey MBTA": ["kim janey"], "michael bianchi MBTA": [], "john barros MBTA": ["john barros massachusetts", "john barros"], "michelle wu Education": ["michelle wu education", "michelle wu education plan"], "andrea campbell Education": ["andrea campbell education", "andrea campbell education plan"], "dana depelteau Education": [], "annissa essaibi george Education": ["annissa essaibi"], "jon santiago Education": [], "kim janey Education": ["kim janey education"], "michael bianchi Education": ["michael bianchi", "michael bianchi llc"], "john barros Education": ["john barros education"], "michelle wu LGBT": [], "andrea campbell LGBT": [], "dana depelteau LGBT": [], "annissa essaibi george LGBT": ["annissa essaibi"], "jon santiago LGBT": [], "kim janey LGBT": [], "michael bianchi LGBT": [], "john barros LGBT": [], "michelle wu background": ["michelle wu background"], "andrea campbell background": ["andrea campbell background"], "dana depelteau background": [], "annissa essaibi george background": ["annissa essaibi"], "jon santiago background": ["jon santiago"], "kim janey background": ["kim janey background"], "michael bianchi background": ["michael bianchi", "michael bianchi llc", "michael bianchi architect"], "john barros background": ["john barros", "john barros wife"], "michelle wu net worth": ["michelle wu net worth", "how much is michelle mone worth", "how much is michelle worth"], "andrea campbell net worth": [], "dana depelteau net worth": [], "annissa essaibi george net worth": ["annissa essaibi george net worth"], "jon santiago net worth": [], "kim janey net worth": ["kim janey net worth", "how much is kim worth", "how rich is kim", "how much is kim west worth", "what is kim's net worth"], "michael bianchi net worth": [], "john barros net worth": [], "michelle wu crime": ["michelle wu", "michelle wu attorney", "michelle wu bio"], "andrea campbell crime": [], "dana depelteau crime": [], "annissa essaibi george crime": ["annissa essaibi"], "jon santiago crime": ["jon santiago"], "kim janey crime": ["kim janey"], "michael bianchi crime": ["michael bianchi"], "john barros crime": ["john barros", "john barros massachusetts"], "michelle wu police": [], "annissa essaibi george police": [], "jon santiago police": [], "kim janey police": ["kim janey police budget"], "michael bianchi police": ["michael bianchi"], "john barros police": ["john barros"], "michelle wu housing": ["michelle wu housing"], "dana depelteau housing": [], "annissa essaibi george housing": ["annissa essaibi george housing"], "jon santiago housing": ["jon santiago"], "michael bianchi housing": ["michael bianchi", "michael bianchi llc", "michael bianchi architect"], "john barros housing": ["john barros"], "boston mayoral election": ["boston mayoral election 2020", "boston mayoral election results", "boston mayoral election 2021 primary", "boston mayoral election primary", "boston mayoral election polls", "2017 boston mayoral election", "boston mayoral election 2021 polls", "boston mayoral candidates on the issues", "boston mayoral election 2021"], "annissa essaibi george": ["annissa essaibi george husband", "david halbert", "annissa essaibi george father", "Lydia Edwards", "boston mayor", "annissa essaibi george ethnicity", "boston mayoral candidates", "annissa essaibi george family", "michael flaherty"], "michelle wu boston": ["andrea campbell boston", "boston mayor", "boston election results", "michelle wu boston mayor", "michelle wu boston husband", "michelle wu boston mayor candidate", "michelle wu boston latin", "michelle wu boston bio", "michelle wu boston globe"], "andrea campbell boston": ["andrea campbell boston husband", "boston mayoral candidates", "boston mayoral race", "andrea campbell boston brother", "andrea campbell boston", "andrea campbell boston mayoral candidate", "andrea campbell boston globe", "andrea campbell boston public schools", "andrea campbell boston father"], "dana depelteau boston": ["dana depelteau black lives matter", "dana depelteau twitter", "dana depelteau mayor", "boston mayoral polls", "edward markey", "dana depelteau tweets", "calla walsh", "john barros", "dana depelteau boston"], "andrea campbell mayoral election": ["city councilor andrea campbell"], "jon santiago mayoral election": [], "dana depelteau partner": ["dana depelteau"], "annissa essaibi george race": [], "andrea campbell endorsement": ["andrea campbell endorsements"], "dana depelteau endorsement": [], "michael bianchi endorsement": [], "jon santiago transportation": [], "andrea campbell police": ["andrea campbell boston police"], "dana depelteau police": [], "kim janey housing": ["kim janey housing"], "andrea campbell housing": ["andrea campbell housing"], "kim janey": ["boston mayor", "andrea campbell boston", "kim janey husband", "kim janey family", "kim janey mayor", "kim janey age", "epic pass", "biden press conference"]}