{"andrea campbell background": ["andrea campbell father", "andrea campbell twin brother", "andrea campbell age", "andrea campbell brother", "andrea campbell parents", "andrea campbell family", "andrea campbell wikipedia", "who is andrea campbell husband"], "andrea campbell boston": ["andrea campbell boston husband", "andrea campbell boston brother", "andrea campbell boston father", "andrea campbell husband matthew", "andrea campbell boston mayor", "andrea campbell family", "andrea campbell mit", "andrea campbell father"], "andrea campbell COVID": false, "andrea campbell crime": ["who is andrea campbell husband", "andrea campbell twin brother", "andrea campbell bio", "andrea campbell family", "andrea campbell obituary", "andrea campbell brother andre", "andrea campbell age", "andrea campbell husband matthew"], "andrea campbell Education": ["andrea campbell bio", "who is andrea campbell husband", "andrea campbell family", "andrea campbell wikipedia", "andrea campbell father", "andrea campbell education plan", "andrea campbell twin brother", "andrea campbell brother andre"], "andrea campbell endorsement": ["andrea campbell husband", "andrea campbell fellowship", "andrea campbell father", "michelle wu endorsements", "andrea campbell campaign manager", "andrea campbell boston", "andrea campbell housing", "andrea campbell obituary"], "andrea campbell for mayor": ["andrea campbell father", "andrea campbell bio", "andrea campbell campaign manager", "andrea campbell husband matthew", "andrea campbell family", "andrea campbell brother", "andrea campbell twin brother", "andrea campbell grandfather"], "andrea campbell housing": ["andrea campbell husband", "andrea campbell obituary", "andrea campbell endorsements", "andrea campbell fellowship", "andrea campbell boston public schools", "andrea campbell events", "andrea campbell progressive", "andrea campbell covid"], "andrea campbell LGBT": ["andrea campbell husband", "andrea campbell endorsement", "andrea campbell obituary", "andrea campbell housing", "andrea campbell campaign manager", "andrea campbell events", "andrea campbell fellowship", "andrea campbell boston"], "andrea campbell mayoral election": ["who is andrea campbell husband", "andrea campbell brother andre", "andrea campbell family", "andrea campbell obituary", "andrea campbell campaign manager", "andrea campbell twin brother", "andrea campbell bio", "andrea campbell parents"], "andrea campbell MBTA": ["andrea campbell bio", "andrea campbell husband", "andrea campbell brother andre", "andrea campbell obituary", "andrea campbell family", "andre campbell", "andrea campbell twin brother", "andrea campbell father"], "andrea campbell net worth": false, "andrea campbell partner": ["andrea campbell wikipedia", "what does andrea campbell's husband do", "andrea campbell obituary", "andrea campbell age", "andrea campbell grandfather", "matthew scheier andrea campbell", "andre campbell", "andrea campbell princeton"], "andrea campbell police": ["who is andrea campbell husband", "andrea campbell father", "andrea campbell endorsements", "andrea campbell brother", "andrea campbell fellowship", "andrea campbell housing", "andrea campbell obituary", "andrea campbell covid"], "andrea campbell race": ["andrea campbell parents", "andrea campbell father", "who is andrea campbell husband", "andrea campbell family", "andrea campbell bio", "andrea campbell twin brother", "andrea campbell brother", "andrea campbell husband matthew"], "andrea campbell transportation": ["andrea campbell campaign manager", "andrea campbell husband", "andrea campbell campaign jobs", "andrea campbell obituary", "andrea campbell father", "andrea campbell events", "andrea campbell housing", "andrea campbell endorsements"], "andrea campbell": ["andrea campbell brother", "andrea campbell parents", "matthew scheier andrea campbell", "andrea campbell father", "andrea campbell twin brother", "andrea campbell wikipedia", "who is andrea campbell husband", "andrea campbell family"], "annissa essaibi george background": ["annissa essaibi george net worth", "annissa essaibi george parents", "annissa essaibi george religion", "annissa essaibi george campaign manager", "annissa essaibi george father", "annissa essaibi george family", "doug george", "annissa essaibi george siblings"], "annissa essaibi george boston": ["annissa essaibi george net worth", "annissa essaibi george father", "where does annissa essaibi george live", "annissa essaibi george religion", "annissa essaibi george boston globe", "annissa essaibi george campaign manager", "annissa essaibi george parents", "annissa essaibi george bio"], "annissa essaibi george COVID": false, "annissa essaibi george crime": ["annissa essaibi george ethnicity", "annissa essaibi george father", "annissa essaibi george net worth", "annissa essaibi george parents", "annissa essaibi george staff", "annissa essaibi george bio", "annissa essaibi george religion", "annissa essaibi george family"], "annissa essaibi george Education": ["annissa essaibi george net worth", "annissa essaibi george parents", "annissa essaibi george education plan", "annissa essaibi george bio", "annissa essaibi george website", "annissa essaibi george staff", "annissa essaibi george age", "annissa essaibi george siblings"], "annissa essaibi george endorsement": ["annissa essaibi george business", "annissa essaibi george net worth", "annissa essaibi george mayor", "annissa essaibi george commercial", "annissa essaibi george ethnic background", "annissa essaibi george accent", "boston mayoral candidates on the issues", "boston mayoral election"], "annissa essaibi george for mayor": ["annissa essaibi george campaign website", "annissa essaibi george ethnicity", "annissa essaibi george bio", "annissa essaibi george family", "annissa essaibi george net worth", "annissa essaibi george commercial", "annissa essaibi george mother", "annissa essaibi george father"], "annissa essaibi george housing": ["annissa essaibi george net worth", "annissa essaibi george bio", "annissa essaibi george commercial", "ezzeddine essaibi", "annissa essaibi george education plan", "annissa essaibi george ethnicity", "annissa essaibi george campaign website", "annissa essaibi george staff"], "annissa essaibi george LGBT": ["when was lgbtq created"], "annissa essaibi george mayoral election": ["boston mayoral election 2020", "michelle wu", "boston mayoral candidates on the issues", "boston mayoral candidates party affiliation", "boston mayoral election results 2021", "boston mayoral election 2021 polls", "essaibi george ethnicity", "boston mayoral race polls"], "annissa essaibi george MBTA": ["annissa essaibi george net worth", "annissa essaibi george twitter", "annissa essaibi george boston", "annissa essaibi george father", "annissa essaibi george commercial", "annissa essaibi george boston globe", "annissa essaibi george bio", "annissa essaibi george campaign website"], "annissa essaibi george net worth": ["michelle wu net worth"], "annissa essaibi george partner": ["annissa essaibi george net worth", "annissa essaibi george father", "annissa essaibi george ethnicity", "annissa essaibi george parents", "annissa essaibi george mother", "annissa essaibi george family", "annissa essaibi george age", "annissa essaibi george staff"], "annissa essaibi george police": ["annissa essaibi george net worth", "annissa essaibi george business", "annissa essaibi george ad", "annissa essaibi george house", "annissa essaibi george education plan", "annissa essaibi george tiktok", "michelle wu vs annissa essaibi george reddit"], "annissa essaibi george race": ["annissa essaibi george parents", "annissa essaibi george father", "annissa essaibi george net worth", "annissa essaibi george staff", "annissa essaibi george bio", "annissa essaibi george weight loss", "annissa essaibi george campaign manager", "where does annissa essaibi george live"], "annissa essaibi george transportation": ["annissa essaibi george staff", "annissa essaibi george bio", "annissa essaibi george father", "annissa essaibi george mayor", "annissa essaibi george commercial", "annissa essaibi george ethnicity", "annissa essaibi george website", "annissa essaibi george parents"], "annissa essaibi george": ["annissa essaibi george net worth", "annissa essaibi george ethnicity", "annissa essaibi george religion", "annissa essaibi george parents", "annissa essaibi george bio", "annissa essaibi george father", "annissa essaibi george twitter", "annissa essaibi george website"], "boston mayor candidates": ["boston mayoral candidates platforms", "boston mayoral candidates quiz", "boston mayoral candidates party affiliation", "boston mayoral candidates on the issues", "boston mayoral polls", "boston mayoral candidates comparison", "boston mayoral candidates endorsements", "michelle wu, boston mayor"], "boston mayoral election": ["boston mayoral election polls", "2017 boston mayoral election", "boston mayoral candidates party affiliation", "boston mayoral candidates on the issues", "michelle wu, boston mayor", "boston mayoral election results by precinct", "boston election results", "boston mayoral candidates comparison"], "dana depelteau background": ["dana depelteau black lives matter", "dana depelteau twitter", "dana depelteau tweets", "michelle wu", "calla walsh", "markeyverse"], "dana depelteau boston": ["dana depelteau black lives matter", "dana depelteau twitter", "dana depelteau tweets", "markeyverse", "michelle wu", "dana depelteau linkedin"], "dana depelteau COVID": ["dana depelteau twitter", "dana depelteau black lives matter", "dana depelteau tweets", "dana depelteau for mayor", "calla walsh parents", "michelle wu", "calla walsh winsor school", "markeyverse"], "dana depelteau crime": ["dana depelteau black lives matter", "dana depelteau twitter", "dana depelteau tweets", "dana depelteau for mayor", "markeyverse", "michelle wu", "calla walsh", "calla walsh parents"], "dana depelteau Education": ["dana depelteau black lives matter", "dana depelteau twitter", "dana depelteau tweets", "calla walsh winsor school", "michelle wu", "calla walsh parents", "markeyverse"], "dana depelteau endorsement": ["dana depelteau twitter", "boston mayoral candidates 2021", "dana depelteau boston", "boston mayoral election 2020", "dana depelteau for mayor", "boston mayoral candidates on the issues", "boston mayoral primary", "boston mayoral candidates party affiliation"], "dana depelteau for mayor": ["dana depelteau black lives matter", "dana depelteau twitter", "dana depelteau tweets", "markeyverse", "michelle wu", "calla walsh", "dana depelteau linkedin"], "dana depelteau housing": ["dana depelteau twitter", "dana depelteau tweets", "calla walsh", "michelle wu", "dana depelteau linkedin"], "dana depelteau LGBT": ["when was lgbtq created", "lgbtq day", "lgbtq sexualities", "lgbt symbols"], "dana depelteau mayoral election": ["boston mayoral candidates 2021", "boston mayoral election 2020", "dana depelteau twitter", "boston mayoral election results", "boston mayoral candidates party affiliation", "boston mayoral primary election", "boston mayoral election 2021 polls", "boston mayoral candidates on the issues"], "dana depelteau MBTA": ["dana depelteau twitter", "dana depelteau black lives matter", "dana depelteau tweets", "calla walsh", "dana depelteau linkedin"], "dana depelteau net worth": ["dana depelteau black lives matter", "dana depelteau twitter", "dana depelteau tweets", "boston mayoral candidates 2021", "boston mayoral election 2020", "boston city council candidates 2021", "dana depelteau for mayor", "boston mayoral primary"], "dana depelteau partner": ["dana depelteau twitter", "dana depelteau tweets", "calla walsh", "dana depelteau linkedin"], "dana depelteau police": ["dana depelteau black lives matter", "dana depelteau twitter", "dana depelteau boston", "calla walsh parents", "dana depelteau tweets", "dana depelteau mayor", "calla walsh winsor school", "markeyverse"], "dana depelteau race": ["dana depelteau boston", "dana depelteau twitter", "boston mayoral race candidates 2021", "dana depelteau mayor", "calla walsh parents", "boston mayoral candidates party affiliation", "boston mayoral polls", "boston mayoral race primary"], "dana depelteau transportation": ["dana depelteau twitter", "dana depelteau boston", "calla walsh parents", "calla walsh winsor school", "calla walsh twitter", "markeyverse", "michelle wu"], "dana depelteau": ["dana depelteau black lives matter", "dana depelteau twitter", "dana depelteau tweets", "dana depelteau linkedin", "markeyverse", "michelle wu", "calla walsh"], "john barros background": ["john barros political party", "john barros party", "andrea campbell", "john barros dsni", "john barros boston mayor", "john barros high school", "kim janey", "john barros restaurant"], "john barros boston": ["john barros boston wikipedia", "john barros boston wife", "john barros wife", "john barros boston restaurant", "john barros boston political party", "john barros boston mayor", "john barros wiki", "jon santiago"], "john barros COVID": false, "john barros crime": false, "john barros Education": ["john barros political party", "john barros for mayor", "john barros wikipedia", "john barros age", "john barros wife", "john barros boston wikipedia", "john barros boston wife", "john barros high school"], "john barros endorsement": ["john barros wife", "john barros boston political party", "john barros boston wife", "john barros for mayor", "john barros wiki", "annissa essaibi george", "tchintcia barros"], "john barros for mayor": ["john barros for mayor website", "john barros political party", "john barros wife", "john barros wikipedia", "john barros family", "john barros endorsements", "john barros boston wikipedia", "john barros boston wife"], "john barros housing": ["john barros wife", "john barros for mayor", "john barros boston wife", "john barros political party", "john barros boston wikipedia", "john barros facebook"], "john barros LGBT": false, "john barros mayoral election": ["john barros political party", "john barros for mayor", "john barros wife", "john barros boston wikipedia", "john barros boston wife", "john barros wiki", "annissa essaibi george", "tchintcia barros"], "john barros MBTA": ["john barros wife", "john barros for mayor", "john barros boston wife", "john barros boston wikipedia", "john barros political party", "john barros wiki", "john barros age", "john barros family"], "john barros net worth": ["john barros wikipedia"], "john barros partner": ["john barros wikipedia", "john barros political party", "john barros family", "john barros boston wikipedia", "john barros boston wife", "john barros for mayor", "john barros bio", "andrea campbell"], "john barros police": false, "john barros race": ["john barros wife", "john barros political party", "john barros for mayor", "john barros boston wikipedia", "john barros boston wife", "john barros wiki", "andrea campbell", "annissa essaibi george"], "john barros transportation": false, "john barros": ["john barros wikipedia", "john barros political party", "john barros restaurant", "john barros wife", "john barros mayor", "john barros family", "john barros dsni", "john barros bio"], "jon santiago background": ["john barros", "jon santiago mayor", "jon santiago campaign manager", "jon santiago endorsements", "jon santiago wife alexandra", "jon santiago, md", "jon santiago photographer", "jon santiago facebook"], "jon santiago boston": ["jon santiago wife", "jon santiago boston globe", "jon santiago campaign", "jon santiago facebook", "jon santiago age", "jon santiago twitter", "jon santiago campaign manager", "jon santiago, md"], "jon santiago COVID": false, "jon santiago crime": false, "jon santiago Education": ["jon santiago photographer", "jon santiago wife", "jon santiago mayor", "jon santiago wife alexandra", "jon santiago campaign manager", "jon santiago age", "jon santiago facebook", "jon santiago, md"], "jon santiago endorsement": false, "jon santiago for mayor": ["jon santiago wife", "jon santiago campaign", "jon santiago twitter", "jon santiago campaign manager", "jon santiago endorsements", "jon santiago photographer", "jon santiago age", "jon santiago state representative"], "jon santiago housing": ["jon santiago wife", "jon santiago wife alexandra", "jon santiago mayor", "john barros", "jon santiago endorsements", "jon santiago campaign manager", "jon santiago, md", "jon santiago photographer"], "jon santiago LGBT": ["when was lgbtq created", "lgbtq day", "lgbtq sexualities", "lgbt shows"], "jon santiago mayoral election": ["jon santiago campaign manager", "jon santiago wife", "jon santiago endorsements", "jon santiago, md"], "jon santiago MBTA": ["jon santiago wife", "jon santiago wife alexandra", "jon santiago endorsements", "jon santiago campaign", "jon santiago photographer", "jon santiago mayor", "jon santiago twitter", "jon santiago age"], "jon santiago net worth": ["jon santiago wife", "jon santiago wife alexandra", "jon santiago endorsements", "jon santiago campaign manager", "john barros", "jon santiago boston", "jon santiago facebook", "jon santiago, md"], "jon santiago partner": ["jon santiago wife", "jon santiago wife alexandra", "jon santiago boston", "jon santiago instagram", "jon santiago facebook", "jon santiago, md", "jon santiago endorsements", "jon santiago boston globe"], "jon santiago police": ["jon santiago wife", "jon santiago wife alexandra", "jon santiago campaign", "jon santiago endorsements", "jon santiago mayor", "jon santiago state representative", "jon santiago campaign manager", "jon santiago age"], "jon santiago race": ["jon santiago campaign", "jon santiago wife", "jon santiago photographer", "jon santiago mayor", "jon santiago endorsements", "jon santiago campaign manager", "santiago mayer", "jon santiago age"], "jon santiago transportation": ["jon santiago campaign manager", "jon santiago wife", "jon santiago endorsements", "jon santiago wife alexandra", "jon santiago, md", "jon santiago boston", "jon santiago facebook", "jon santiago twitter"], "jon santiago": ["jon santiago wife", "jon santiago photographer", "jon santiago facebook", "jon santiago instagram", "jon santiago campaign", "jon santiago twitter", "jon santiago age", "jon santiago mayor"], "kim janey background": ["who is kim janey husband", "kim janey partner", "kim janey wikipedia", "kim janey campaign manager", "kim janey policies", "kim janey parents nationality", "kim janey family", "kim janey campaign headquarters"], "kim janey boston": ["kim janey partner", "kim janey campaign website", "kim janey campaign manager", "is kim janey married", "kim janey twitter", "kim janey staff", "kim janey policies", "boston mayor"], "kim janey COVID": ["boston mask mandate"], "kim janey crime": ["kim janey for mayor", "kim janey husband"], "kim janey Education": ["who is kim janey husband", "mayor janey", "kim janey net worth", "kim janey political views", "did kim janey graduate from smith college", "kim janey age", "kim janey partner", "kim janey parents nationality"], "kim janey endorsement": ["kim janey election", "kim janey staff", "kim janey views", "kim janey heart agenda", "kim janey campaign headquarters", "kim janey transition website", "kim janey campaign manager", "kim janey education"], "kim janey for mayor": ["kim janey campaign website", "kim janey partner", "kim janey campaign manager", "kim janey campaign headquarters", "mayor kim janey husband", "is mayor kim janey married", "kim janey political views", "how old is kim janey daughter"], "kim janey housing": ["kim janey campaign headquarters", "kim janey campaign website", "kim janey campaign manager", "kim janey partner", "kim janey for mayor", "kim janey parents nationality", "kim janey transition website", "kim janey family"], "kim janey LGBT": ["when was lgbtq created", "lgbtq day", "what does q mean in lgbtq"], "kim janey mayoral election": ["kim janey political views", "boston mayor kim janey husband", "mayor of boston 2020", "kim janey partner", "who is the mayor of boston", "mayor of boston polls", "mayor of boston election", "is mayor kim janey married"], "kim janey MBTA": ["who is kim janey husband", "kim janey age", "kim janey political views", "kim janey campaign website", "kim janey partner", "is kim janey married", "kim janey wikipedia", "kim janey policies"], "kim janey net worth": ["who is kim janey husband", "kim janey partner", "how old is kim janey daughter", "kim janey parents nationality", "kim janey wikipedia", "kim janey age", "kim janey policies", "did kim janey graduate from smith college"], "kim janey partner": ["who is kim janey husband", "kim janey net worth", "is mayor kim janey married", "how old is kim janey daughter", "kim janey parents nationality", "did kim janey graduate from smith college", "kim janey campaign website", "kim janey political views"], "kim janey police": false, "kim janey race": ["kim janey for mayor", "kim janey age", "who is kim janey husband", "kim janey partner", "kim janey campaign", "kim janey political views", "kim janey family", "is kim janey married"], "kim janey transportation": false, "kim janey": ["kim janey political views", "kim janey wikipedia", "mayor kim janey", "is kim janey married", "kim janey campaign manager", "kim janey family", "who is kim janey husband", "kim janey partner"], "michael bianchi background": false, "michael bianchi boston": ["michael bianchi boston city council", "michael bianchi boston mayor", "liz breadon", "michael bianchi district 9", "michael bianchi brighton ma", "eric porter boston", "eric porter boston city council", "sarah iwany"], "michael bianchi COVID": ["michael bianchi boston mayor"], "michael bianchi crime": false, "michael bianchi Education": ["david halbert", "michael bianchi boston city council", "michael bianchi district 9", "michael j bianchi ii", "michael bianchi brighton ma", "eric porter boston city council", "michael bianchi boston mayor"], "michael bianchi endorsement": ["michael bianchi boston city council", "david halbert", "michael bianchi for city council", "liz breadon", "michael bianchi district 9", "michael j bianchi ii", "michael bianchi brighton ma", "michael bianchi mayor"], "michael bianchi for mayor": ["michael bianchi for city council", "david halbert", "liz breadon", "michael j bianchi ii", "sarah iwany", "eric porter boston city council", "bianchi road bike"], "michael bianchi housing": ["michael bianchi boston city council", "david halbert", "liz breadon", "michael j bianchi ii", "eric porter boston city council", "michael bianchi for city council", "michael bianchi brighton ma", "michael bianchi boston mayor"], "michael bianchi LGBT": false, "michael bianchi mayoral election": ["liz breadon", "michael bianchi boston city council", "michael bianchi brighton ma", "michael bianchi district 9", "eric porter boston city council", "michael j bianchi ii", "david halbert", "sarah iwany"], "michael bianchi MBTA": ["michael bianchi boston", "michael bianchi boston city council", "david halbert", "michael bianchi district 9", "eric porter boston city council", "michael bianchi brighton ma", "liz breadon boston city council"], "michael bianchi net worth": false, "michael bianchi partner": ["michael bianchi boston city council", "michael bianchi district 9", "michael bianchi mayor", "michael j bianchi ii", "eric porter boston city council", "michael bianchi brighton ma", "david halbert", "michael bianchi for city council"], "michael bianchi police": ["michael bianchi boston", "david halbert", "michael bianchi boston city council", "michael bianchi district 9", "michael bianchi brighton ma", "michael j bianchi ii", "sarah iwany"], "michael bianchi race": ["michael bianchi boston city council", "david halbert", "michael j bianchi ii", "liz breadon", "michael bianchi brighton ma", "michael bianchi district 9", "sarah iwany", "eric porter boston city council"], "michael bianchi transportation": false, "michael bianchi": ["michael bianchi boston", "michael bianchi actor", "michael bianchi obituary", "michael bianchi boston city council", "michael bianchi district 9", "david halbert", "michael bianchi boston mayor", "michael j bianchi ii"], "michelle wu background": ["michelle wu salary", "michelle wu family", "is michelle wu related to janet wu", "michelle wu mother", "michelle wu parents", "michelle wu wikipedia", "michelle wu father", "michelle wu policies"], "michelle wu boston": ["michelle wu boston globe", "where does michelle wu live", "michelle wu boston mayor platform", "michelle wu campaign", "michelle wu boston mayor family", "michelle wu campaign staff", "michelle wu boston mayor bio", "michelle wu endorsements"], "michelle wu COVID": false, "michelle wu crime": ["michelle wu husband", "michelle wu transportation", "michelle wu opioid", "michelle wu donors", "michelle wu signature collection", "michelle wu events", "michelle wu child care", "michelle wu speech"], "michelle wu Education": ["michelle wu education plan", "michelle wu family", "michelle wu salary", "where does michelle wu live", "michelle wu siblings", "michelle wu endorsements", "michelle wu mother", "where was michelle wu (born)"], "michelle wu endorsement": ["andrea campbell endorsements", "michelle wu husband", "michelle wu salary", "michelle wu political party", "michelle wu campaign staff", "michelle wu instagram", "michelle wu family", "michelle wu boston globe"], "michelle wu for mayor": ["michelle wu for mayor jobs", "michelle wu boston husband", "michelle wu political party", "where does michelle wu live", "michelle wu salary", "michelle wu campaign staff", "michelle wu endorsements", "michelle wu policies"], "michelle wu housing": ["where does michelle wu live", "michelle wu endorsement", "michelle wu accomplishments", "michelle wu boston globe", "michelle wu - real estate", "michelle wu transportation", "michelle wu events", "michelle wu education plan"], "michelle wu LGBT": ["when was lgbtq created"], "michelle wu mayoral election": ["michelle wu mayor husband", "mayor of boston 2020", "michelle wu boston mayor platform", "michelle wu boston mayor family", "is michelle wu a progressive", "michelle wu boston mayor bio"], "michelle wu MBTA": ["michelle wu free the t", "michelle wu tv ad", "michelle wu endorsement", "michelle wu husband", "michelle wu opioid", "michelle wu mother", "michelle wu, boston mayor", "michelle wu climate plan"], "michelle wu net worth": ["conor pewarski net worth", "michelle wu boston husband", "annissa essaibi george net worth", "michelle wu family", "where does michelle wu live", "michelle wu children"], "michelle wu partner": ["michelle wu family", "where does michelle wu live", "is michelle wu married", "is michelle wu related to janet wu", "michelle wu children", "michelle wu salary", "michelle wu polls", "michelle wu endorsements"], "michelle wu police": ["michelle wu husband", "michelle wu endorsement", "michelle wu policies", "michelle wu accomplishments", "michelle wu child care", "michelle wu opioid", "michelle wu transportation", "michelle wu events"], "michelle wu race": ["michelle wu boston husband", "michelle wu salary", "michelle wu campaign staff", "michelle wu endorsements", "where does michelle wu live", "michelle wu polls", "michelle wu children", "michelle wu policies"], "michelle wu transportation": ["michelle wu signature collection", "michelle wu husband", "michelle wu salary", "michelle wu free the t", "michelle wu mother", "michelle wu accomplishments", "michelle wu tv ad", "michelle wu wikipedia"], "michelle wu": ["michelle wu instagram", "michelle wu salary", "michelle wu polls", "where does michelle wu live", "michelle wu campaign staff", "michelle wu endorsements", "michelle wu policies", "michelle wu campaign manager"]}