{"andrea campbell background": ["andrea campbell father", "andrea campbell family", "andrea campbell brother", "andrea campbell wikipedia", "andrea campbell parents", "andrea campbell husband", "andrea campbell twin brother", "andrea campbell brothers"], "andrea campbell boston": ["andrea campbell boston husband", "andrea campbell boston brother", "andrea campbell boston latin school", "andrea campbell boston public schools", "andrea campbell boston platform", "andrea campbell mit", "andrea campbell brother andre", "andrea campbell family"], "andrea campbell COVID": ["andrea campbell twitter", "andrea campbell mass and cass"], "andrea campbell crime": ["andrea campbell husband", "andrea campbell bio", "andrea campbell twin brother", "andrea campbell family", "andrea campbell brother andre", "andrea campbell wikipedia", "andrea campbell age", "andrea campbell father"], "andrea campbell Education": ["andrea campbell family", "andrea campbell bio", "andrea campbell brother andre", "andrea campbell father", "andrea campbell husband", "andrea campbell wikipedia", "andrea campbell princeton", "andrea campbell education plan"], "andrea campbell endorsement": ["andrea campbell husband", "andrea campbell husband, matthew", "andrea campbell bio", "andrea campbell father", "andrea campbell family", "andrea campbell twin brother", "andrea campbell campaign manager", "andrea campbell princeton"], "andrea campbell for mayor": ["andrea campbell bio", "andrea campbell campaign manager", "andrea campbell brother andre", "andrea campbell brothers", "andrea campbell princeton", "andrea campbell father", "andrea campbell parents", "andrea campbell city council"], "andrea campbell housing": ["andrea campbell husband, matthew", "andrea campbell father", "andrea campbell family", "andrea campbell brother andre", "andre campbell obituary", "andrea campbell bio", "andrea campbell twin brother", "andrea campbell endorsements"], "andrea campbell LGBT": ["when was lgbtq created", "lgbtq meaning of each letter", "lgbtq sexualities", "lgbtq day"], "andrea campbell mayoral election": ["andrea campbell brother andre", "andrea campbell family", "andrea campbell for mayor", "andrea campbell campaign manager", "andrea campbell twin brother", "andrea campbell husband", "andrea campbell husband, matthew", "andrea campbell bio"], "andrea campbell MBTA": ["andrea campbell bio", "andrea campbell boston husband", "andrea campbell brother andre", "andrea campbell family", "andrea campbell twin brother", "andrea campbell father", "andrea campbell campaign manager", "andrea campbell wikipedia"], "andrea campbell net worth": ["andrea campbell family", "andrea campbell husband", "andrea campbell twin brother", "andrea campbell husband, matthew", "andrea campbell wikipedia", "andrea campbell father", "andrea campbell brother", "andrea campbell bio"], "andrea campbell partner": ["andrea campbell brother", "andrea campbell husband, matthew", "andrea campbell obituary", "andrea campbell events", "andrea campbell campaign manager", "andrea campbell endorsements", "andrea campbell for mayor", "andrea campbell princeton"], "andrea campbell police": ["andrea campbell police union", "andrea campbell husband", "andrea campbell brother", "andrea campbell family", "andrea campbell obituary", "andrea campbell events", "andrea campbell brother andre", "andrea campbell endorsements"], "andrea campbell race": ["andrea campbell father", "andrea campbell husband", "andrea campbell family", "andrea campbell bio", "andrea campbell twin brother", "andrea campbell brother", "andrea campbell husband, matthew", "andrea campbell wikipedia"], "andrea campbell transportation": ["andrea campbell campaign manager", "andrea campbell campaign jobs", "andrea campbell boston public schools", "andrea campbell events", "andrea campbell brother", "andrea campbell family", "andrea campbell housing", "andrea campbell covid"], "andrea campbell": ["andrea campbell father", "andrea campbell husband", "andrea campbell brother", "andrea campbell brother andre", "andrea campbell bio", "andrea campbell wikipedia", "andrea campbell campaign", "andrea campbell campaign manager"], "annissa essaibi george background": ["annissa essaibi george father", "annissa essaibi george mayor", "annissa essaibi george campaign", "annissa essaibi george staff", "annissa essaibi george campaign website", "annissa essaibi george campaign manager", "annissa essaibi george boston globe", "doug george"], "annissa essaibi george boston": ["annissa essaibi george father", "annissa essaibi george family", "boston city council elections 2021", "annissa essaibi george website", "annissa essaibi george boston globe", "andrea campbell boston", "annissa essaibi george wiki", "michelle wu"], "annissa essaibi george COVID": false, "annissa essaibi george crime": ["annissa essaibi george endorsements", "annissa essaibi george campaign manager"], "annissa essaibi george Education": ["annissa essaibi george staff", "annissa essaibi george website", "annissa essaibi george mayor", "annissa essaibi george twitter", "annissa essaibi george family", "annissa essaibi george facebook", "annissa essaibi george father", "annissa essaibi george wiki"], "annissa essaibi george endorsement": ["annissa essaibi george campaign manager", "annissa essaibi george twitter", "annissa essaibi george family", "annissa essaibi george wiki", "boston globe annissa essaibi george"], "annissa essaibi george for mayor": ["kim janey for mayor", "annissa george", "annissa essaibi george campaign manager", "doug george", "annissa essaibi george campaign website", "annissa essaibi george endorsements", "annissa essaibi george family", "annissa essaibi george boston globe"], "annissa essaibi george housing": ["annissa george", "annissa essaibi george mayor", "annissa essaibi george endorsements", "annissa essaibi george campaign website", "annissa essaibi george twitter", "annissa essaibi george staff", "annissa essaibi george campaign manager", "annissa essaibi george website"], "annissa essaibi george LGBT": false, "annissa essaibi george mayoral election": ["annissa essaibi george twitter", "annissa essaibi george campaign website", "jon santiago", "annissa essaibi george endorsements", "annissa essaibi george campaign manager", "annissa essaibi george father", "annissa essaibi george family", "annissa essaibi george facebook"], "annissa essaibi george MBTA": ["annissa essaibi george boston globe", "annissa essaibi george twitter", "michelle wu", "boston city council elections 2021", "annissa essaibi george campaign website", "annissa essaibi george staff", "annissa essaibi george father", "boston city council members"], "annissa essaibi george net worth": ["annissa essaibi george father", "annissa essaibi george endorsements", "annissa essaibi george mayor", "annissa for boston", "annissa essaibi george staff", "annissa essaibi george twitter", "doug george", "annissa essaibi george website"], "annissa essaibi george partner": ["annissa essaibi george father", "annissa essaibi george family", "annissa george", "annissa essaibi george twitter", "annissa essaibi george staff", "annissa essaibi george endorsements", "annissa essaibi george campaign manager", "annissa essaibi george website"], "annissa essaibi george police": ["annissa essaibi george endorsements", "annissa essaibi george twitter", "annissa essaibi george campaign manager", "annissa essaibi george wiki", "annissa essaibi george family"], "annissa essaibi george race": ["annissa essaibi george father", "annissa essaibi george staff", "annissa essaibi george mayor", "annissa essaibi george twitter", "annissa essaibi george endorsements", "boston mayoral race", "annissa essaibi george family", "annissa essaibi george campaign website"], "annissa essaibi george transportation": ["annissa essaibi george staff", "annissa essaibi george father", "annissa essaibi george mayor", "annissa essaibi george website", "annissa essaibi george endorsements", "annissa essaibi george twitter", "annissa essaibi george campaign website", "annissa essaibi george campaign manager"], "annissa essaibi george": ["annissa essaibi george father", "annissa essaibi george family", "annissa essaibi george website", "annissa essaibi george wiki", "annissa essaibi george mayor", "annissa essaibi george facebook", "annissa essaibi george endorsements", "annissa essaibi george campaign manager"], "boston mayor candidates": ["boston mayoral election candidates", "boston mayoral election 2020", "boston elections, 2021", "boston mayoral election results", "boston mayoral primary election", "boston mayoral candidates on the issues", "boston mayoral race candidates", "boston mayoral race poll"], "boston mayoral election": ["boston mayoral election 2020", "boston mayoral election results", "boston mayoral polls", "boston mayoral election primary", "boston mayoral election polls", "boston mayoral election candidates", "2017 boston mayoral election", "boston mayoral primary 2021"], "dana depelteau background": ["dana depelteau black lives matter", "john barros", "dana depelteau twitter", "calla walsh", "michael j. bianchi ii", "boston city council elections 2021", "michelle wu", "boston elections, 2021"], "dana depelteau boston": ["dana depelteau black lives matter", "dana depelteau twitter", "dana depelteau tweets", "dana depelteau for mayor", "michelle wu", "calla walsh", "annissa essaibi george"], "dana depelteau COVID": ["dana depelteau twitter", "dana depelteau black lives matter", "dana depelteau tweets", "michelle wu", "calla walsh", "annissa essaibi george"], "dana depelteau crime": ["dana depelteau black lives matter", "dana depelteau twitter", "dana depelteau boston", "dana depelteau mayor", "michelle wu", "calla walsh", "annissa essaibi george"], "dana depelteau Education": ["dana depelteau black lives matter", "dana depelteau twitter", "dana depelteau tweets", "calla walsh", "michelle wu", "annissa essaibi george"], "dana depelteau endorsement": ["boston mayoral candidates 2021", "2021 boston mayoral election", "boston mayoral election 2020", "boston city council candidates 2021", "boston elections, 2021", "boston mayoral debate 2021", "boston mayoral election 2021 candidates", "boston mayoral poll 2021"], "dana depelteau for mayor": ["dana depelteau twitter", "dana depelteau black lives matter", "dana depelteau tweets", "calla walsh", "annissa essaibi george", "michelle wu"], "dana depelteau housing": ["dana depelteau black lives matter", "dana depelteau twitter", "dana depelteau tweets", "calla walsh", "calla walsh parents", "michelle wu", "annissa essaibi george"], "dana depelteau LGBT": ["when was lgbtq created", "lgbtq meaning of each letter", "lgbtq sexualities", "lgbtq day"], "dana depelteau mayoral election": ["boston mayoral candidates 2021", "boston mayoral election 2020", "dana depelteau twitter", "boston mayoral election results", "boston mayoral election 2021 candidates", "boston mayoral election candidates", "boston mayoral polls", "boston elections, 2021"], "dana depelteau MBTA": ["dana depelteau twitter", "dana depelteau tweets", "calla walsh", "annissa essaibi george", "michelle wu"], "dana depelteau net worth": ["dana depelteau black lives matter", "dana depelteau twitter", "boston elections, 2021", "dana depelteau tweets", "when is boston mayoral election 2021", "boston mayoral candidates 2021", "boston mayoral polls", "boston city council elections 2021"], "dana depelteau partner": ["dana depelteau black lives matter", "dana depelteau twitter", "calla walsh"], "dana depelteau police": ["dana depelteau black lives matter", "dana depelteau twitter", "dana depelteau boston", "dana depelteau mayor", "calla walsh parents", "michelle wu", "annissa essaibi george", "markeyverse"], "dana depelteau race": ["dana depelteau black lives matter", "kim janey for mayor", "dana depelteau twitter", "boston city council elections 2021", "boston elections, 2021", "boston mayoral race", "boston mayoral candidates 2021", "boston mayoral election 2020"], "dana depelteau transportation": ["dana depelteau black lives matter", "dana depelteau twitter", "dana depelteau for mayor", "calla walsh parents", "michelle wu"], "dana depelteau": ["dana depelteau black lives matter", "dana depelteau twitter", "dana depelteau party", "calla walsh", "dana depelteau linkedin", "dana depelteau tweets", "michelle wu", "annissa essaibi george"], "john barros background": ["john barros for mayor website", "john barros ethnicity", "john barros political party", "john barros website", "john barros education", "john barros family", "john barros boston bio", "john barros party"], "john barros boston": ["john barros boston wikipedia", "john barros boston wife", "john barros boston restaurant", "john barros boston mayor", "john barros wife", "john barros boston bio", "john barros boston globe", "john barros for mayor website"], "john barros COVID": ["john barros boston wikipedia", "john barros for mayor website", "john barros wife", "john barros boston mayor", "john barros boston restaurant", "john barros wikipedia", "john barros political party", "john barros bc high"], "john barros crime": ["john barros boston wikipedia", "john barros wife", "john barros for mayor website", "john barros bio", "john barros wikipedia", "john barros twitter", "john barros campaign", "john barros political party"], "john barros Education": ["john barros for mayor website", "john barros boston wikipedia", "john barros wife", "john barros political party", "john barros wikipedia", "john barros bio", "john barros age", "john barros high school"], "john barros endorsement": ["john barros for mayor website", "john barros, boston", "john barros wife", "john barros political party", "john barros bc high", "john barros boston wikipedia", "john barros boston mayor", "john barros mayor 2021"], "john barros for mayor": ["john barros for mayor website", "john barros wife", "john barros boston mayor", "john barros political party", "john barros boston wikipedia", "john barros mayor 2021", "john barros wikipedia", "john barros bio"], "john barros housing": ["john barros for mayor website", "john barros wife", "john barros family", "john barros bio", "john barros political party", "john barros bc high", "john barros boston wikipedia", "john barros wikipedia"], "john barros LGBT": ["when was lgbtq created", "lgbtq meaning of each letter", "lgbtq sexualities", "lgbtq day"], "john barros mayoral election": ["john barros for mayor", "john barros political party", "john barros for mayor website", "john barros mayor 2021", "john barros boston wikipedia", "john barros boston mayor", "john barros wife", "john barros bio"], "john barros MBTA": ["john barros for mayor website", "john barros boston wikipedia", "john barros wife", "john barros boston wife", "john barros political party", "john barros bio", "john barros bc high", "john barros restaurant"], "john barros net worth": ["john barros wife", "john barros wikipedia", "john barros age", "john barros bio", "john barros restaurant", "john barros bc high", "john barros education", "andrea campbell"], "john barros partner": ["john barros wife", "john barros wikipedia", "john barros family", "john barros political party", "john barros boston wikipedia", "john barros bio", "john barros for mayor website", "john barros campaign"], "john barros police": ["jon santiago", "john barros wife", "john barros bc high", "john barros boston wikipedia", "john barros for mayor website", "john barros bio", "john barros twitter", "john barros political party"], "john barros race": ["john barros wikipedia", "john barros family", "john barros for mayor website", "john barros bio", "john barros wife", "john barros political party", "john barros campaign", "john barros boston wikipedia"], "john barros transportation": ["john barros for mayor website", "john barros boston wikipedia", "john barros political party", "john barros mayor boston", "john barros wife", "john barros website", "john barros wiki", "john barros bio"], "john barros": ["john barros boston wikipedia", "john barros wife", "john barros restaurant", "john barros wiki", "john barros boston restaurant", "john barros boston globe", "john barros twitter", "john barros for mayor website"], "jon santiago background": ["john barros", "jon santiago wife", "jon santiago mayor", "jon santiago campaign manager", "jon santiago endorsements", "jon santiago photographer", "jon santiago high school", "jon santiago age"], "jon santiago boston": ["jon santiago wife", "jon santiago boston mayor", "jon santiago boston globe", "jon santiago boston twitter", "jon santiago age", "jon santiago endorsements", "jon santiago high school", "dr jon santiago boston medical center"], "jon santiago COVID": ["jon santiago linkedin"], "jon santiago crime": ["santiago chile", "where is santiago"], "jon santiago Education": ["jon santiago photographer", "jon santiago wife", "is jon santiago married", "jon santiago bio", "john barros", "jon santiago mayor", "jon santiago age", "jon santiago high school"], "jon santiago endorsement": ["jon santiago campaign manager", "jon santiago for mayor"], "jon santiago for mayor": ["jon santiago wife", "jon santiago boston mayor", "jon santiago campaign manager", "jon santiago photographer", "jon santiago representative", "jon santiago endorsements", "jon santiago state representative", "john barros"], "jon santiago housing": ["jon santiago wife", "is jon santiago married", "john barros", "jon santiago photographer", "jon santiago mayor", "jon santiago wife alexandra", "jon santiago endorsements", "jon santiago campaign manager"], "jon santiago LGBT": ["when was lgbtq created", "lgbtq meaning of each letter", "lgbtq sexualities", "lgbtq day"], "jon santiago mayoral election": false, "jon santiago MBTA": ["jon santiago wife", "jon santiago boston globe", "jon santiago wife alexandra", "jon santiago photographer", "jon santiago high school", "is jon santiago married", "jon santiago endorsements", "jon santiago age"], "jon santiago net worth": ["jon santiago wife", "jon santiago campaign manager", "jon santiago endorsements", "jon santiago high school", "jon santiago wife alexandra", "john barros", "jon santiago age", "is jon santiago married"], "jon santiago partner": ["jon santiago wife alexandra", "jon santiago campaign manager", "jon santiago mayor", "jon santiago endorsements", "jon santiago boston globe", "jon santiago boston mayor", "how old is jon santiago", "john barros"], "jon santiago police": ["jon santiago wife", "jon santiago wife alexandra", "jon santiago state representative", "jon santiago endorsements", "jon santiago mayor", "jon santiago photographer", "jon santiago campaign manager", "jon santiago boston mayor"], "jon santiago race": false, "jon santiago transportation": ["jon santiago campaign manager", "jon santiago wife", "jon santiago mayor", "jon santiago endorsements", "jon santiago wife alexandra", "john barros, boston", "jon santiago representative", "jon santiago boston globe"], "jon santiago": ["jon santiago wife", "jon santiago photographer", "is jon santiago married", "jon santiago high school", "jon santiago boston globe", "jon santiago age", "jon santiago mayor", "jon santiago linkedin"], "kim janey background": ["kim janey daughter", "who is kim janey husband", "kim janey for mayor", "kim janey campaign", "kim janey policies", "kim janey campaign website", "kim janey daughter age", "kim janey political views"], "kim janey boston": ["kim janey husband", "kim janey campaign website", "kim janey age", "kim janey partner", "kim janey for mayor", "kim janey political views", "kim janey for mayor campaign", "kim janey net worth"], "kim janey COVID": false, "kim janey crime": ["kim janey for mayor", "kim janey husband", "kim janey boston herald", "kim janey brother", "kim janey press conference", "marty walsh"], "kim janey Education": ["kim janey smith college", "kim janey, boston mayor", "kim janey reading memorial high school", "who is kim janey husband", "kim janey for mayor campaign", "kim janey political views", "kim janey campaign website", "kim janey for mayor"], "kim janey endorsement": ["kim janey for mayor", "kim janey campaign website", "kim janey election", "kim janey staff", "kim janey transition team", "kim janey chief of staff", "kim janey age", "kim janey, boston mayor"], "kim janey for mayor": ["kim janey for mayor campaign", "kim janey campaign website", "kim janey partner", "kim janey political views", "kim janey campaign manager", "kim janey running for mayor", "kim janey daughter", "kim janey smith college"], "kim janey housing": ["kim janey campaign", "kim janey for mayor", "kim janey election", "kim janey campaign manager", "kim janey husband", "kim janey age", "kim janey partner", "kim janey issues"], "kim janey LGBT": false, "kim janey mayoral election": ["kim janey for mayor", "kim janey for mayor campaign", "boston mayoral election", "kim janey running for mayor", "kim janey partner", "kim janey campaign website", "kim janey husband", "mayor janey"], "kim janey MBTA": ["kim janey for mayor", "kim janey husband", "kim janey age", "kim janey daughter", "kim janey campaign", "kim janey election", "kim janey issues", "kim janey staff"], "kim janey net worth": ["kim janey partner", "who is kim janey husband", "kim janey daughter", "kim janey age", "kim janey wikipedia", "kim janey daughter age", "kim janey parents nationality", "is kim janey married"], "kim janey partner": ["who is kim janey husband", "is kim janey married", "kim janey daughter", "kim janey brother", "kim janey smith college", "kim janey age", "kim janey, boston mayor", "kim janey parents nationality"], "kim janey police": false, "kim janey race": ["kim janey for mayor", "kim janey age", "kim janey campaign", "kim janey partner", "kim janey political views", "kim janey daughter age", "kim janey husband", "is kim janey married?"], "kim janey transportation": false, "kim janey": ["kim janey political views", "kim janey for mayor", "kim janey husband", "kim janey age", "kim janey for mayor campaign", "kim janey campaign", "kim janey daughter", "kim janey partner"], "michael bianchi background": ["michael bianchi boston", "michael bianchi mayor", "michael bianchi brighton ma", "michael bianchi boston mayor"], "michael bianchi boston": ["michael bianchi brighton ma", "michael bianchi boston mayor", "michael bianchi mayor"], "michael bianchi COVID": ["michael bianchi boston", "michael bianchi boston mayor", "michael bianchi brighton ma", "michael bianchi mayor"], "michael bianchi crime": false, "michael bianchi Education": ["michael bianchi boston", "michael bianchi brighton ma", "michael bianchi boston mayor", "michael bianchi mayor"], "michael bianchi endorsement": false, "michael bianchi for mayor": ["michael bianchi brighton ma", "michael bianchi boston mayor", "bianchi road bike"], "michael bianchi housing": false, "michael bianchi LGBT": ["when was lgbtq created", "lgbtq day", "lgbtq sexualities", "lgbtq meaning of each letter"], "michael bianchi mayoral election": ["michael bianchi boston", "michael bianchi brighton ma", "michael bianchi boston mayor"], "michael bianchi MBTA": ["michael bianchi brighton ma", "michael bianchi mayor", "michael bianchi boston mayor"], "michael bianchi net worth": false, "michael bianchi partner": false, "michael bianchi police": false, "michael bianchi race": ["michael bianchi boston", "michael bianchi mayor", "michael bianchi brighton ma", "michael bianchi boston mayor", "bianchi road bike"], "michael bianchi transportation": false, "michael bianchi": ["michael bianchi boston", "michael bianchi boston mayor", "michael bianchi mayor", "michael bianchi brighton ma"], "michelle wu background": ["michelle wu email", "michelle wu family", "michelle wu mother", "michelle wu siblings", "michelle wu instagram", "michelle wu twitter", "michelle wu linkedin", "michelle wu mayor"], "michelle wu boston": ["michelle wu instagram", "michelle wu boston college", "michelle wu boston globe", "michelle wu family", "michelle wu boston public schools", "michelle wu linkedin", "michelle wu email", "michelle wu wikipedia"], "michelle wu COVID": ["michelle wu chinatown"], "michelle wu crime": ["michelle wu announcement", "michelle wu housing", "michelle wu events", "michelle wu child care", "michelle wu siblings", "michelle wu election", "michelle wu mother", "michelle wu campaign"], "michelle wu Education": ["michelle wu education plan", "michelle wu election", "michelle wu endorsements", "michelle wu salary", "michelle wu mayor", "michelle wu campaign staff", "michelle wu policies", "michelle wu family"], "michelle wu endorsement": ["michelle wu instagram", "michelle wu election", "andrea campbell endorsements", "michelle wu family", "michelle wu policies", "michelle wu twitter", "michelle wu husband", "michelle wu mayor"], "michelle wu for mayor": ["michelle wu campaign staff", "michelle wu twitter", "michelle wu endorsements", "michelle wu boston husband", "michelle wu linkedin", "michelle wu siblings", "michelle wu family", "michelle wu campaign manager"], "michelle wu housing": ["michelle wu child care", "michelle wu announcement", "michelle wu transportation", "michelle wu endorsements", "michelle wu mbta", "michelle wu election", "michelle wu small business", "michelle wu airbnb"], "michelle wu LGBT": ["when was lgbtq created", "lgbtq meaning of each letter", "lgbtq sexualities", "lgbtq day"], "michelle wu mayoral election": ["michelle wu election", "michelle wu husband", "michelle wu twitter", "michelle wu instagram", "michelle wu family", "michelle wu campaign staff", "michelle wu endorsements", "michelle wu wikipedia"], "michelle wu MBTA": ["michelle wu instagram", "michelle wu free transit", "michelle wu twitter", "michelle wu transportation", "michelle wu election", "michelle wu housing", "michelle wu announcement", "michelle wu child care"], "michelle wu net worth": ["michelle wu boston husband", "michelle wu instagram", "michelle wu family", "michelle wu age", "where does michelle wu live", "michelle wu siblings", "michelle wu mother", "michelle wu wikipedia"], "michelle wu partner": ["michelle wu instagram", "michelle wu family", "where does michelle wu live", "michelle wu siblings", "michelle wu mayor", "michelle wu wikipedia", "michelle wu age", "michelle wu twitter"], "michelle wu police": ["michelle wu election", "michelle wu announcement", "michelle wu child care", "michelle wu east boston", "michelle wu endorsements", "michelle wu dsa", "michelle wu policies", "michelle wu chinatown"], "michelle wu race": ["michelle wu boston husband", "michelle wu mother", "michelle wu instagram", "michelle wu family", "michelle wu jobs", "michelle wu siblings", "michelle wu mayor", "michelle wu twitter"], "michelle wu transportation": ["michelle wu free transit", "michelle wu housing", "michelle wu election", "michelle wu free the t", "michelle wu announcement", "michelle wu dsa", "michelle wu instagram", "michelle wu accomplishments"], "michelle wu": ["michelle wu wikipedia", "michelle wu dsa", "michelle wu housing", "michelle wu linkedin", "michelle wu instagram", "michelle wu twitter", "michelle wu announcement", "michelle wu for mayor"]}