{"boston mayoral election": ["boston mayoral election results", "boston mayoral election polls", "boston mayoral election 2021 polls", "2017 boston mayoral election", "boston mayoral candidates party affiliation", "boston mayoral candidates on the issues", "boston mayoral candidates comparison", "michelle wu, boston mayor", "boston mayoral candidates"], "boston mayor candidates": ["boston mayoral candidates platforms", "boston mayoral candidates quiz", "boston mayoral election results", "boston mayoral candidates party affiliation", "boston mayoral polls 2021", "boston mayoral candidates on the issues", "boston mayoral candidates comparison", "boston mayoral candidates endorsements", "boston mayoral polls"], "michelle wu": ["michelle wu boston husband", "michelle wu family", "michelle wu polls", "michelle wu salary", "where does michelle wu live", "michelle wu wiki", "michelle wu siblings", "michelle wu political party", "michelle wu husband"], "andrea campbell": ["andrea campbell wikipedia", "andrea campbell bio", "who is andrea campbell husband", "andrea campbell father", "andrea campbell brother", "andrea campbell family", "andrea campbell twin brother", "andrea campbell parents", "andrea campbell husband"], "dana depelteau": ["dana depelteau black lives matter", "dana depelteau linkedin", "michelle wu", "dana depelteau twitter", "dana depelteau tweets", "calla walsh", "markeyverse"], "annissa essaibi george": ["annissa essaibi george net worth", "annissa essaibi george bio", "annissa essaibi george parents", "annissa essaibi george ethnicity", "annissa essaibi george father", "annissa essaibi george religion", "annissa essaibi george twitter", "annissa essaibi george website", "annissa essaibi george husband"], "jon santiago": ["jon santiago photographer", "jon santiago instagram", "jon santiago wife", "jon santiago age", "jon santiago campaign", "jon santiago mayor", "jon santiago facebook", "john barros", "boston globe"], "kim janey": ["kim janey political views", "who is kim janey husband", "kim janey wikipedia", "kim janey campaign", "kim janey net worth", "kim janey campaign website", "kim janey policies", "kim janey partner", "kim janey husband"], "michael bianchi": ["michael bianchi boston", "michael bianchi actor", "michael bianchi obituary", "michael bianchi boston city council", "michael bianchi boston mayor", "david halbert", "michael bianchi district 9", "michael bianchi brighton ma", "Liz Breadon Homeopathy", "eric porter boston city council"], "john barros": ["john barros wikipedia", "john barros political party", "john barros restaurant", "john barros boston wikipedia", "john barros wife", "john barros mayor", "john barros family", "john barros dsni", "boston mayor"], "michelle wu boston": ["michelle wu boston husband", "michelle wu boston globe", "michelle wu boston mayor age", "michelle wu family", "where does michelle wu live", "michelle wu siblings", "michelle wu political party", "michelle wu boston mayor party", "andrea campbell boston"], "andrea campbell boston": ["andrea campbell boston husband", "andrea campbell boston brother", "andrea campbell boston father", "andrea campbell father", "andrea campbell twin brother", "andrea campbell family", "andrea campbell bio", "andrea campbell wikipedia", "boston mayor"], "dana depelteau boston": ["dana depelteau twitter", "dana depelteau black lives matter", "dana depelteau tweets", "michelle wu", "markeyverse", "dana depelteau linkedin"], "annissa essaibi george boston": ["annissa essaibi george net worth", "annissa essaibi george boston globe", "annissa essaibi george bio", "annissa essaibi george parents", "annissa essaibi george website", "annissa essaibi george ethnicity", "annissa essaibi george father", "annissa essaibi george staff"], "jon santiago boston": ["jon santiago boston globe", "jon santiago wife", "jon santiago campaign", "jon santiago campaign manager", "jon santiago twitter", "jon santiago endorsements", "jon santiago facebook", "jon santiago wife alexandra"], "kim janey boston": ["kim janey campaign website", "kim janey age", "kim janey campaign headquarters", "kim janey political views", "kim janey partner", "kim janey net worth", "kim janey campaign manager", "kim janey twitter", "kim janey husband"], "michael bianchi boston": ["michael bianchi boston mayor", "michael bianchi brighton ma", "michael j bianchi boston city council", "eric porter boston", "liz breadon", "michael bianchi district 9", "eric porter boston city council", "sarah iwany"], "john barros boston": ["john barros boston wikipedia", "john barros boston wife", "john barros boston mayor", "john barros boston restaurant", "john barros boston political party", "john barros wife", "john barros wiki", "john barros restaurant", "Annissa Essaibi George", "andrea campbell boston"], "michelle wu mayoral election": ["michelle wu mayor husband", "michelle wu election results", "michelle wu boston husband", "mayor of boston 2020", "michelle wu boston mayor party", "michelle wu boston mayor platform", "michelle wu boston mayor family", "michelle wu boston mayor bio"], "andrea campbell mayoral election": ["who is andrea campbell husband", "andrea campbell brother andre", "andrea campbell campaign manager", "andrea campbell family", "andrea campbell twin brother", "andrea campbell bio", "andrea campbell father", "andrea campbell husband matthew"], "dana depelteau mayoral election": ["boston mayoral candidates 2021", "boston mayoral election 2020", "dana depelteau twitter", "boston mayoral election results", "boston mayoral candidates party affiliation", "boston mayoral primary election", "boston mayoral election 2021 polls", "boston mayoral candidates on the issues"], "annissa essaibi george mayoral election": ["conor pewarski", "boston mayoral election", "boston mayoral election results", "michelle wu", "michelle wu political party", "kim janey", "michelle wu family", "annissa essaibi george boston globe"], "jon santiago mayoral election": ["jon santiago campaign manager", "jon santiago wife", "jon santiago endorsements", "jon santiago, md"], "kim janey mayoral election": ["kim janey political views", "mayor of boston election", "boston mayoral election results", "mayor of boston 2020", "kim janey partner", "who is the mayor of boston", "boston mayor kim janey husband", "mayor of boston polls"], "michael bianchi mayoral election": ["liz breadon", "michael bianchi boston city council", "michael bianchi brighton ma", "michael bianchi district 9", "eric porter boston city council", "michael j bianchi ii", "sarah iwany", "david halbert"], "john barros mayoral election": ["john barros political party", "john barros for mayor", "john barros wife", "john barros boston wikipedia", "john barros boston wife", "john barros wiki", "john barros age", "tchintcia barros"], "michelle wu for mayor": ["michelle wu boston husband", "michelle wu for mayor jobs", "michelle wu family", "michelle wu political party", "where does michelle wu live", "michelle wu siblings", "michelle wu salary", "michelle wu campaign staff", "Michelle Wu"], "andrea campbell for mayor": ["andrea campbell family", "andrea campbell father", "who is andrea campbell husband", "andrea campbell brother", "andrea campbell parents", "andrea campbell wikipedia", "andrea campbell bio", "andrea campbell twin brother"], "dana depelteau for mayor": ["dana depelteau twitter", "dana depelteau black lives matter", "dana depelteau tweets", "michelle wu", "calla walsh", "markeyverse", "dana depelteau linkedin"], "annissa essaibi george for mayor": ["annissa essaibi george net worth", "annissa essaibi george father", "annissa essaibi george ethnicity", "annissa essaibi george campaign website", "annissa essaibi george bio", "annissa essaibi george parents", "annissa essaibi george staff", "annissa essaibi george endorsements"], "jon santiago for mayor": ["jon santiago wife", "jon santiago campaign manager", "jon santiago twitter", "jon santiago photographer", "jon santiago endorsements", "jon santiago wife alexandra", "jon santiago age", "jon santiago state representative"], "kim janey for mayor": ["kim janey campaign website", "mayor kim janey husband", "kim janey campaign manager", "kim janey political views", "kim janey campaign headquarters", "kim janey partner", "is mayor kim janey married", "kim janey net worth", "michelle wu mayor"], "michael bianchi for mayor": ["michael bianchi for city council", "david halbert", "liz breadon", "eric porter boston city council", "michael j bianchi ii", "sarah iwany", "bianchi road bike"], "john barros for mayor": ["john barros for mayor website", "john barros political party", "john barros wife", "john barros wikipedia", "john barros family", "john barros boston wikipedia", "john barros boston wife", "john barros bio"], "michelle wu partner": ["michelle wu boston husband", "michelle wu family", "michelle wu siblings", "where does michelle wu live", "is michelle wu related to janet wu", "is michelle wu married", "michelle wu father"], "andrea campbell partner": ["andrea campbell family", "andrea campbell father", "andrea campbell bio", "andrea campbell brother andre", "andrea campbell twin brother", "andrea campbell wikipedia", "what does andrea campbell's husband do", "andrea campbell obituary"], "dana depelteau partner": ["dana depelteau twitter", "dana depelteau tweets", "calla walsh", "dana depelteau linkedin"], "annissa essaibi george partner": ["annissa essaibi george net worth", "annissa essaibi george father", "annissa essaibi george ethnicity", "annissa essaibi george parents", "annissa essaibi george mother", "annissa essaibi george family", "annissa essaibi george age", "annissa essaibi george staff"], "jon santiago partner": ["jon santiago wife", "jon santiago wife alexandra", "jon santiago boston", "jon santiago instagram", "jon santiago facebook", "jon santiago, md", "jon santiago endorsements", "jon santiago boston globe"], "kim janey partner": ["who is kim janey husband", "is mayor kim janey married", "kim janey parents nationality", "kim janey for mayor", "kim janey net worth", "kim janey political views", "kim janey wikipedia", "how old is kim janey daughter"], "michael bianchi partner": ["michael bianchi boston city council", "david halbert", "michael bianchi district 9", "michael bianchi mayor", "michael bianchi brighton ma", "michael bianchi for city council", "eric porter boston city council", "michael j bianchi ii"], "john barros partner": ["john barros political party", "john barros boston wikipedia", "john barros wiki", "john barros boston wife", "john barros for mayor", "andrea campbell", "tchintcia barros", "annissa essaibi george"], "michelle wu race": ["michelle wu boston husband", "michelle wu mother", "michelle wu family", "michelle wu siblings", "michelle wu twitter", "michelle wu linkedin", "michelle wu campaign staff", "michelle wu political party"], "andrea campbell race": ["andrea campbell parents", "andrea campbell father", "who is andrea campbell husband", "andrea campbell family", "andrea campbell bio", "andrea campbell twin brother", "andrea campbell brother", "andrea campbell husband matthew"], "dana depelteau race": ["dana depelteau boston", "dana depelteau twitter", "boston mayoral race candidates 2021", "dana depelteau mayor", "calla walsh parents", "boston mayoral candidates party affiliation", "boston mayoral polls", "boston mayoral race primary"], "annissa essaibi george race": ["annissa essaibi george net worth", "annissa essaibi george parents", "annissa essaibi george father", "annissa essaibi george staff", "annissa essaibi george bio", "annissa essaibi george siblings", "annissa essaibi george religion", "annissa essaibi george twitter"], "jon santiago race": ["jon santiago campaign", "jon santiago wife", "jon santiago photographer", "jon santiago mayor", "jon santiago endorsements", "santiago mayer", "jon santiago campaign manager", "jon santiago age"], "kim janey race": ["kim janey for mayor", "who is kim janey husband", "kim janey age", "kim janey partner", "kim janey political views", "kim janey campaign", "kim janey family", "is kim janey married"], "michael bianchi race": ["michael bianchi boston city council", "david halbert", "michael j bianchi ii", "liz breadon", "michael bianchi brighton ma", "eric porter boston city council", "michael bianchi district 9", "sarah iwany"], "john barros race": ["john barros wife", "john barros political party", "john barros for mayor", "john barros boston wikipedia", "john barros boston wife", "john barros wiki", "andrea campbell", "tchintcia barros"], "michelle wu endorsement": ["andrea campbell endorsements", "michelle wu salary", "michelle wu family", "michelle wu husband", "michelle wu policies", "michelle wu mother", "michelle wu boston husband", "where does michelle wu live"], "andrea campbell endorsement": ["andrea campbell husband", "andrea campbell fellowship", "andrea campbell father", "andrea campbell campaign manager", "andrea campbell housing", "andrea campbell obituary", "michelle wu endorsements", "andrea campbell progressive"], "dana depelteau endorsement": ["dana depelteau twitter", "boston mayoral candidates 2021", "dana depelteau boston", "boston mayoral election 2020", "dana depelteau for mayor", "boston mayoral candidates on the issues", "boston mayoral primary", "boston mayoral candidates party affiliation"], "annissa essaibi george endorsement": ["annissa essaibi george business", "annissa essaibi george net worth", "annissa essaibi george mayor", "annissa essaibi george ethnic background", "annissa essaibi george commercial", "annissa essaibi george accent", "boston mayoral candidates on the issues", "boston mayoral election"], "jon santiago endorsement": ["jon santiago endorsements"], "kim janey endorsement": ["kim janey election", "kim janey staff", "kim janey views", "kim janey heart agenda", "kim janey transition website", "kim janey campaign headquarters", "kim janey campaign manager", "kim janey education"], "michael bianchi endorsement": ["michael bianchi boston city council", "david halbert", "michael bianchi for city council", "liz breadon", "michael bianchi district 9", "michael j bianchi ii", "michael bianchi brighton ma", "michael bianchi mayor"], "john barros endorsement": ["john barros boston political party", "john barros for mayor", "john barros wife", "john barros boston wife", "john barros wiki", "tchintcia barros", "andrea campbell", "annissa essaibi george"], "michelle wu COVID": ["michelle wu covid", "michelle wu covid plan", "michelle wu covid stance", "michelle wu covid vaccine", "winners during covid"], "andrea campbell COVID": ["andrea campbell covid"], "dana depelteau COVID": ["dana depelteau twitter", "dana depelteau black lives matter", "dana depelteau tweets", "dana depelteau for mayor", "calla walsh parents", "michelle wu", "calla walsh winsor school", "markeyverse"], "annissa essaibi george COVID": ["annissa essaibi george covid"], "jon santiago COVID": ["jon santiago"], "kim janey COVID": [], "michael bianchi COVID": [], "john barros COVID": ["john barros covid"], "michelle wu transportation": ["michelle wu signature collection", "michelle wu husband", "michelle wu free the t", "michelle wu accomplishments", "michelle wu zoning", "michelle wu donors", "michelle wu child care", "michelle wu opioid"], "andrea campbell transportation": ["andrea campbell campaign manager", "andrea campbell husband", "andrea campbell campaign jobs", "andrea campbell obituary", "andrea campbell father", "andrea campbell events", "andrea campbell housing", "andrea campbell endorsements"], "dana depelteau transportation": ["dana depelteau twitter", "dana depelteau boston", "calla walsh parents", "calla walsh winsor school", "calla walsh twitter", "markeyverse", "michelle wu"], "annissa essaibi george transportation": ["annissa essaibi george staff", "annissa essaibi george bio", "annissa essaibi george father", "annissa essaibi george mayor", "annissa essaibi george commercial", "annissa essaibi george ethnicity", "annissa essaibi george website", "annissa essaibi george parents"], "jon santiago transportation": ["jon santiago campaign manager", "jon santiago wife", "jon santiago endorsements", "jon santiago wife alexandra", "jon santiago, md", "jon santiago boston", "jon santiago facebook", "jon santiago twitter"], "kim janey transportation": ["kim janey family", "kim janey city council", "kim janey mayor", "kim janey policies"], "michael bianchi transportation": ["michael bianchi llc", "michael bianchi linkedin", "michael bianchi", "michael bianchi boston"], "john barros transportation": ["john barros campaign", "john barros", "john barros mayor", "john barros massachusetts", "john barros boston"], "michelle wu MBTA": ["michelle wu husband", "michelle wu free the t", "michelle wu signature collection", "michelle wu transportation", "michelle wu tv ad", "michelle wu accomplishments", "michelle wu endorsement", "michelle wu child care"], "andrea campbell MBTA": ["andrea campbell bio", "andrea campbell husband", "andrea campbell brother andre", "andrea campbell obituary", "andrea campbell family", "andre campbell", "andrea campbell twin brother", "andrea campbell father"], "dana depelteau MBTA": ["dana depelteau twitter", "dana depelteau black lives matter", "dana depelteau tweets", "calla walsh", "dana depelteau linkedin"], "annissa essaibi george MBTA": ["annissa essaibi george boston", "annissa essaibi george father", "annissa essaibi george twitter", "annissa essaibi george commercial", "annissa essaibi george boston globe", "annissa essaibi george bio", "annissa essaibi george campaign website", "annissa essaibi george ethnicity"], "jon santiago MBTA": ["jon santiago wife", "jon santiago wife alexandra", "jon santiago endorsements", "jon santiago campaign", "jon santiago age", "jon santiago photographer", "jon santiago mayor", "jon santiago twitter"], "kim janey MBTA": ["kim janey mayor of boston", "kim janey mayor"], "michael bianchi MBTA": ["michael bianchi boston", "michael bianchi boston city council", "david halbert", "liz breadon", "michael bianchi district 9", "eric porter boston", "eric porter boston city council", "michael bianchi brighton ma"], "john barros MBTA": ["john barros wife", "john barros for mayor", "john barros boston wife", "john barros boston wikipedia", "john barros political party", "john barros age", "john barros wiki", "john barros family"], "michelle wu Education": ["michelle wu education plan", "michelle wu family", "michelle wu husband", "michelle wu salary", "is michelle wu married", "is michelle wu related to janet wu", "michelle wu wikipedia", "where does michelle wu live"], "andrea campbell Education": ["who is andrea campbell husband", "andrea campbell family", "andrea campbell bio", "andrea campbell father", "andrea campbell wikipedia", "andrea campbell brother andre", "andrea campbell parents", "andrea campbell education plan"], "dana depelteau Education": ["dana depelteau black lives matter", "dana depelteau twitter", "dana depelteau boston", "dana depelteau mayor", "dana depelteau tweets", "calla walsh winsor school", "michelle wu", "calla walsh parents"], "annissa essaibi george Education": ["annissa essaibi george education plan", "annissa essaibi george net worth", "annissa essaibi george bio", "annissa essaibi george staff", "annissa essaibi george nationality", "annissa essaibi george siblings", "annissa essaibi george parents", "annissa essaibi george family"], "jon santiago Education": ["jon santiago photographer", "jon santiago wife", "jon santiago mayor", "jon santiago wife alexandra", "jon santiago campaign manager", "john barros", "jon santiago age", "jon santiago facebook"], "kim janey Education": ["kim janey for mayor", "kim janey age", "who is kim janey husband", "kim janey campaign website", "kim janey net worth", "kim janey political views", "did kim janey graduate from smith college", "kim janey family"], "michael bianchi Education": ["david halbert", "michael bianchi boston city council", "michael bianchi district 9", "michael bianchi brighton ma", "michael bianchi mayor", "eric porter boston city council", "michael j bianchi ii", "liz breadon boston city council"], "john barros Education": ["john barros political party", "john barros for mayor", "john barros wife", "john barros wikipedia", "john barros age", "john barros boston wikipedia", "john barros boston wife", "john barros high school"], "michelle wu LGBT": [], "andrea campbell LGBT": ["andrea campbell husband", "andrea campbell endorsement", "andrea campbell obituary", "andrea campbell housing", "andrea campbell events", "andrea campbell campaign manager", "andrea campbell fellowship", "andrea campbell boston"], "dana depelteau LGBT": ["when was lgbtq created", "lgbtq day", "lgbtq sexualities", "lgbt symbols"], "annissa essaibi george LGBT": [], "jon santiago LGBT": [], "kim janey LGBT": ["when was lgbtq created", "lgbtq day", "what does q mean in lgbtq"], "john barros LGBT": [], "michelle wu background": ["michelle wu family", "michelle wu salary", "michelle wu siblings", "michelle wu boston husband", "is michelle wu related to janet wu", "michelle wu father", "where does michelle wu live", "michelle wu political party"], "andrea campbell background": ["andrea campbell family", "andrea campbell father", "andrea campbell brother", "andrea campbell wikipedia", "who is andrea campbell husband", "andrea campbell parents", "andrea campbell twin brother", "andrea campbell age"], "dana depelteau background": ["dana depelteau black lives matter", "dana depelteau twitter", "dana depelteau tweets", "michelle wu", "calla walsh", "markeyverse"], "annissa essaibi george background": ["annissa essaibi george father", "annissa essaibi george net worth", "annissa essaibi george political party", "annissa essaibi george siblings", "annissa essaibi george parents", "annissa essaibi george staff", "annissa essaibi george mayor", "annissa essaibi george religion"], "jon santiago background": ["john barros", "jon santiago wife", "jon santiago mayor", "jon santiago campaign manager", "jon santiago endorsements", "jon santiago, md", "jon santiago wife alexandra", "jon santiago photographer"], "kim janey background": ["who is kim janey husband", "kim janey for mayor", "kim janey campaign website", "kim janey age", "kim janey family", "kim janey campaign manager", "kim janey policies", "kim janey parents nationality"], "michael bianchi background": ["michael bianchi", "michael bianchi actor", "michael bianchi linkedin", "michael bianchi llc"], "john barros background": ["john barros political party", "john barros wikipedia", "john barros for mayor", "john barros party", "john barros age", "andrea campbell", "tchintcia barros", "john barros high school"], "michelle wu net worth": ["conor pewarski net worth", "annissa essaibi george net worth", "michelle wu age"], "andrea campbell net worth": [], "dana depelteau net worth": ["dana depelteau black lives matter", "dana depelteau twitter", "dana depelteau tweets", "boston mayoral candidates 2021", "boston mayoral election 2020", "boston city council candidates 2021", "dana depelteau for mayor", "boston mayoral primary"], "annissa essaibi george net worth": ["annissa essaibi george net worth"], "jon santiago net worth": ["jon santiago wife", "jon santiago wife alexandra", "jon santiago endorsements", "jon santiago campaign manager", "john barros", "jon santiago boston", "jon santiago facebook", "jon santiago age"], "kim janey net worth": ["who is kim janey husband", "kim janey parents nationality", "kim janey age", "is kim janey married", "kim janey partner", "kim janey family", "kim janey for mayor", "kim janey political views"], "michael bianchi net worth": ["michael bianchi llc", "michael bianchi actor", "michael bianchi"], "john barros net worth": ["john barros family", "john barros age"], "michelle wu crime": ["michelle wu husband", "michelle wu tv ad", "michelle wu opioid", "michelle wu transportation", "michelle wu signature collection", "michelle wu donors", "michelle wu events", "michelle wu child care"], "andrea campbell crime": ["who is andrea campbell husband", "andrea campbell twin brother", "andrea campbell bio", "andrea campbell family", "andrea campbell obituary", "andrea campbell brother andre", "andrea campbell age", "andrea campbell husband matthew"], "dana depelteau crime": ["dana depelteau black lives matter", "dana depelteau twitter", "dana depelteau boston", "dana depelteau mayor", "dana depelteau tweets", "markeyverse", "michelle wu", "calla walsh"], "annissa essaibi george crime": ["annissa essaibi george ethnicity", "annissa essaibi george father", "annissa essaibi george net worth", "annissa essaibi george parents", "annissa essaibi george staff", "annissa essaibi george bio", "annissa essaibi george religion", "annissa essaibi george family"], "jon santiago crime": ["jon santiago"], "kim janey crime": ["kim janey for mayor", "kim janey husband", "marty walsh"], "michael bianchi crime": ["michael bianchi", "michael bianchi llc"], "john barros crime": ["john barros mayor", "john barros campaign", "john barros boston", "john barros", "john barros massachusetts"], "michelle wu police": ["michelle wu husband", "michelle wu endorsement", "michelle wu policies", "michelle wu accomplishments", "michelle wu child care", "michelle wu transportation", "michelle wu opioid", "michelle wu events"], "andrea campbell police": ["who is andrea campbell husband", "andrea campbell brother", "andrea campbell obituary", "andrea campbell events", "andrea campbell father", "andrea campbell endorsements", "andrea campbell fellowship", "andrea campbell housing"], "dana depelteau police": ["dana depelteau black lives matter", "dana depelteau twitter", "dana depelteau boston", "calla walsh parents", "dana depelteau tweets", "dana depelteau mayor", "calla walsh winsor school", "markeyverse"], "annissa essaibi george police": ["annissa essaibi george net worth", "annissa essaibi george endorsements", "annissa essaibi george business", "annissa essaibi george ad", "annissa essaibi george education plan", "annissa essaibi george house", "annissa essaibi george tiktok"], "jon santiago police": [], "kim janey police": [], "michael bianchi police": ["michael bianchi boston", "david halbert", "michael bianchi boston city council", "michael bianchi district 9", "liz breadon", "michael bianchi brighton ma", "eric porter boston city council", "sarah iwany"], "john barros police": ["john barros campaign", "john barros mayor", "john barros"], "michelle wu housing": ["where does michelle wu live", "michelle wu child care", "michelle wu transportation", "michelle wu boston globe", "michelle wu endorsement", "michelle wu - real estate", "michelle wu zoning", "michelle wu mother"], "andrea campbell housing": ["andrea campbell husband", "andrea campbell obituary", "andrea campbell endorsements", "andrea campbell fellowship", "andrea campbell boston public schools", "andrea campbell events", "andrea campbell progressive", "andrea campbell covid"], "dana depelteau housing": ["dana depelteau twitter", "dana depelteau tweets", "calla walsh", "michelle wu", "dana depelteau linkedin"], "annissa essaibi george housing": ["annissa essaibi george net worth", "annissa essaibi george bio", "annissa essaibi george commercial", "ezzeddine essaibi", "annissa essaibi george ethnicity", "annissa essaibi george staff", "annissa essaibi george campaign website", "where does annissa essaibi george live"], "jon santiago housing": ["jon santiago wife", "jon santiago wife alexandra", "jon santiago mayor", "john barros", "jon santiago endorsements", "jon santiago campaign manager", "jon santiago, md", "jon santiago photographer"], "kim janey housing": ["kim janey campaign headquarters", "kim janey campaign website", "kim janey election", "kim janey campaign manager", "kim janey partner", "who is kim janey husband", "kim janey parents nationality", "kim janey family"], "michael bianchi housing": ["michael bianchi boston city council", "david halbert", "liz breadon", "sarah iwany", "michael bianchi brighton ma", "michael bianchi for city council", "eric porter boston city council", "michael bianchi boston mayor"], "john barros housing": ["john barros wife", "john barros for mayor", "john barros boston wife", "john barros political party", "john barros boston wikipedia", "john barros facebook"], "michael bianchi LGBT": ["michael bianchi boston", "michael bianchi"]}