{"andrea campbell background": ["andrea campbell father", "andrea campbell family", "andrea campbell brother", "andrea campbell wikipedia", "who is andrea campbell husband", "andrea campbell parents", "andrea campbell twin brother", "andrea campbell age"], "andrea campbell boston": ["andrea campbell boston husband", "andrea campbell boston brother", "andrea campbell boston public schools", "andrea campbell husband matthew", "andrea campbell boston father", "andrea campbell twitter", "andrea campbell family", "andrea campbell wiki"], "andrea campbell COVID": false, "andrea campbell crime": ["who is andrea campbell husband", "andrea campbell bio", "andrea campbell twin brother", "andrea campbell boston husband", "andrea campbell family", "andrea campbell obituary", "andrea campbell wikipedia", "andrea campbell age"], "andrea campbell Education": ["andrea campbell bio", "andrea campbell family", "andrea campbell princeton", "andrea campbell education plan", "andrea campbell wikipedia", "andrea campbell father", "andrea campbell twin brother", "andrea campbell husband matthew"], "andrea campbell endorsement": ["andrea campbell husband", "michelle wu endorsements", "andrea campbell fellowship", "andrea campbell housing", "andrea campbell obituary", "andrea campbell twitter", "andrea campbell campaign jobs", "andrea campbell argentina"], "andrea campbell for mayor": ["andrea campbell father", "andrea campbell bio", "andrea campbell husband matthew", "andrea campbell family", "andrea campbell twin brother", "andrea campbell brother", "andrea campbell boston father", "andrea campbell grandfather"], "andrea campbell housing": ["andrea campbell husband", "andrea campbell endorsements", "andrea campbell boston public schools", "andrea campbell fellowship", "andrea campbell obituary", "andrea campbell events", "andrea campbell covid", "andrea campbell platform"], "andrea campbell LGBT": ["when was lgbtq created", "lgbtq day", "lgbtq sexualities", "lgbt symbols"], "andrea campbell mayoral election": ["who is andrea campbell husband", "andrea campbell campaign manager", "andrea campbell family", "andrea campbell twin brother", "andrea campbell brother", "andrea campbell bio", "andrea campbell parents", "andrea campbell husband matthew"], "andrea campbell MBTA": ["andrea campbell bio", "who is andrea campbell husband", "andrea campbell brother andre", "andrea campbell boston husband", "andrea campbell obituary", "andrea campbell boston globe", "andre campbell obituary", "andrea campbell family"], "andrea campbell net worth": ["who is andrea campbell husband", "andrea campbell family", "andrea campbell wikipedia", "andrea campbell twin brother", "andrea campbell husband matthew", "andrea campbell father", "andrea campbell brother", "andrea campbell age"], "andrea campbell partner": ["andrea campbell family", "andrea campbell father", "andrea campbell brother andre", "andrea campbell obituary", "andrea campbell princeton", "matthew scheier andrea campbell", "andrea campbell endorsements", "kim janey husband"], "andrea campbell police": ["andrea campbell husband", "andrea campbell obituary", "andrea campbell endorsements", "andrea campbell brother", "andrea campbell housing", "andrea campbell fellowship", "andrea campbell events", "andrea campbell boston public schools"], "andrea campbell race": ["andrea campbell parents", "andrea campbell father", "andrea campbell family", "andrea campbell bio", "andrea campbell twin brother", "andrea campbell brother", "andrea campbell husband matthew", "andrea campbell wikipedia"], "andrea campbell transportation": ["andrea campbell campaign jobs", "andrea campbell campaign manager", "andrea campbell husband", "andrea campbell obituary", "andrea campbell events", "andrea campbell housing", "andrea campbell fellowship", "andrea campbell covid"], "andrea campbell": ["andrea campbell parents", "matthew scheier andrea campbell", "andrea campbell brother", "who is andrea campbell husband", "andrea campbell twin brother", "andrea campbell age", "andrea campbell boston husband", "andrea campbell wikipedia"], "annissa essaibi george background": ["annissa essaibi george net worth", "ezzeddine essaibi", "annissa essaibi george parents", "annissa essaibi george siblings", "annissa essaibi george father", "annissa essaibi george mayor", "annissa essaibi george campaign website", "annissa essaibi george campaign manager"], "annissa essaibi george boston": ["annissa essaibi george boston globe", "annissa essaibi george website", "annissa essaibi george parents", "annissa essaibi george age", "annissa essaibi george ethnicity", "annissa essaibi george twitter", "annissa essaibi george father", "where does annissa essaibi george live"], "annissa essaibi george COVID": false, "annissa essaibi george crime": ["annissa essaibi george endorsements", "annissa essaibi george commercial"], "annissa essaibi george Education": ["annissa essaibi george parents", "annissa essaibi george net worth", "annissa essaibi george nationality", "annissa essaibi george siblings", "annissa essaibi george staff", "annissa essaibi george twitter", "annissa essaibi george age", "annissa essaibi george website"], "annissa essaibi george endorsement": ["annissa essaibi george business", "annissa essaibi george commercial", "annissa essaibi george polls", "conor pewarski", "annissa essaibi george pronunciation", "annissa essaibi george wiki"], "annissa essaibi george for mayor": ["annissa essaibi george campaign website", "annissa essaibi george ethnicity", "annissa essaibi george family", "annissa essaibi george father", "annissa essaibi george net worth", "annissa essaibi george commercial", "annissa essaibi george wiki", "annissa essaibi george campaign manager"], "annissa essaibi george housing": ["annissa essaibi george commercial", "annissa essaibi george endorsements"], "annissa essaibi george LGBT": ["annissa essaibi george facebook", "annissa essaibi george business", "annissa essaibi george pronunciation", "when was lgbtq created"], "annissa essaibi george mayoral election": ["annissa essaibi george staff", "annissa essaibi george campaign website", "annissa essaibi george ethnicity", "annissa essaibi george father", "annissa essaibi george endorsements", "annissa essaibi george twitter", "annissa essaibi george campaign manager", "annissa essaibi george family"], "annissa essaibi george MBTA": ["annissa essaibi george boston globe", "annissa essaibi george net worth", "annissa essaibi george twitter", "annissa essaibi george commercial", "annissa essaibi george ethnicity", "annissa essaibi george campaign website", "annissa essaibi george staff", "annissa essaibi george father"], "annissa essaibi george net worth": false, "annissa essaibi george partner": ["annissa essaibi george father", "annissa essaibi george ethnicity", "annissa essaibi george net worth", "annissa essaibi george parents", "annissa essaibi george mother", "annissa essaibi george age", "annissa essaibi george staff", "annissa essaibi george twitter"], "annissa essaibi george police": ["annissa essaibi george commercial", "annissa essaibi george endorsements", "annissa essaibi george business"], "annissa essaibi george race": ["annissa essaibi george parents", "annissa essaibi george father", "annissa essaibi george family", "annissa essaibi george wiki", "annissa essaibi george staff", "is annissa essaibi george black", "is annissa essaibi george white", "where does annissa essaibi george live"], "annissa essaibi george transportation": ["annissa essaibi george staff", "annissa essaibi george commercial", "annissa essaibi george father", "annissa essaibi george endorsements", "annissa essaibi george ethnicity", "annissa essaibi george website", "annissa essaibi george twitter", "annissa essaibi george parents"], "annissa essaibi george": ["annissa essaibi george parents", "annissa essaibi george ethnicity", "annissa essaibi george father", "annissa essaibi george bio", "annissa essaibi george family", "annissa essaibi george twitter", "annissa essaibi george facebook", "annissa essaibi george siblings"], "boston mayor candidates": ["boston mayoral candidates quiz", "boston mayoral candidates party affiliation", "boston mayoral election results", "boston mayoral candidates on the issues", "boston mayoral polls", "boston mayoral candidates comparison", "boston mayoral election 2021 polls", "boston mayoral debate schedule"], "boston mayoral election": ["boston mayoral election results", "boston mayoral election polls", "boston mayoral election results 2021", "boston mayoral election 2021 polls", "boston mayoral debate schedule", "boston mayoral candidates on the issues", "boston mayoral primary results", "boston mayoral candidates party affiliation"], "dana depelteau background": ["dana depelteau black lives matter", "dana depelteau twitter", "michelle wu", "dana depelteau tweets", "calla walsh", "kim janey", "annissa essaibi george"], "dana depelteau boston": ["dana depelteau black lives matter", "dana depelteau for mayor", "dana depelteau twitter", "dana depelteau tweets", "calla walsh"], "dana depelteau COVID": ["dana depelteau black lives matter", "dana depelteau twitter", "dana depelteau tweets", "dana depelteau for mayor", "michelle wu", "calla walsh", "dana depelteau husband"], "dana depelteau crime": ["dana depelteau black lives matter", "dana depelteau twitter", "dana depelteau tweets", "dana depelteau for mayor", "calla walsh", "dana depelteau husband"], "dana depelteau Education": ["dana depelteau black lives matter", "dana depelteau twitter", "dana depelteau tweets", "calla walsh", "annissa essaibi george family", "annissa essaibi george ethnicity", "annissa essaibi george wiki", "annissa essaibi george parents"], "dana depelteau endorsement": ["when is boston mayoral election 2021", "boston city council candidates 2021", "boston elections 2021", "boston mayoral debate 2021", "boston mayoral poll 2021", "boston mayoral candidates on the issues", "boston mayoral candidates party affiliation", "boston mayoral primary results"], "dana depelteau for mayor": ["dana depelteau black lives matter", "dana depelteau twitter", "dana depelteau tweets", "calla walsh"], "dana depelteau housing": ["dana depelteau black lives matter", "dana depelteau twitter", "dana depelteau tweets", "calla walsh", "boston mayoral polls", "michelle wu", "annissa essaibi george", "kim janey"], "dana depelteau LGBT": false, "dana depelteau mayoral election": ["boston mayoral candidates 2021", "boston mayoral election 2020", "boston mayoral election results", "dana depelteau black lives matter", "dana depelteau twitter", "boston mayoral candidates party affiliation", "boston mayoral election 2021 polls", "boston mayoral polls"], "dana depelteau MBTA": ["dana depelteau black lives matter", "dana depelteau twitter", "dana depelteau tweets", "calla walsh"], "dana depelteau net worth": ["dana depelteau black lives matter", "boston mayoral primary 2021 date", "dana depelteau twitter", "dana depelteau tweets", "boston mayoral polls", "boston mayoral election 2020", "dana depelteau for mayor", "when is the boston mayoral primary"], "dana depelteau partner": ["dana depelteau twitter", "dana depelteau tweets", "calla walsh"], "dana depelteau police": ["dana depelteau black lives matter", "dana depelteau boston", "dana depelteau twitter", "dana depelteau mayor", "dana depelteau tweets", "calla walsh"], "dana depelteau race": ["dana depelteau boston", "who is running for boston mayor", "boston mayoral race candidates 2021", "dana depelteau mayor", "boston mayoral election 2020", "boston mayoral polls", "boston mayoral candidates party affiliation", "boston mayoral candidates on the issues"], "dana depelteau transportation": ["dana depelteau black lives matter", "dana depelteau twitter", "calla walsh parents", "dana depelteau for mayor", "dana depelteau tweets", "calla walsh winsor school", "michelle wu", "annissa essaibi george"], "dana depelteau": ["dana depelteau black lives matter", "dana depelteau twitter", "dana depelteau husband", "dana depelteau tweets", "dana depelteau for mayor", "calla walsh"], "john barros background": ["john barros for mayor", "john barros political party", "john barros wikipedia", "john barros age", "john barros boston wife", "john barros email", "john barros boston globe", "john barros family"], "john barros boston": ["john barros boston wikipedia", "john barros boston wife", "john barros wife", "john barros boston restaurant", "john barros boston political party", "john barros boston globe", "john barros wikipedia", "john barros bc high"], "john barros COVID": ["john barros email"], "john barros crime": false, "john barros Education": ["john barros boston wikipedia", "john barros for mayor", "john barros political party", "john barros wikipedia", "john barros age", "john barros boston wife", "john barros wife", "john barros high school"], "john barros endorsement": ["john barros boston wife", "john barros wife", "john barros boston political party", "john barros email", "john barros for mayor", "john barros political party", "john barros wiki", "annissa essaibi george"], "john barros for mayor": ["john barros for mayor website", "john barros boston mayor", "john barros political party", "john barros wife", "john barros boston wikipedia", "john barros boston wife", "john barros boston globe", "john barros bio"], "john barros housing": false, "john barros LGBT": ["when was lgbtq created", "lgbtq day", "lgbtq sexualities", "lgbtq meaning of each letter"], "john barros mayoral election": ["john barros political party", "john barros for mayor", "boston mayoral election", "john barros for mayor website", "john barros wife", "boston mayoral candidates on the issues", "john barros boston mayor", "boston mayoral election 2021 polls"], "john barros MBTA": ["john barros boston globe", "john barros boston wikipedia", "john barros boston wife", "john barros wife", "john barros for mayor", "john barros political party", "john barros age", "john barros bc high"], "john barros net worth": ["john barros wife", "john barros wikipedia", "john barros boston"], "john barros partner": ["john barros wikipedia", "john barros family", "john barros political party", "john barros boston wikipedia", "john barros bio", "john barros campaign", "andrea campbell", "john barros twitter"], "john barros police": ["john barros political party", "john barros mayor"], "john barros race": ["john barros wikipedia", "john barros family", "john barros bio", "john barros wife", "john barros political party", "john barros for mayor", "john barros campaign", "john barros for mayor website"], "john barros transportation": false, "john barros": ["john barros wikipedia", "john barros political party", "john barros restaurant", "john barros mayor", "john barros wife", "john barros family", "john barros age", "john barros bio"], "jon santiago background": ["john barros", "jon santiago high school", "jon santiago age", "jon santiago campaign manager", "jon santiago for mayor", "jon santiago endorsements", "jon santiago bio", "jon santiago wife alexandra"], "jon santiago boston": ["jon santiago wife", "jon santiago boston globe", "jon santiago campaign", "jon santiago age", "jon santiago high school", "jon santiago facebook", "jon santiago campaign manager", "jon santiago twitter"], "jon santiago COVID": false, "jon santiago crime": ["jon santiago wife", "jon santiago campaign manager", "jon santiago endorsements", "santiago chile", "where is santiago"], "jon santiago Education": ["jon santiago photographer", "jon santiago wife", "jon santiago bio", "jon santiago high school", "jon santiago age", "john barros", "jon santiago campaign manager", "jon santiago wife alexandra"], "jon santiago endorsement": ["jon santiago wife", "jon santiago campaign manager"], "jon santiago for mayor": ["jon santiago wife", "jon santiago endorsements", "jon santiago campaign manager", "jon santiago twitter", "jon santiago high school", "jon santiago age", "jon santiago wife alexandra", "boston mayoral candidates"], "jon santiago housing": ["jon santiago wife", "john barros", "jon santiago wife alexandra", "jon santiago high school", "jon santiago boston", "jon santiago endorsements", "jon santiago campaign manager", "jon santiago age"], "jon santiago LGBT": ["when was lgbtq created", "lgbtq day", "lgbtq sexualities", "lgbt shows"], "jon santiago mayoral election": ["jon santiago for mayor", "jon santiago wife", "jon santiago endorsements"], "jon santiago MBTA": ["jon santiago wife", "jon santiago high school", "jon santiago age", "jon santiago boston globe", "jon santiago wife alexandra", "jon santiago photographer", "jon santiago campaign", "jon santiago endorsements"], "jon santiago net worth": ["jon santiago wife", "jon santiago high school", "jon santiago age", "jon santiago wife alexandra", "jon santiago campaign manager", "jon santiago endorsements", "john barros", "jon santiago boston"], "jon santiago partner": ["jon santiago wife alexandra", "jon santiago high school", "jon santiago photographer", "jon santiago facebook", "jon santiago campaign manager", "how old is jon santiago", "jon santiago for mayor"], "jon santiago police": ["jon santiago wife", "jon santiago wife alexandra", "jon santiago high school", "jon santiago campaign", "jon santiago boston", "jon santiago age", "jon santiago endorsements", "jon santiago campaign manager"], "jon santiago race": ["jon santiago campaign", "jon santiago wife", "jon santiago photographer", "jon santiago age", "jon santiago endorsements", "jon santiago boston", "jon santiago campaign manager", "santiago mayer"], "jon santiago transportation": ["jon santiago campaign manager", "jon santiago wife", "jon santiago high school", "john barros boston", "jon santiago wife alexandra", "jon santiago boston", "jon santiago endorsements", "jon santiago boston globe"], "jon santiago": ["jon santiago wife", "jon santiago photographer", "jon santiago campaign", "jon santiago instagram", "john barros", "jon santiago mayor", "jon santiago high school", "jon santiago facebook"], "kim janey background": ["who is kim janey husband", "kim janey family", "kim janey campaign manager", "mayor janey", "kim janey parents nationality", "kim janey wikipedia", "kim janey campaign headquarters", "kim janey campaign"], "kim janey boston": ["kim janey campaign headquarters", "kim janey political views", "kim janey partner", "kim janey campaign website", "kim janey net worth", "kim janey family", "phyllis janey", "kim janey campaign manager"], "kim janey COVID": ["massachusetts mask mandate 2021", "mask mandate boston", "massachusetts indoor mask mandate", "covid vaccine passport app", "cambridge, ma mask mandate", "cdc covid cruise ships", "massachusetts mask mandate end", "when will boston mask mandate end"], "kim janey crime": false, "kim janey Education": ["kim janey smith college", "who is kim janey husband", "kim janey boston", "kim janey political views", "kim janey net worth", "kim janey age", "kim janey partner", "kim janey parents nationality"], "kim janey endorsement": false, "kim janey for mayor": ["kim janey for mayor campaign", "kim janey campaign website", "kim janey partner", "who is kim janey husband", "mayor kim janey husband", "kim janey campaign manager", "kim janey campaign headquarters", "kim janey political views"], "kim janey housing": ["kim janey campaign website", "kim janey campaign headquarters", "kim janey campaign manager", "kim janey family", "kim janey partner", "kim janey kimesha", "kim janey transition website", "kim janey political views"], "kim janey LGBT": ["when was lgbtq created", "lgbtq day", "lgbtq sexualities"], "kim janey mayoral election": ["kim janey for mayor", "kim janey political views", "who is kim janey husband", "mayor kim janey husband", "kim janey campaign website", "kim janey partner", "boston mayoral election", "kim janey age"], "kim janey MBTA": ["kim janey for mayor", "kim janey husband", "kim janey for mayor campaign", "kim janey age", "kim janey political views", "kim janey campaign website", "kim janey father"], "kim janey net worth": ["who is kim janey husband", "kim janey partner", "how old is kim janey daughter", "kim janey parents nationality", "kim janey salary", "kim janey political views", "kim janey campaign website", "kim janey age"], "kim janey partner": ["is mayor kim janey married", "kim janey net worth", "kim janey parents nationality", "how old is kim janey daughter", "kim janey political views", "mayor kim janey husband", "kim janey boston", "kim janey for mayor campaign"], "kim janey police": false, "kim janey race": ["kim janey for mayor", "kim janey age", "kim janey campaign", "who is kim janey husband", "kim janey partner", "kim janey for mayor campaign", "kim janey political views", "kim janey family"], "kim janey transportation": false, "kim janey": ["who is kim janey husband", "kim janey political views", "mayor kim janey", "mayor kim janey husband", "kim janey policies", "kim janey net worth", "kim janey campaign headquarters", "kim janey campaign manager"], "michael bianchi background": ["michael bianchi boston", "michael bianchi boston city council", "michael bianchi brighton ma", "michael bianchi mayor", "michael j bianchi boston city council"], "michael bianchi boston": ["michael bianchi boston mayor", "liz breadon", "eric porter boston", "michael bianchi city council", "liz breadon boston city council", "eric porter boston city council"], "michael bianchi COVID": ["michael bianchi boston", "michael bianchi boston city council", "michael bianchi obituary", "michael bianchi actor", "michael bianchi brighton ma", "michael bianchi mayor", "liz breadon", "michael j bianchi boston city council"], "michael bianchi crime": false, "michael bianchi Education": false, "michael bianchi endorsement": ["michael bianchi boston city council", "michael j bianchi boston city council", "eric porter boston city council", "liz breadon boston city council"], "michael bianchi for mayor": ["liz breadon", "eric porter boston city council", "liz breadon boston city council", "michael j bianchi ii", "bianchi road bike"], "michael bianchi housing": ["michael bianchi boston", "michael bianchi boston city council", "liz breadon boston city council", "eric porter boston city council", "michael j bianchi boston city council"], "michael bianchi LGBT": ["when was lgbtq created", "lgbtq day", "lgbt symbols", "lgbtq sexualities"], "michael bianchi mayoral election": false, "michael bianchi MBTA": ["michael bianchi boston", "michael bianchi boston city council", "liz breadon", "eric porter boston city council", "michael j bianchi boston city council", "liz breadon boston city council"], "michael bianchi net worth": false, "michael bianchi partner": false, "michael bianchi police": ["michael bianchi boston", "michael bianchi boston city council", "michael bianchi brighton ma", "liz breadon", "michael bianchi boston mayor", "eric porter boston city council", "michael j bianchi boston city council"], "michael bianchi race": ["michael bianchi mayor", "michael j bianchi ii", "bianchi road bike"], "michael bianchi transportation": false, "michael bianchi": ["michael bianchi boston", "michael bianchi actor", "michael bianchi obituary", "michael bianchi boston city council", "michael bianchi boston mayor", "michael bianchi brighton ma", "liz breadon", "michael j bianchi boston city council"], "michelle wu background": ["michelle wu salary", "michelle wu family", "michelle wu endorsements", "michelle wu parents", "michelle wu wiki", "michelle wu instagram", "michelle wu siblings", "is michelle wu related to janet wu"], "michelle wu boston": ["michelle wu boston mayor age", "michelle wu boston latin", "is michelle wu related to janet wu", "michelle wu instagram", "michelle wu boston mayor husband", "michelle wu family", "michelle wu campaign manager", "michelle wu salary"], "michelle wu COVID": false, "michelle wu crime": ["michelle wu announcement", "michelle wu signature collection", "michelle wu housing", "michelle wu events", "michelle wu child care", "michelle wu commercial", "michelle wu opioid", "michelle wu election"], "michelle wu Education": ["michelle wu education plan", "michelle wu salary", "michelle wu family", "michelle wu policies", "michelle wu siblings", "where does michelle wu live", "michelle wu polls", "michelle wu endorsements"], "michelle wu endorsement": ["andrea campbell endorsements", "michelle wu instagram", "michelle wu twitter", "michelle wu family", "michelle wu policies", "michelle wu husband", "where does michelle wu live", "michelle wu mother"], "michelle wu for mayor": ["michelle wu family", "michelle wu instagram", "michelle wu salary", "michelle wu siblings", "michelle wu boston mayor husband", "is michelle wu related to janet wu", "michelle wu boston husband", "is michelle wu married"], "michelle wu housing": ["michelle wu husband", "michelle wu child care", "michelle wu election", "michelle wu lawn sign", "michelle wu commercial", "michelle wu signature collection", "michelle wu policies", "michelle wu mother"], "michelle wu LGBT": ["when was lgbtq created", "lgbtq day", "lgbt shows", "lgbtq sexualities"], "michelle wu mayoral election": ["who is michelle wu husband", "michelle wu for mayor", "michelle wu family", "michelle wu twitter", "michelle wu political party", "michelle wu boston mayor husband", "where does michelle wu live", "michelle wu wikipedia"], "michelle wu MBTA": ["michelle wu accomplishments", "michelle wu election", "michelle wu commercial", "michelle wu climate", "michelle wu mother", "michelle wu campaign", "michelle wu super pac", "michelle wu education plan"], "michelle wu net worth": ["michelle wu boston husband", "michelle wu family", "where does michelle wu live", "michelle wu parents", "is michelle wu related to janet wu", "michelle wu mayor", "michelle wu boston mayor husband", "michelle wu political party"], "michelle wu partner": ["michelle wu instagram", "conor pewarski", "is michelle wu married", "michelle wu siblings", "michelle wu boston mayor husband", "michelle wu salary", "michelle wu net worth", "michelle wu father"], "michelle wu police": ["michelle wu election", "michelle wu accomplishments", "michelle wu east boston", "what does michelle wu stand for", "michelle wu education plan", "michelle wu mother", "michelle wu super pac", "michelle wu commercial"], "michelle wu race": ["michelle wu boston husband", "michelle wu family", "michelle wu mother", "michelle wu instagram", "michelle wu siblings", "michelle wu salary", "michelle wu mayor", "michelle wu twitter"], "michelle wu transportation": ["michelle wu housing", "michelle wu free the t", "michelle wu signature collection", "michelle wu election", "michelle wu lawn sign", "michelle wu accomplishments", "michelle wu commercial", "michelle wu child care"], "michelle wu": ["michelle wu instagram", "michelle wu family", "is michelle wu related to janet wu", "where does michelle wu live", "michelle wu wiki", "michelle wu linkedin", "michelle wu campaign manager", "michelle wu salary"]}