{"boston mayoral election": ["boston mayoral election 2020", "boston mayoral election results", "boston mayoral primary", "boston mayoral election polls", "boston mayoral election results 2021", "boston mayoral election 2021 polls", "2017 boston mayoral election", "boston mayoral candidates on the issues", "boston mayoral candidates"], "boston mayor candidates": ["boston mayoral election 2020", "boston mayoral primary", "boston mayoral candidates quiz", "boston mayoral election results", "boston mayoral candidates party affiliation", "boston mayoral candidates on the issues", "boston mayoral polls", "boston mayoral candidates positions", "boston mayoral election"], "michelle wu": ["michelle wu instagram", "michelle wu, boston husband", "michelle wu harvard", "michelle wu mayor", "michelle wu polls", "michelle wu education", "michelle wu family", "michelle wu wikipedia", "conor pewarski"], "andrea campbell": ["andrea campbell wikipedia", "andrea campbell bio", "andrea campbell father", "andrea campbell brother", "andrea campbell family", "andrea campbell twin brother", "andrea campbell husband", "andrea campbell parents", "conor pewarski"], "dana depelteau": ["dana depelteau black lives matter", "dana depelteau husband", "dana depelteau twitter", "dana depelteau tweets", "calla walsh", "dana depelteau for mayor"], "annissa essaibi george": ["annissa essaibi george net worth", "annissa essaibi george parents", "annissa essaibi george father", "annissa essaibi george twitter", "annissa essaibi george commercial", "annissa essaibi george website", "annissa essaibi george endorsements", "annissa essaibi george staff", "ruthzee louijeune"], "jon santiago": ["jon santiago photographer", "jon santiago wife", "jon santiago high school", "jon santiago district", "jon santiago age", "jon santiago instagram", "jon santiago campaign manager", "jon santiago boston", "boston globe"], "kim janey": ["kim janey political views", "mayor kim janey", "kim janey wikipedia", "who is kim janey husband", "kim janey campaign", "kim janey campaign website", "kim janey father", "kim janey policies", "kim janey husband"], "michael bianchi": ["michael bianchi boston", "michael bianchi actor", "michael bianchi obituary", "michael bianchi boston mayor", "michael bianchi brighton ma", "michael bianchi architect", "eric porter boston city council", "Mike Bianchi"], "john barros": ["john barros wikipedia", "john barros restaurant", "john barros political party", "john barros boston wikipedia", "john barros wife", "john barros website", "john barros family", "john barros for mayor website", "john barros mayor"], "michelle wu boston": ["michelle wu, boston husband", "michelle wu instagram", "michelle wu boston globe", "michelle wu boston mayor", "michelle wu boston mayor age", "michelle wu family", "where does michelle wu live", "michelle wu salary", "conor pewarski"], "andrea campbell boston": ["andrea campbell boston husband", "andrea campbell boston brother", "andrea campbell boston father", "andrea campbell boston latin school", "andrea campbell husband", "andrea campbell father", "andrea campbell twin brother", "andrea campbell wiki", "boston mayor"], "dana depelteau boston": ["dana depelteau black lives matter", "dana depelteau twitter", "dana depelteau for mayor", "dana depelteau tweets", "calla walsh"], "annissa essaibi george boston": ["annissa essaibi george net worth", "annissa essaibi george boston globe", "annissa essaibi george parents", "annissa essaibi george website", "annissa essaibi george father", "annissa essaibi george twitter", "annissa essaibi george staff", "annissa essaibi george commercial"], "jon santiago boston": ["jon santiago boston globe", "jon santiago wife", "jon santiago campaign manager", "jon santiago high school", "jon santiago twitter", "jon santiago endorsements", "jon santiago age", "jon santiago wife alexandra", "jon santiago boston", "jon santiago boston medical center"], "kim janey boston": ["kim janey for mayor", "kim janey campaign website", "kim janey age", "kim janey campaign headquarters", "kim janey for mayor campaign", "kim janey political views", "kim janey partner", "kim janey husband"], "michael bianchi boston": ["michael bianchi boston mayor", "michael bianchi brighton ma", "eric porter boston city council"], "john barros boston": ["john barros boston wikipedia", "john barros boston wife", "john barros boston restaurant", "john barros boston political party", "john barros boston globe", "john barros wife", "john barros wiki", "john barros for mayor website", "andrea campbell boston"], "michelle wu mayoral election": ["michelle wu husband", "michelle wu family", "michelle wu instagram", "michelle wu twitter", "michelle wu wikipedia", "boston mayoral candidates", "where does michelle wu live", "michelle wu mother"], "andrea campbell mayoral election": ["andrea campbell husband", "andrea campbell bio", "andrea campbell obituary", "andrea campbell family", "andrea campbell husband matthew", "andrea campbell twin brother", "andrea campbell wikipedia", "andrea campbell polls"], "dana depelteau mayoral election": ["boston mayoral candidates 2021", "boston mayoral election 2020", "dana depelteau twitter", "boston mayoral election results", "dana depelteau black lives matter", "dana depelteau tweets", "boston mayoral polls", "boston mayoral race primary"], "annissa essaibi george mayoral election": ["annissa essaibi george father", "annissa essaibi george campaign", "annissa essaibi george endorsements", "annissa essaibi george campaign manager", "annissa essaibi george family", "michelle wu", "annissa essaibi george facebook", "annissa essaibi george wiki"], "jon santiago mayoral election": ["jon santiago campaign manager", "jon santiago wife", "jon santiago twitter", "jon santiago photographer", "jon santiago endorsements", "jon santiago wife alexandra", "jon santiago boston globe", "john barros boston"], "kim janey mayoral election": ["kim janey for mayor", "kim janey for mayor campaign", "boston mayoral election", "kim janey age", "kim janey partner", "mayor kim janey husband", "kim janey political views", "mayor janey", "kim janey running for mayor", "who is kim janey husband"], "michael bianchi mayoral election": [], "john barros mayoral election": ["john barros political party", "john barros for mayor website", "john barros wife", "john barros boston political party", "john barros boston wikipedia", "john barros wiki", "john barros bio", "john barros boston mayor", "john barros for mayor"], "michelle wu for mayor": ["michelle wu, boston husband", "michelle wu family", "michelle wu instagram", "where does michelle wu live", "michelle wu salary", "michelle wu mother", "michelle wu campaign staff", "michelle wu endorsements", "Michelle Wu"], "andrea campbell for mayor": ["andrea campbell family", "andrea campbell father", "andrea campbell brother", "andrea campbell parents", "andrea campbell wikipedia", "andrea campbell bio", "andrea campbell twin brother", "andrea campbell husband"], "dana depelteau for mayor": ["dana depelteau twitter", "boston mayoral candidates 2021", "dana depelteau tweets", "boston mayoral election 2020", "boston mayoral primary", "boston mayoral election candidates", "boston mayoral debate", "boston mayoral polls"], "annissa essaibi george for mayor": ["annissa essaibi george father", "annissa essaibi george net worth", "annissa essaibi george campaign website", "annissa essaibi george parents", "annissa essaibi george staff", "annissa essaibi george campaign manager", "annissa essaibi george endorsements", "annissa essaibi george family"], "jon santiago for mayor": ["jon santiago campaign manager", "jon santiago wife", "jon santiago photographer", "jon santiago high school", "jon santiago twitter", "jon santiago endorsements", "jon santiago age", "jon santiago wife alexandra"], "kim janey for mayor": ["kim janey for mayor campaign", "kim janey campaign website", "kim janey age", "kim janey political views", "kim janey campaign manager", "kim janey husband", "kim janey partner", "kim janey campaign headquarters", "michelle wu mayor", "kim janey for mayor"], "michael bianchi for mayor": ["michael bianchi brighton ma", "eric porter boston city council", "bianchi road bike"], "john barros for mayor": ["john barros for mayor website", "john barros political party", "john barros wife", "john barros family", "john barros wikipedia", "john barros bio", "john barros campaign manager", "john barros boston wikipedia"], "michelle wu partner": ["michelle wu, boston husband", "michelle wu family", "michelle wu instagram", "where does michelle wu live", "michelle wu siblings", "michelle wu age", "michelle wu mayor", "michelle wu mother"], "andrea campbell partner": ["andrea campbell brother", "andrea campbell husband matthew", "andrea campbell boston husband", "andrea campbell obituary", "andrea campbell events", "andrea campbell for mayor", "andrea campbell housing", "andrea campbell covid"], "dana depelteau partner": ["dana depelteau twitter", "dana depelteau tweets", "calla walsh parents", "michelle wu"], "annissa essaibi george partner": ["annissa essaibi george father", "annissa essaibi george parents", "annissa essaibi george staff", "annissa essaibi george twitter", "annissa essaibi george endorsements", "annissa essaibi george weight loss", "annissa essaibi george campaign manager", "annissa essaibi george boston globe"], "jon santiago partner": [], "kim janey partner": ["is mayor kim janey married", "kim janey parents nationality", "kim janey for mayor", "kim janey political views", "kim janey wikipedia", "kim janey net worth", "how old is kim janey daughter", "kim janey campaign"], "michael bianchi partner": [], "john barros partner": ["john barros wife", "john barros wikipedia", "john barros political party", "john barros boston", "john barros education"], "michelle wu race": ["michelle wu, boston husband", "michelle wu mother", "michelle wu family", "michelle wu instagram", "michelle wu harvard", "michelle wu parents", "michelle wu mayor", "michelle wu linkedin", "michelle wu", "michelle wu campaign"], "andrea campbell race": ["andrea campbell parents", "andrea campbell father", "andrea campbell husband", "andrea campbell family", "andrea campbell bio", "andrea campbell twin brother", "andrea campbell brother", "andrea campbell husband matthew"], "dana depelteau race": ["dana depelteau black lives matter", "who is running for boston mayor", "dana depelteau twitter", "boston mayoral race candidates 2021", "dana depelteau tweets", "boston mayoral election 2020", "annissa essaibi george", "boston mayoral primary"], "annissa essaibi george race": ["annissa essaibi george parents", "annissa essaibi george father", "annissa essaibi george staff", "annissa essaibi george campaign", "annissa essaibi george twitter", "annissa essaibi george campaign website", "annissa essaibi george wiki", "annissa essaibi george endorsements"], "jon santiago race": ["jon santiago photographer", "jon santiago wife", "jon santiago campaign manager", "jon santiago mayor", "jon santiago high school", "jon santiago endorsements", "santiago mayer", "john barros"], "kim janey race": ["kim janey for mayor", "who is kim janey husband", "kim janey age", "kim janey partner", "kim janey campaign", "kim janey parents", "is kim janey married", "kim janey political views"], "michael bianchi race": ["michael j bianchi ii", "michael bianchi brighton ma", "michael bianchi boston mayor", "bianchi road bike"], "john barros race": ["john barros wikipedia", "john barros family", "john barros for mayor website", "john barros bio", "john barros wife", "john barros political party", "john barros boston wikipedia", "john barros campaign manager"], "michelle wu endorsement": ["michelle wu instagram", "andrea campbell endorsements", "michelle wu twitter", "michelle wu family", "michelle wu policies", "michelle wu husband", "michelle wu mother", "michelle wu linkedin"], "andrea campbell endorsement": ["andrea campbell, husband", "andrea campbell campaign manager", "andrea campbell obituary", "andrea campbell housing", "andrea campbell fundraising", "andrea campbell events", "andrea campbell campaign jobs", "andrea campbell education plan"], "dana depelteau endorsement": ["when is boston mayoral election 2021", "boston city council candidates 2021", "boston elections, 2021", "boston mayoral debate 2021", "boston mayoral poll 2021", "boston mayoral election candidates", "boston mayoral candidates on the issues", "when is the boston mayoral primary", "john barros", "boston mayoral election 2020"], "annissa essaibi george endorsement": ["annissa essaibi george commercial", "annissa essaibi george campaign manager", "annissa essaibi george political views", "annissa essaibi george wiki", "annissa essaibi george pronunciation", "annissa essaibi george boston globe"], "jon santiago endorsement": ["jon santiago wife", "jon santiago campaign manager", "jon santiago mayor", "annissa essaibi george", "jon santiago endorsements"], "kim janey endorsement": ["kim janey for mayor", "kim janey campaign manager", "kim janey campaign headquarters", "kim janey transition team", "kim janey boston", "kim janey email", "is kim janey running for mayor"], "michael bianchi endorsement": ["michael bianchi boston city council", "eric porter boston city council"], "john barros endorsement": ["john barros political party", "john barros boston political party", "john barros wife", "john barros bc high", "john barros wiki", "john barros boston wife", "john barros boston wikipedia", "john barros family"], "michelle wu COVID": ["michelle wu covid", "winners during covid"], "andrea campbell COVID": ["andrea campbell covid"], "dana depelteau COVID": ["dana depelteau black lives matter", "dana depelteau twitter", "dana depelteau boston", "dana depelteau tweets", "dana depelteau mayor", "calla walsh"], "annissa essaibi george COVID": ["annissa essaibi george commercial", "annissa essaibi george twitter", "annissa essaibi george staff", "annissa essaibi george father", "annissa essaibi george boston globe", "annissa essaibi george parents", "annissa essaibi george website", "annissa essaibi george facebook"], "jon santiago COVID": [], "kim janey COVID": ["mask mandate boston", "massachusetts indoor mask mandate", "mask mandate cambridge, ma", "cdc covid cruise ships", "jamaica covid lockdown", "regeneron monoclonal antibody covid-19", "massachusetts mask mandate august 2021", "new york mask mandate"], "michael bianchi COVID": ["michael bianchi boston mayor", "michael bianchi brighton ma", "michael j bianchi ii", "eric porter boston city council"], "john barros COVID": ["john barros for mayor website", "john barros wife", "john barros age", "john barros boston wife", "john barros bio", "john barros email", "john barros education"], "michelle wu transportation": ["michelle wu transportation"], "andrea campbell transportation": ["andrea campbell transportation plan", "andrea campbell campaign manager", "andrea campbell campaign jobs", "andrea campbell husband", "andrea campbell obituary", "andrea campbell events", "andrea campbell endorsements", "andrea campbell housing"], "dana depelteau transportation": ["dana depelteau black lives matter", "dana depelteau twitter", "dana depelteau tweets", "dana depelteau for mayor", "calla walsh wikipedia", "michelle wu", "calla walsh parents", "calla walsh cambridge parents"], "annissa essaibi george transportation": ["annissa essaibi george staff", "annissa essaibi george father", "annissa essaibi george commercial", "annissa essaibi george endorsements", "annissa essaibi george campaign manager", "annissa essaibi george parents", "annissa essaibi george website", "annissa essaibi george twitter"], "jon santiago transportation": ["jon santiago campaign manager", "jon santiago wife", "jon santiago endorsements", "john barros", "jon santiago boston", "jon santiago wife alexandra", "jon santiago boston globe", "john barros boston"], "kim janey transportation": ["kim janey campaign headquarters", "kim janey campaign manager", "kim janey transition team", "kim janey reading memorial high school", "kim janey political views", "kim janey press conference", "mayor kim janey twitter", "kim janey instagram"], "michael bianchi transportation": ["michael bianchi llc", "michael bianchi"], "john barros transportation": ["john barros"], "michelle wu MBTA": ["michelle wu election", "michelle wu announcement", "michelle wu endorsements", "michelle wu events", "michelle wu staff", "michelle wu signature collection", "michelle wu chinatown", "michelle wu policies"], "andrea campbell MBTA": ["andrea campbell bio", "andrea campbell husband", "andrea campbell brother andre", "andrea campbell boston husband", "andrea campbell obituary", "andrea campbell polls", "andrea campbell family", "andrea campbell twin brother"], "dana depelteau MBTA": ["dana depelteau black lives matter", "dana depelteau twitter", "dana depelteau tweets", "calla walsh"], "annissa essaibi george MBTA": ["annissa essaibi george father", "annissa essaibi george boston", "annissa essaibi george twitter", "annissa essaibi george boston globe", "annissa essaibi george website", "annissa essaibi george staff", "annissa essaibi george parents", "annissa essaibi george endorsements"], "jon santiago MBTA": ["jon santiago wife", "jon santiago photographer", "jon santiago high school", "jon santiago age", "jon santiago wife alexandra", "jon santiago campaign manager", "jon santiago endorsements", "jon santiago boston"], "kim janey MBTA": ["kim janey for mayor", "kim janey husband", "kim janey for mayor campaign", "kim janey age", "kim janey campaign website", "kim janey political views", "kim janey father", "kim janey boston"], "michael bianchi MBTA": ["michael bianchi boston city council", "eric porter boston city council", "michael bianchi boston mayor", "michael bianchi brighton ma"], "john barros MBTA": ["john barros for mayor website", "john barros wife", "john barros boston globe", "john barros boston wikipedia", "john barros boston wife", "john barros wiki", "john barros age", "john barros political party", "john barros massachusetts", "john barros"], "michelle wu Education": ["michelle wu education plan", "michelle wu family", "michelle wu husband", "michelle wu election", "michelle wu instagram", "michelle wu wikipedia", "michelle wu endorsements", "michelle wu mayor"], "andrea campbell Education": ["who is andrea campbell husband", "andrea campbell family", "andrea campbell bio", "andrea campbell father", "andrea campbell brother andre", "andrea campbell wikipedia", "andrea campbell parents", "andrea campbell education plan"], "dana depelteau Education": ["dana depelteau black lives matter", "dana depelteau twitter", "dana depelteau tweets", "michelle wu", "calla walsh", "annissa essaibi george family", "annissa essaibi george father"], "annissa essaibi george Education": ["annissa essaibi george parents", "annissa essaibi george nationality", "annissa essaibi george staff", "annissa essaibi george father", "annissa essaibi george family", "annissa essaibi george website", "annissa essaibi george commercial", "annissa essaibi george wiki"], "jon santiago Education": ["jon santiago photographer", "jon santiago wife", "jon santiago bio", "jon santiago mayor", "john barros", "jon santiago campaign manager", "jon santiago age", "jon santiago high school"], "kim janey Education": ["kim janey for mayor", "kim janey age", "kim janey smith college", "who is kim janey husband", "kim janey political views", "kim janey net worth", "kim janey campaign website", "kim janey family", "kim janey partner"], "michael bianchi Education": ["michael bianchi", "michael bianchi llc"], "john barros Education": ["john barros for mayor website", "john barros political party", "john barros wife", "john barros wiki", "john barros age", "john barros bio", "john barros boston wikipedia", "john barros family"], "michelle wu LGBT": ["when was lgbtq created", "lgbtq day", "lgbt shows", "lgbtq sexualities", "dorchester reporter", "jinny chalmers obituary", "boston dorchester news", "news around dorchester", "dorchester reporter phone number", "boston neighborhood newspapers"], "andrea campbell LGBT": ["when was lgbtq created", "lgbtq day", "lgbtq sexualities", "lgbt symbols", "boycott boston pride", "brenda cassellius boston globe", "boston pride and blm", "danny mcdonald boston globe", "boston pride board of directors", "boston city employees"], "dana depelteau LGBT": ["when was lgbtq created", "lgbtq day", "lgbtq sexualities", "lgbtq meaning of each letter"], "annissa essaibi george LGBT": ["annissa essaibi"], "jon santiago LGBT": ["when was lgbtq created", "lgbtq day", "lgbtq sexualities", "lgbt shows"], "kim janey LGBT": ["when was lgbtq created", "lgbtq day", "lgbtq sexualities", "lgbt symbols"], "michael bianchi LGBT": ["when was lgbtq created", "lgbtq day", "lgbt symbols", "lgbtq sexualities"], "john barros LGBT": ["when was lgbtq created", "lgbtq day", "lgbtq sexualities", "lgbtq meaning of each letter"], "michelle wu background": ["michelle wu family", "michelle wu salary", "michelle wu email", "michelle wu, boston husband", "michelle wu education", "michelle wu mother", "michelle wu siblings", "michelle wu wikipedia"], "andrea campbell background": ["andrea campbell family", "andrea campbell father", "andrea campbell brother", "andrea campbell wikipedia", "andrea campbell parents", "who is andrea campbell husband", "andrea campbell twin brother", "andrea campbell age"], "dana depelteau background": ["dana depelteau black lives matter", "john barros", "dana depelteau twitter", "dana depelteau tweets", "kim janey", "michelle wu", "calla walsh", "jon santiago"], "annissa essaibi george background": ["annissa essaibi george father", "annissa essaibi george net worth", "annissa essaibi george parents", "annissa essaibi george staff", "annissa essaibi george campaign website", "annissa essaibi george campaign manager", "annissa essaibi george mother", "annissa essaibi george family"], "jon santiago background": ["john barros", "jon santiago wife", "jon santiago campaign manager", "jon santiago mayor", "jon santiago photographer", "jon santiago endorsements", "jon santiago high school", "jon santiago age"], "kim janey background": ["who is kim janey husband", "kim janey for mayor", "kim janey campaign", "kim janey campaign website", "kim janey age", "kim janey family", "kim janey wiki", "kim janey married", "kim janey background"], "michael bianchi background": ["michael bianchi boston", "michael j bianchi ii", "michael bianchi boston mayor", "michael bianchi brighton ma", "eric porter boston city council"], "john barros background": ["john barros", "john barros wife"], "michelle wu net worth": ["michelle wu, boston husband", "michelle wu family", "michelle wu instagram", "conor pewarski", "michelle wu age", "where does michelle wu live", "michelle wu mother", "michelle wu siblings"], "andrea campbell net worth": ["andrea campbell husband", "andrea campbell family", "andrea campbell twin brother", "andrea campbell husband matthew", "andrea campbell brother", "andrea campbell wikipedia", "andrea campbell father", "andrea campbell bio"], "dana depelteau net worth": ["dana depelteau black lives matter", "dana depelteau tweets", "dana depelteau twitter", "boston mayoral primary 2021 date", "boston mayoral polls", "boston mayoral election 2020", "annissa essaibi george", "boston mayoral primary date"], "annissa essaibi george net worth": ["annissa essaibi george parents", "annissa essaibi george father", "annissa essaibi george age", "annissa essaibi george staff", "annissa essaibi george endorsements", "where does annissa essaibi george live", "annissa essaibi george mother", "annissa essaibi george website"], "jon santiago net worth": ["jon santiago wife", "jon santiago campaign manager", "jon santiago age", "jon santiago high school", "jon santiago wife alexandra", "jon santiago endorsements", "john barros", "jon santiago photographer"], "kim janey net worth": ["kim janey age", "who is kim janey husband", "kim janey partner", "is kim janey married", "kim janey parents nationality", "kim janey for mayor", "kim janey family", "how old is kim janey daughter"], "michael bianchi net worth": [], "john barros net worth": ["john barros wife", "john barros wikipedia", "john barros education", "john barros boston", "kim janey", "kim janey boston", "kim janey husband"], "michelle wu crime": ["michelle wu announcement", "michelle wu signature collection", "michelle wu housing", "michelle wu events", "michelle wu child care", "michelle wu opioid", "michelle wu campaign", "michelle wu accomplishments"], "andrea campbell crime": ["who is andrea campbell husband", "andrea campbell bio", "andrea campbell twin brother", "andrea campbell family", "andrea campbell boston husband", "andrea campbell father", "andrea campbell wikipedia", "andrea campbell obituary"], "dana depelteau crime": ["dana depelteau black lives matter", "dana depelteau twitter", "dana depelteau tweets", "dana depelteau for mayor", "calla walsh"], "annissa essaibi george crime": ["annissa essaibi george endorsements", "annissa essaibi george commercial", "annissa essaibi george campaign manager"], "jon santiago crime": ["santiago chile", "where is santiago"], "kim janey crime": ["dennis white wife", "is kim janey a good mayor", "dennis white family", "kim janey political views", "dennis white parents", "kim janey boston herald", "kim janey press conference"], "michael bianchi crime": ["michael bianchi"], "john barros crime": ["john barros", "john barros massachusetts"], "michelle wu police": ["michelle wu announcement", "michelle wu election", "michelle wu signature collection", "michelle wu accomplishments", "michelle wu housing", "michelle wu child care", "michelle wu policies", "michelle wu dsa"], "andrea campbell police": ["andrea campbell husband", "andrea campbell brother", "andrea campbell sorority", "andrea campbell obituary", "andrea campbell events", "andrea campbell housing", "andrea campbell endorsements", "andrea campbell covid"], "dana depelteau police": [], "annissa essaibi george police": ["annissa essaibi george commercial", "annissa george", "annissa essaibi george endorsements", "annissa essaibi george campaign manager", "conor pewarski"], "jon santiago police": ["jon santiago wife", "jon santiago wife alexandra", "jon santiago campaign manager", "jon santiago high school", "jon santiago endorsements", "jon santiago mayor", "jon santiago photographer", "jon santiago linkedin"], "kim janey police": [], "michael bianchi police": ["michael bianchi boston", "michael bianchi boston city council", "michael bianchi boston mayor", "michael bianchi brighton ma", "eric porter boston city council"], "john barros police": ["john barros"], "michelle wu housing": ["michelle wu child care", "michelle wu announcement", "michelle wu public transportation", "michelle wu signature collection", "michelle wu events", "michelle wu policies", "michelle wu election", "michelle wu mbta"], "andrea campbell housing": ["who is andrea campbell husband", "andrea campbell husband matthew", "andrea campbell father", "andrea campbell family", "andrea campbell brother andre", "andrea campbell twin brother", "andrea campbell polls", "andrea campbell obituary"], "dana depelteau housing": ["dana depelteau twitter", "dana depelteau tweets", "john barros", "boston mayoral polls", "calla walsh", "kim janey", "annissa essaibi george", "michelle wu"], "annissa essaibi george housing": ["annissa essaibi george commercial", "annissa essaibi george staff", "annissa essaibi george campaign website", "annissa essaibi george father", "annissa essaibi george endorsements", "where does annissa essaibi george live", "annissa essaibi george parents", "annissa essaibi george twitter"], "jon santiago housing": ["jon santiago wife", "john barros", "jon santiago campaign manager", "jon santiago endorsements", "jon santiago wife alexandra", "jon santiago mayor", "jon santiago photographer", "jon santiago instagram"], "kim janey housing": ["kim janey campaign website", "kim janey campaign headquarters", "kim janey campaign manager", "kim janey for mayor", "kim janey kimesha", "who is kim janey husband", "kim janey partner", "kim janey parents nationality"], "michael bianchi housing": ["michael bianchi", "michael bianchi llc", "michael bianchi architect"], "john barros housing": ["john barros wife", "john barros family", "john barros bio", "john barros political party", "john barros bc high", "john barros age", "john barros boston wikipedia", "john barros education"]}