{"andrea campbell background": ["andrea campbell father", "andrea campbell family", "who is andrea campbell husband", "andrea campbell wikipedia", "andrea campbell brother", "andrea campbell parents", "andrea campbell twin brother", "andrea campbell age"], "andrea campbell boston": ["andrea campbell boston husband", "andrea campbell boston brother", "andrea campbell boston father", "andrea campbell boston police", "andrea campbell boston twitter", "andrea campbell boston globe", "andrea campbell twin brother", "andrea campbell husband matthew"], "andrea campbell COVID": false, "andrea campbell crime": ["who is andrea campbell husband", "andrea campbell bio", "andrea campbell twin brother", "andrea campbell boston husband", "andrea campbell family", "andrea campbell brother andre", "andrea campbell obituary", "andrea campbell wikipedia"], "andrea campbell Education": ["andrea campbell bio", "who is andrea campbell husband", "andrea campbell father", "andrea campbell family", "andrea campbell wikipedia", "andrea campbell education plan", "andrea campbell parents", "andrea campbell princeton"], "andrea campbell endorsement": false, "andrea campbell for mayor": ["andrea campbell bio", "andrea campbell obituary", "andrea campbell husband matthew", "andrea campbell campaign", "andrea campbell grandfather", "andrea campbell polls", "andrea campbell husband", "andrea campbell endorsements"], "andrea campbell housing": ["andrea campbell husband", "andrea campbell obituary", "andrea campbell endorsements", "andrea campbell boston public schools", "andrea campbell events", "andrea campbell covid", "andrea campbell campaign jobs", "andrea campbell education plan"], "andrea campbell LGBT": ["2slgbtq+", "2slgbtqia+"], "andrea campbell mayoral election": ["andrea campbell brother andre", "andrea campbell family", "andrea campbell husband matthew", "andrea campbell campaign manager", "andrea campbell twin brother", "andrea campbell bio", "andrea campbell parents", "andrea campbell wikipedia"], "andrea campbell MBTA": ["andrea campbell bio", "andrea campbell husband", "andrea campbell brother andre", "andrea campbell boston husband", "andrea campbell polls", "andrea campbell family", "andrea campbell father", "andrea campbell twin brother"], "andrea campbell net worth": ["who is andrea campbell husband", "andrea campbell husband matthew", "andrea campbell brother", "andrea campbell family", "andrea campbell bio", "andrea campbell twin brother", "andrea campbell wikipedia", "andrea campbell father"], "andrea campbell partner": ["andrea campbell family", "andrea campbell brother andre", "andrea campbell father", "andrea campbell twin brother", "andrea campbell bio", "andrea campbell husband matthew", "andrea campbell boston husband", "andrea campbell obituary"], "andrea campbell police": ["andrea campbell husband", "andrea campbell brother", "andrea campbell sorority", "andrea campbell obituary", "andrea campbell events", "andrea campbell housing", "andrea campbell endorsements", "andrea campbell covid"], "andrea campbell race": ["andrea campbell parents", "andrea campbell father", "andrea campbell family", "andrea campbell bio", "andrea campbell husband", "andrea campbell twin brother", "andrea campbell husband matthew", "andrea campbell wikipedia"], "andrea campbell transportation": ["andrea campbell campaign manager", "andrea campbell campaign jobs", "andrea campbell husband", "andrea campbell obituary", "andrea campbell fundraising", "andrea campbell events", "andrea campbell endorsements", "andrea campbell housing"], "andrea campbell": ["andrea campbell bio", "andrea campbell father", "andrea campbell husband", "andrea campbell wikipedia", "andrea campbell brother", "andrea campbell mit", "andrea campbell family", "andrea campbell twin brother"], "annissa essaibi george background": ["annissa essaibi george campaign", "annissa essaibi george staff", "annissa essaibi george mayor", "annissa essaibi george parents", "annissa essaibi george campaign manager", "annissa essaibi george boston globe", "annissa essaibi george mother", "annissa essaibi george campaign website"], "annissa essaibi george boston": ["annissa essaibi george family", "annissa essaibi george boston globe", "annissa essaibi george commercial", "annissa essaibi george campaign manager", "annissa essaibi george parents", "annissa essaibi george website", "annissa essaibi george facebook", "annissa essaibi george twitter"], "annissa essaibi george COVID": ["annissa essaibi george commercial", "boston mayoral election 2020", "annissa essaibi george twitter", "annissa essaibi george campaign manager", "boston mayoral election 2021 candidates", "annissa essaibi george endorsements", "annissa essaibi george polls", "annissa essaibi george facebook"], "annissa essaibi george crime": ["annissa essaibi george family", "annissa essaibi george campaign manager", "annissa essaibi george endorsements", "annissa essaibi george commercial", "annissa essaibi george wiki", "boston mayoral debate schedule", "annissa essaibi george pronunciation"], "annissa essaibi george Education": ["annissa essaibi george nationality", "annissa essaibi george parents", "annissa essaibi george staff", "annissa essaibi george boston globe", "annissa essaibi george family", "annissa essaibi george campaign manager", "annissa essaibi george father", "annissa essaibi george twitter"], "annissa essaibi george endorsement": ["annissa essaibi george commercial", "annissa essaibi george wiki", "annissa essaibi george pronunciation"], "annissa essaibi george for mayor": ["annissa essaibi george campaign website", "annissa essaibi george family", "annissa essaibi george campaign manager", "annissa essaibi george parents", "annissa essaibi george boston globe", "annissa essaibi george father", "annissa essaibi george facebook", "annissa essaibi george wiki"], "annissa essaibi george housing": ["annissa essaibi george commercial", "annissa essaibi george endorsements", "annissa essaibi george campaign manager"], "annissa essaibi george LGBT": ["2slgbtq+"], "annissa essaibi george mayoral election": ["annissa essaibi george staff", "annissa essaibi george twitter", "annissa essaibi george campaign", "annissa essaibi george campaign website", "annissa essaibi george endorsements", "annissa essaibi george father", "annissa essaibi george campaign manager", "annissa essaibi george family"], "annissa essaibi george MBTA": ["annissa essaibi george boston globe", "annissa essaibi george twitter", "annissa essaibi george commercial", "annissa essaibi george staff", "annissa essaibi george father", "annissa essaibi george campaign website", "annissa essaibi george endorsements", "annissa essaibi george campaign manager"], "annissa essaibi george net worth": ["annissa essaibi george endorsements", "annissa essaibi george father", "annissa essaibi george staff", "annissa essaibi george boston globe", "annissa essaibi george parents", "annissa essaibi george age", "annissa essaibi george twitter", "annissa essaibi george campaign manager"], "annissa essaibi george partner": ["annissa essaibi george father", "annissa essaibi george parents", "annissa essaibi george boston globe", "annissa essaibi george family", "annissa essaibi george twitter", "annissa essaibi george mother", "where does annissa essaibi george live", "annissa essaibi george age"], "annissa essaibi george police": ["annissa essaibi george commercial", "annissa essaibi george endorsements", "annissa essaibi george campaign manager", "annissa essaibi george pronunciation", "annissa essaibi george family", "annissa essaibi george wiki"], "annissa essaibi george race": ["annissa essaibi george parents", "annissa essaibi george staff", "annissa essaibi george father", "annissa essaibi george boston globe", "annissa essaibi george twitter", "annissa essaibi george commercial", "annissa essaibi george endorsements", "annissa essaibi george wiki"], "annissa essaibi george transportation": ["annissa essaibi george commercial", "annissa essaibi george campaign manager", "annissa essaibi george endorsements", "annissa essaibi george twitter", "annissa essaibi george father", "john barros", "annissa essaibi george website", "john barros boston"], "annissa essaibi george": ["annissa essaibi-george weight loss", "annissa essaibi george family", "annissa essaibi george commercial", "annissa essaibi george twitter", "annissa essaibi george parents", "annissa essaibi george wiki", "annissa essaibi george website", "annissa essaibi george father"], "boston mayor candidates": ["boston mayoral candidates on the issues", "michelle wu boston mayor", "boston mayoral primary", "boston mayoral polls", "boston mayoral candidates comparison", "boston mayoral debate", "boston mayoral election 2021 polls", "boston mayoral election results"], "boston mayoral election": ["boston mayoral election 2020", "boston mayoral election results", "boston mayoral primary", "boston mayoral polls", "boston mayoral election 2021 polls", "boston mayoral candidates on the issues", "2017 boston mayoral election", "boston mayoral candidates comparison"], "dana depelteau background": ["dana depelteau black lives matter", "john barros", "dana depelteau twitter", "michelle wu", "calla walsh", "annissa essaibi george", "boston mayoral candidates", "jon santiago"], "dana depelteau boston": ["dana depelteau black lives matter", "dana depelteau twitter", "dana depelteau tweets", "dana depelteau for mayor", "calla walsh"], "dana depelteau COVID": ["dana depelteau black lives matter", "dana depelteau twitter", "dana depelteau tweets", "john barros", "annissa essaibi george", "boston mayoral polls", "michelle wu", "boston mayoral candidates"], "dana depelteau crime": ["dana depelteau black lives matter", "dana depelteau twitter", "dana depelteau boston", "dana depelteau mayor", "dana depelteau tweets", "calla walsh"], "dana depelteau Education": ["dana depelteau black lives matter", "dana depelteau twitter", "dana depelteau tweets", "michelle wu", "calla walsh", "annissa essaibi george family", "annissa essaibi george father"], "dana depelteau endorsement": ["2021 boston mayoral election", "dana depelteau twitter", "boston mayoral election 2020", "boston mayoral candidates on the issues", "boston mayoral polls", "boston mayoral debate 2021", "boston mayoral election results", "boston mayoral primary"], "dana depelteau for mayor": ["dana depelteau black lives matter", "dana depelteau twitter", "boston mayoral election 2020", "when is boston mayoral election 2021", "dana depelteau tweets", "boston mayoral candidates", "boston mayoral candidates on the issues", "boston mayoral primary"], "dana depelteau housing": ["dana depelteau twitter", "dana depelteau tweets", "john barros", "boston mayoral polls", "calla walsh", "annissa essaibi george", "michelle wu", "boston mayoral candidates on the issues"], "dana depelteau LGBT": ["dana depelteau twitter", "dana depelteau tweets", "calla walsh", "dana depelteau linkedin", "2slgbtq+", "2slgbtqia+"], "dana depelteau mayoral election": ["boston mayoral election 2020", "boston mayoral candidates 2021", "boston mayoral election results", "dana depelteau twitter", "dana depelteau black lives matter", "boston mayoral polls", "boston mayoral primary election", "boston mayoral candidates on the issues"], "dana depelteau MBTA": ["dana depelteau black lives matter", "dana depelteau twitter", "dana depelteau tweets", "calla walsh"], "dana depelteau net worth": ["dana depelteau black lives matter", "dana depelteau twitter", "boston mayoral polls", "when is boston mayoral election 2021", "dana depelteau tweets", "boston mayoral election 2020", "boston mayoral primary date", "dana depelteau for mayor"], "dana depelteau partner": ["dana depelteau black lives matter", "dana depelteau twitter", "dana depelteau tweets", "calla walsh"], "dana depelteau police": ["dana depelteau black lives matter", "dana depelteau twitter", "dana depelteau boston", "dana depelteau tweets", "dana depelteau mayor", "calla walsh"], "dana depelteau race": ["dana depelteau black lives matter", "who is running for boston mayor", "dana depelteau boston", "dana depelteau twitter", "dana depelteau mayor", "when is boston mayoral election 2021", "annissa essaibi george", "boston mayoral polls"], "dana depelteau transportation": ["dana depelteau black lives matter", "john barros", "dana depelteau twitter", "dana depelteau for mayor", "calla walsh wikipedia", "boston mayoral candidates", "michelle wu", "jon santiago"], "dana depelteau": ["dana depelteau black lives matter", "dana depelteau twitter", "dana depelteau linkedin", "dana depelteau tweets", "calla walsh", "annissa essaibi george", "boston mayoral polls", "who is running for boston mayor"], "john barros background": ["john barros restaurant"], "john barros boston": ["john barros boston wikipedia", "john barros boston wife", "john barros boston globe", "john barros boston restaurant", "john barros boston political party", "john barros wife", "john barros for mayor website", "john barros bc high"], "john barros COVID": ["john barros wife", "john barros for mayor", "john barros family"], "john barros crime": ["john barros wife", "john barros boston", "john barros bio", "john barros for mayor", "john barros age", "john barros family", "boston mayoral debate schedule", "john barros facebook"], "john barros Education": ["john barros boston wikipedia", "john barros for mayor website", "john barros political party", "john barros wife", "john barros wikipedia", "john barros age", "john barros bio", "john barros ethnicity"], "john barros endorsement": ["john barros boston political party", "john barros boston wife", "john barros for mayor website", "john barros boston wikipedia", "john barros high school", "john barros campaign manager", "john barros age", "john barros twitter"], "john barros for mayor": ["john barros boston mayor", "john barros for mayor website", "john barros political party", "john barros wife", "john barros bio", "john barros boston wikipedia", "john barros boston political party", "john barros boston wife"], "john barros housing": ["john barros for mayor website", "john barros wife", "john barros boston wife", "john barros boston wikipedia", "john barros family", "john barros bio", "john barros wikipedia", "john barros political party"], "john barros LGBT": ["2slgbtq+", "2slgbtqia+"], "john barros mayoral election": ["john barros for mayor", "john barros political party", "john barros for mayor website", "john barros boston political party", "boston mayoral candidates", "john barros boston wikipedia", "john barros boston mayor", "john barros wife"], "john barros MBTA": ["john barros boston globe", "john barros for mayor website", "john barros boston wikipedia", "john barros wife", "john barros boston wife", "john barros bc high", "john barros age", "john barros political party"], "john barros net worth": ["john barros wife", "john barros wikipedia", "john barros boston", "john barros bio", "john barros political party", "john barros restaurant", "john barros bc high", "john barros education"], "john barros partner": ["john barros wife", "john barros political party", "john barros boston", "john barros wiki"], "john barros police": false, "john barros race": ["john barros for mayor website", "john barros wikipedia", "john barros boston wikipedia", "john barros bio", "john barros family", "john barros wife", "john barros political party", "john barros boston wife"], "john barros transportation": false, "john barros": ["john barros restaurant", "john barros boston wikipedia", "john barros boston restaurant", "john barros boston globe", "john barros wiki", "john barros political party", "john barros for mayor website", "john barros mayor"], "jon santiago background": ["john barros", "jon santiago high school", "jon santiago campaign manager", "jon santiago mayor", "jon santiago photographer", "jon santiago endorsements", "jon santiago boston globe", "jon santiago wife alexandra"], "jon santiago boston": ["jon santiago boston globe", "jon santiago wife", "jon santiago linkedin", "jon santiago high school", "jon santiago endorsements", "jon santiago age", "jon santiago campaign manager", "jon santiago wife alexandra"], "jon santiago COVID": ["jon santiago instagram"], "jon santiago crime": ["jon santiago wife", "jon santiago endorsements", "jon santiago campaign manager", "jon santiago boston", "jon santiago wife alexandra", "john barros boston"], "jon santiago Education": ["jon santiago photographer", "jon santiago wife", "jon santiago high school", "jon santiago mayor", "john barros", "jon santiago campaign manager", "jon santiago bio", "jon santiago age"], "jon santiago endorsement": ["jon santiago wife", "jon santiago campaign manager"], "jon santiago for mayor": ["jon santiago wife", "jon santiago campaign manager", "jon santiago high school", "jon santiago endorsements", "jon santiago twitter", "jon santiago wife alexandra", "jon santiago age", "jon santiago boston globe"], "jon santiago housing": ["jon santiago wife", "jon santiago endorsements", "jon santiago campaign manager", "john barros", "jon santiago high school", "jon santiago wife alexandra", "jon santiago boston", "jon santiago instagram"], "jon santiago LGBT": ["2slgbtq+", "2slgbtqia+"], "jon santiago mayoral election": ["jon santiago wife", "jon santiago campaign manager", "jon santiago endorsements"], "jon santiago MBTA": ["jon santiago wife", "jon santiago high school", "jon santiago boston globe", "jon santiago age", "jon santiago wife alexandra", "jon santiago endorsements", "jon santiago campaign manager", "jon santiago photographer"], "jon santiago net worth": ["jon santiago wife", "jon santiago high school", "jon santiago wife alexandra", "jon santiago campaign manager", "jon santiago boston", "jon santiago age", "jon santiago endorsements", "jon santiago boston globe"], "jon santiago partner": false, "jon santiago police": ["jon santiago wife", "jon santiago high school", "jon santiago linkedin", "jon santiago wife alexandra", "jon santiago endorsements", "jon santiago mayor", "jon santiago campaign manager", "jon santiago age"], "jon santiago race": ["jon santiago wife", "jon santiago endorsements", "jon santiago campaign manager"], "jon santiago transportation": ["jon santiago campaign manager", "jon santiago wife", "jon santiago high school", "jon santiago endorsements", "jon santiago boston", "john barros boston", "jon santiago wife alexandra", "jon santiago boston globe"], "jon santiago": ["jon santiago wife", "jon santiago photographer", "jon santiago high school", "jon santiago age", "jon santiago boston globe", "jon santiago instagram", "jon santiago linkedin", "jon santiago endorsements"], "kim janey background": ["kim janey smith college", "kim janey for mayor", "kim janey campaign website", "kim janey age", "who is kim janey husband", "kim janey family", "kim janey policies", "kim janey political views"], "kim janey boston": ["kim janey age", "kim janey campaign headquarters", "kim janey campaign website", "kim janey partner", "kim janey for mayor", "phyllis janey", "is kim janey married", "kim janey political views"], "kim janey COVID": ["massachusetts mask mandate 2021", "massachusetts indoor mask mandate", "mask mandate boston", "mask mandate cambridge, ma", "regeneron monoclonal antibody covid-19", "cdc covid cruise ships", "somerville mask mandate", "new york mask mandate"], "kim janey crime": ["kim janey for mayor", "is kim janey a good mayor", "kim janey political views", "kim janey boston herald", "kim janey husband", "kim janey press conference"], "kim janey Education": ["kim janey smith college", "kim janey reading memorial high school", "kim janey boston", "who is kim janey husband", "kim janey political views", "kim janey for mayor campaign", "kim janey campaign website", "kim janey for mayor"], "kim janey endorsement": false, "kim janey for mayor": ["kim janey for mayor campaign", "kim janey campaign website", "kim janey campaign manager", "is kim janey married", "who is kim janey husband", "kim janey campaign headquarters", "kim janey political views", "kim janey partner"], "kim janey housing": ["kim janey campaign website", "kim janey campaign headquarters", "kim janey for mayor", "kim janey campaign manager", "who is kim janey husband", "kim janey kimesha", "kim janey partner", "kim janey family"], "kim janey LGBT": false, "kim janey mayoral election": ["kim janey for mayor", "kim janey for mayor campaign", "boston mayoral election", "kim janey age", "kim janey partner", "who is kim janey husband", "mayor kim janey husband", "mayor janey"], "kim janey MBTA": ["kim janey for mayor", "kim janey for mayor campaign", "kim janey age", "who is kim janey husband", "kim janey boston", "kim janey political views", "kim janey smith college", "kim janey staff"], "kim janey net worth": ["who is kim janey husband", "kim janey partner", "kim janey age", "kim janey wikipedia", "kim janey parents nationality", "how old is kim janey daughter", "kim janey smith college", "kim janey for mayor"], "kim janey partner": ["kim janey political views", "kim janey net worth", "how old is kim janey daughter", "kim janey parents nationality", "kim janey campaign", "kim janey staff", "mayor kim janey husband", "is mayor kim janey married"], "kim janey police": false, "kim janey race": ["kim janey for mayor", "kim janey for mayor campaign", "kim janey age", "who is kim janey husband", "kim janey partner", "kim janey smith college", "kim janey political views", "kim janey campaign"], "kim janey transportation": false, "kim janey": ["kim janey political views", "who is kim janey husband", "kim janey campaign headquarters", "kim janey campaign manager", "kim janey twitter", "kim janey smith college", "is kim janey married", "kim janey age"], "michael bianchi background": ["michael bianchi boston", "michael bianchi boston city council", "michael bianchi brighton ma", "michael bianchi boston mayor", "eric porter boston city council", "michael bianchi actor"], "michael bianchi boston": ["michael bianchi brighton ma", "michael bianchi boston city council", "michael bianchi boston mayor", "eric porter boston city council"], "michael bianchi COVID": ["michael bianchi boston", "michael bianchi boston city council", "michael bianchi boston mayor", "michael bianchi brighton ma", "eric porter boston city council"], "michael bianchi crime": ["kenneth bianchi 2021", "what does kenneth bianchi look like now", "what happened to kenneth bianchi's son", "veronica compton", "hillside strangler documentary", "hillside strangler 4 survivors"], "michael bianchi Education": false, "michael bianchi endorsement": ["boston mayoral polls", "boston mayoral candidates on the issues", "michael bianchi boston mayor", "eric porter boston city council", "dana depelteau"], "michael bianchi for mayor": ["michael bianchi brighton ma", "michael bianchi boston", "michael bianchi boston city council", "eric porter boston city council", "road bikes for sale", "mens bikes", "used bikes for sale"], "michael bianchi housing": ["michael bianchi boston", "michael bianchi boston city council", "michael bianchi brighton ma", "michael bianchi boston mayor", "eric porter boston city council"], "michael bianchi LGBT": ["lgbtiqcapgngfnba", "lgbtq+ full acronym 2021", "lgbtqqip2saa", "lgbtqia2s+", "lgbtqiapk", "lgbtq meaning of each letter", "lgbt community"], "michael bianchi mayoral election": ["michael bianchi boston", "michael bianchi brighton ma", "eric porter boston city council"], "michael bianchi MBTA": ["michael bianchi boston city council", "michael bianchi boston mayor"], "michael bianchi net worth": false, "michael bianchi partner": false, "michael bianchi police": ["michael bianchi boston", "michael bianchi boston city council", "michael bianchi brighton ma", "michael bianchi boston mayor", "eric porter boston city council"], "michael bianchi race": ["michael bianchi boston", "michael bianchi brighton ma", "michael bianchi boston city council", "michael bianchi boston mayor", "eric porter boston city council"], "michael bianchi transportation": false, "michael bianchi": ["michael bianchi boston", "michael bianchi boston mayor", "michael bianchi boston city council", "michael bianchi brighton ma", "eric porter boston city council"], "michelle wu background": ["michelle wu family", "michelle wu endorsements", "where does michelle wu live", "michelle wu mother", "michelle wu wikipedia", "michelle wu polls", "michelle wu campaign staff", "michelle wu campaign manager"], "michelle wu boston": ["michelle wu boston globe", "michelle wu family", "michelle wu boston mayor polls", "where does michelle wu live", "michelle wu email", "michelle wu boston mayor", "michelle wu campaign staff", "michelle wu endorsements"], "michelle wu COVID": ["michelle wu chinatown"], "michelle wu crime": ["michelle wu announcement", "michelle wu housing", "michelle wu election", "michelle wu signature collection", "michelle wu opioid", "michelle wu child care", "michelle wu events", "michelle wu accomplishments"], "michelle wu Education": ["michelle wu education plan", "michelle wu family", "michelle wu mayor", "michelle wu transportation", "where does michelle wu live", "michelle wu campaign staff", "michelle wu mother", "michelle wu linkedin"], "michelle wu endorsement": ["michelle wu election", "michelle wu instagram", "andrea campbell endorsements", "michelle wu housing", "michelle wu chinatown", "michelle wu child care", "michelle wu signature collection", "michelle wu dsa"], "michelle wu for mayor": ["michelle wu boston husband", "michelle wu campaign staff", "michelle wu instagram", "michelle wu family", "michelle wu twitter", "michelle wu polls", "michelle wu linkedin", "michelle wu campaign manager"], "michelle wu housing": ["michelle wu child care", "michelle wu policies", "michelle wu boston globe", "michelle wu public transportation", "michelle wu announcement", "michelle wu consulting", "michelle wu mbta", "michelle wu election"], "michelle wu LGBT": ["2slgbtq+", "2slgbtqia+"], "michelle wu mayoral election": ["boston mayoral election", "michelle wu election", "michelle wu husband", "michelle wu twitter", "michelle wu family", "michelle wu instagram", "michelle wu campaign staff", "michelle wu wikipedia"], "michelle wu MBTA": ["michelle wu election", "michelle wu housing", "michelle wu signature collection", "michelle wu announcement", "michelle wu small business", "michelle wu policies", "michelle wu chinatown", "michelle wu accomplishments"], "michelle wu net worth": ["michelle wu boston husband", "michelle wu instagram", "michelle wu family", "michelle wu salary", "where does michelle wu live", "michelle wu age", "michelle wu twitter", "michelle wu siblings"], "michelle wu partner": ["michelle wu instagram", "where does michelle wu live", "michelle wu siblings", "michelle wu mayor", "michelle wu wikipedia", "michelle wu age", "michelle wu announcement", "michelle wu twitter"], "michelle wu police": ["michelle wu announcement", "michelle wu election", "michelle wu housing", "michelle wu accomplishments", "michelle wu child care", "michelle wu policies", "michelle wu signature collection", "michelle wu dsa"], "michelle wu race": ["michelle wu boston husband", "michelle wu instagram", "michelle wu family", "michelle wu mayor", "michelle wu twitter", "michelle wu linkedin", "michelle wu campaign staff", "michelle wu education"], "michelle wu transportation": ["michelle wu signature collection", "michelle wu housing", "michelle wu election", "michelle wu announcement", "michelle wu dsa", "michelle wu accomplishments", "michelle wu child care", "michelle wu chinatown"], "michelle wu": ["michelle wu wikipedia", "michelle wu linkedin", "michelle wu instagram", "michelle wu twitter", "michelle wu family", "michelle wu campaign staff", "michelle wu campaign manager", "michelle wu father"]}