{"andrea campbell background": ["andrea campbell father", "andrea campbell family", "andrea campbell brother", "andrea campbell wikipedia", "andrea campbell parents", "andrea campbell husband", "andrea campbell twin brother", "andrea campbell brother andre"], "andrea campbell boston": ["andrea campbell boston husband", "andrea campbell boston brother", "andrea campbell boston father", "andrea campbell brother andre", "andrea campbell boston mayor", "andrea campbell boston platform", "andrea campbell family", "andrea campbell boston globe"], "andrea campbell COVID": ["andrea campbell argentina", "andrea campbell argentina edad"], "andrea campbell crime": ["andrea campbell bio", "andrea campbell twin brother", "andrea campbell husband", "andrea campbell family", "andrea campbell boston husband", "andrea campbell brother", "andrea campbell father", "andrea campbell age"], "andrea campbell Education": ["andrea campbell family", "andrea campbell brother andre", "andrea campbell bio", "andrea campbell husband", "andrea campbell father", "andrea campbell wikipedia", "andrea campbell parents", "andrea campbell education plan"], "andrea campbell endorsement": ["andrea campbell husband", "andrea campbell fundraising", "andrea campbell campaign manager", "andrea campbell campaign jobs", "andrea campbell boston platform", "andrea campbell events", "andrea campbell obituary", "andrea campbell brother andre"], "andrea campbell for mayor": ["andrea campbell bio", "andrea campbell campaign manager", "andrea campbell brother andre", "andrea campbell father", "andrea campbell parents", "andrea campbell family", "andrea campbell brother", "andrea campbell city council"], "andrea campbell housing": ["andrea campbell husband matthew", "andrea campbell husband", "andrea campbell family", "andrea campbell father", "andre campbell", "andrea campbell brother andre", "andre campbell obituary", "andrea campbell twin brother"], "andrea campbell LGBT": ["when was lgbtq created", "lgbtq meaning of each letter", "lgbtq sexualities", "lgbtq day"], "andrea campbell mayoral election": ["andrea campbell family", "andrea campbell brother", "andrea campbell twin brother", "andrea campbell campaign manager", "andrea campbell husband", "andrea campbell husband matthew", "andrea campbell for mayor", "andrea campbell bio"], "andrea campbell MBTA": ["andrea campbell bio", "andrea campbell brother andre", "andrea campbell husband", "andrea campbell boston husband", "andrea campbell family", "andrea campbell twin brother", "andrea campbell father", "andrea campbell age"], "andrea campbell net worth": ["andrea campbell husband", "andrea campbell family", "andrea campbell twin brother", "andrea campbell husband matthew", "andrea campbell brother", "andrea campbell father", "andrea campbell bio", "andrea campbell age"], "andrea campbell partner": ["andrea campbell brother", "andrea campbell husband matthew", "andrea campbell brother andre", "andrea campbell obituary", "andrea campbell events", "andrea campbell housing", "andrea campbell campaign manager", "andrea campbell covid"], "andrea campbell police": ["andrea campbell husband", "andrea campbell police union", "andrea campbell brother", "andrea campbell obituary", "andrea campbell brother andre", "andrea campbell events", "andrea campbell housing", "andrea campbell endorsements"], "andrea campbell race": ["andrea campbell parents", "andrea campbell father", "andrea campbell family", "andrea campbell husband", "andrea campbell bio", "andrea campbell twin brother", "andrea campbell brother", "andrea campbell husband matthew"], "andrea campbell transportation": ["andrea campbell campaign manager", "andrea campbell campaign jobs", "andrea campbell husband", "andrea campbell events", "andrea campbell obituary", "andrea campbell boston public schools", "andrea campbell housing", "andrea campbell endorsements"], "andrea campbell": ["andrea campbell husband", "andrea campbell brother andre", "andrea campbell brother", "andrea campbell father", "andrea campbell age", "andrea campbell family", "andrea campbell princeton", "andrea campbell boston husband"], "annissa essaibi george background": ["annissa essaibi george father", "annissa essaibi george ethnicity", "annissa essaibi george staff", "annissa essaibi george mayor", "annissa essaibi george parents", "annissa essaibi george campaign", "annissa essaibi george campaign manager", "annissa essaibi george mother"], "annissa essaibi george boston": ["annissa essaibi george boston globe", "annissa essaibi george ethnicity", "annissa essaibi george father", "douglas george boston", "annissa essaibi-george weight loss", "annissa essaibi george website", "annissa essaibi george parents", "annissa essaibi george twitter"], "annissa essaibi george COVID": ["annissa essaibi george ethnicity", "annissa essaibi george mayor", "annissa essaibi george twitter", "annissa essaibi george endorsements", "annissa essaibi george family", "annissa essaibi george campaign manager", "annissa essaibi george facebook", "annissa essaibi george instagram"], "annissa essaibi george crime": ["annissa essaibi george mayor", "annissa essaibi george campaign manager", "annissa essaibi george endorsements"], "annissa essaibi george Education": ["annissa essaibi george parents", "annissa essaibi george ethnicity", "annissa essaibi george staff", "annissa essaibi george mayor", "annissa george", "annissa essaibi george father", "annissa essaibi george family", "annissa essaibi george twitter"], "annissa essaibi george endorsement": ["annissa essaibi george mayor", "annissa essaibi george staff", "annissa essaibi george campaign manager", "annissa essaibi george twitter", "annissa essaibi george family", "annissa essaibi george wiki", "boston globe annissa essaibi george"], "annissa essaibi george for mayor": ["annissa essaibi george ethnicity", "annissa essaibi george campaign website", "annissa essaibi george campaign manager", "annissa for boston", "annissa essaibi george parents", "annissa george", "annissa essaibi george family", "annissa essaibi george father"], "annissa essaibi george housing": ["annissa george", "annissa essaibi george ethnicity", "annissa essaibi george staff", "annissa essaibi george campaign website", "annissa essaibi george endorsements", "annissa essaibi george father", "annissa essaibi george family", "annissa essaibi george campaign manager"], "annissa essaibi george LGBT": ["when was lgbtq created"], "annissa essaibi george mayoral election": ["annissa essaibi george twitter", "annissa essaibi george father", "annissa essaibi george campaign website", "annissa essaibi george endorsements", "annissa essaibi george campaign manager", "annissa essaibi george family", "john barros", "annissa essaibi george facebook"], "annissa essaibi george MBTA": ["annissa essaibi george boston", "annissa essaibi george father", "annissa essaibi george twitter", "annissa essaibi george boston globe", "annissa essaibi george website", "annissa essaibi george ethnicity", "annissa essaibi george staff", "annissa george"], "annissa essaibi george net worth": ["annissa essaibi george endorsements", "annissa essaibi george father", "annissa essaibi george staff", "annissa essaibi george parents", "annissa essaibi george age", "annissa essaibi george twitter", "annissa for boston", "annissa essaibi george website"], "annissa essaibi george partner": ["annissa essaibi george father", "annissa essaibi george ethnicity", "annissa essaibi george parents", "annissa essaibi george family", "annissa essaibi george staff", "annissa essaibi george twitter", "annissa essaibi george endorsements", "annissa essaibi george wiki"], "annissa essaibi george police": ["annissa essaibi george endorsements", "annissa essaibi george ethnicity", "jon santiago", "annissa essaibi george twitter", "annissa essaibi george campaign manager", "annissa essaibi george family", "annissa essaibi george wiki"], "annissa essaibi george race": ["annissa essaibi george father", "annissa essaibi george twitter", "annissa essaibi george endorsements", "annissa essaibi george boston globe", "annissa essaibi george political views", "annissa essaibi george person of color", "john barros", "annissa essaibi george family"], "annissa essaibi george transportation": ["annissa essaibi george mayor", "annissa essaibi george father", "annissa essaibi george political views", "annissa essaibi george ethnicity", "annissa essaibi george twitter", "annissa essaibi george endorsements", "annissa essaibi george campaign manager", "annissa essaibi george person of color"], "annissa essaibi george": ["annissa essaibi george ethnicity", "annissa george", "annissa essaibi george father", "annissa essaibi george political views", "annissa for boston", "annissa essaibi-george weight loss", "annissa essaibi george family", "annissa essaibi george parents"], "boston mayor candidates": ["boston mayoral election 2020", "when is the boston mayoral primary", "boston mayoral race candidates 2021", "boston mayoral election 2021 primary", "boston mayoral election results", "boston mayoral candidates on the issues", "boston mayoral polls", "boston mayoral candidates comparison"], "boston mayoral election": ["boston mayoral election results", "boston mayoral election 2020", "boston mayoral election 2021 primary", "boston mayoral polls", "boston mayoral election primary", "boston mayoral election 2021 polls", "2017 boston mayoral election", "boston mayoral candidates on the issues"], "dana depelteau background": ["dana depelteau black lives matter", "john barros", "dana depelteau twitter", "michelle wu", "richard spagnuolo mayor", "michael j. bianchi ii", "boston mayoral polls", "calla walsh"], "dana depelteau boston": ["dana depelteau black lives matter", "dana depelteau twitter", "dana depelteau tweets", "dana depelteau for mayor", "calla walsh", "michelle wu"], "dana depelteau COVID": ["dana depelteau black lives matter", "dana depelteau twitter", "dana depelteau boston", "dana depelteau mayor", "dana depelteau tweets", "michelle wu", "calla walsh"], "dana depelteau crime": ["dana depelteau twitter", "dana depelteau tweets", "dana depelteau for mayor", "michelle wu", "jon santiago", "calla walsh"], "dana depelteau Education": ["dana depelteau black lives matter", "dana depelteau twitter", "dana depelteau tweets", "michelle wu", "calla walsh"], "dana depelteau endorsement": ["john barros", "boston mayoral candidates 2021", "boston mayoral election 2020", "boston city council candidates 2021", "boston mayoral debate 2021", "boston mayoral election candidates", "boston mayoral poll 2021", "boston mayoral primary 2021 date"], "dana depelteau for mayor": ["dana depelteau black lives matter", "dana depelteau twitter", "dana depelteau tweets", "michelle wu", "calla walsh"], "dana depelteau housing": ["dana depelteau twitter", "dana depelteau tweets", "john barros", "dana depelteau for mayor", "boston mayoral polls", "calla walsh", "annissa essaibi george", "michelle wu"], "dana depelteau LGBT": ["when was lgbtq created", "lgbtq meaning of each letter", "lgbtq sexualities", "lgbtq day"], "dana depelteau mayoral election": ["boston mayoral candidates 2021", "boston mayoral election 2020", "dana depelteau twitter", "richard spagnuolo mayor", "dana depelteau black lives matter", "boston mayoral election results", "boston mayoral polls", "boston mayoral race primary"], "dana depelteau MBTA": ["dana depelteau black lives matter", "dana depelteau twitter", "dana depelteau tweets", "calla walsh", "michelle wu"], "dana depelteau net worth": ["dana depelteau black lives matter", "dana depelteau twitter", "dana depelteau tweets", "boston mayoral polls", "boston mayoral candidates 2021", "boston mayoral poll 2021", "dana depelteau for mayor", "boston mayoral election 2020"], "dana depelteau partner": ["dana depelteau black lives matter", "dana depelteau twitter", "calla walsh"], "dana depelteau police": ["dana depelteau black lives matter", "dana depelteau twitter", "dana depelteau boston", "dana depelteau tweets", "dana depelteau mayor", "michelle wu", "calla walsh"], "dana depelteau race": ["dana depelteau black lives matter", "richard spagnuolo mayor", "kim janey for mayor", "who is running for boston mayor", "dana depelteau twitter", "boston mayoral polls", "boston mayoral race candidates 2021", "boston mayoral candidates 2021"], "dana depelteau transportation": ["dana depelteau black lives matter", "john barros", "dana depelteau twitter", "calla walsh wikipedia", "dana depelteau for mayor", "calla walsh parents", "boston mayoral polls", "calla walsh cambridge parents"], "dana depelteau": ["dana depelteau black lives matter", "dana depelteau twitter", "dana depelteau tweets", "dana depelteau linkedin", "calla walsh", "michelle wu"], "john barros background": ["john barros for mayor website", "john barros mayor", "john barros, boston", "john barros bc high", "john barros restaurant"], "john barros boston": ["john barros boston wikipedia", "john barros boston wife", "john barros boston restaurant", "john barros boston globe", "john barros for mayor website", "john barros twitter", "john barros bc high", "john barros age"], "john barros COVID": ["john barros for mayor website", "john barros wife", "john barros boston wikipedia", "john barros wikipedia", "john barros political party", "john barros restaurant", "john barros bc high", "john barros age"], "john barros crime": false, "john barros Education": ["john barros for mayor website", "john barros political party", "john barros wife", "john barros bio", "john barros age", "john barros wikipedia", "john barros boston wikipedia", "john barros ethnicity"], "john barros endorsement": ["john barros for mayor website", "john barros political party", "john barros wife", "john barros bc high", "john barros wikipedia", "john barros boston wikipedia", "john barros family", "john barros twitter"], "john barros for mayor": ["john barros for mayor website", "john barros political party", "john barros wife", "john barros bio", "john barros boston mayor", "john barros family", "john barros restaurant", "john barros wikipedia"], "john barros housing": ["john barros for mayor website", "john barros wife", "john barros family", "john barros bio", "john barros political party", "john barros bc high", "john barros wikipedia", "john barros boston wikipedia"], "john barros LGBT": ["when was lgbtq created", "lgbtq meaning of each letter", "lgbtq sexualities", "lgbtq day"], "john barros mayoral election": ["john barros political party", "john barros for mayor website", "john barros wife", "john barros mayor 2021", "john barros boston wikipedia", "john barros bio", "john barros boston mayor", "john barros campaign manager"], "john barros MBTA": ["john barros for mayor website", "john barros wife", "john barros boston wikipedia", "john barros bio", "john barros political party", "john barros city of boston", "john barros age", "john barros bc high"], "john barros net worth": ["john barros wife", "john barros wikipedia", "john barros age", "john barros bio", "john barros restaurant", "john barros bc high", "john barros education", "john barros, boston"], "john barros partner": ["john barros wife", "john barros family", "john barros wikipedia", "john barros political party", "john barros boston wikipedia", "john barros bio", "john barros for mayor website", "john barros campaign"], "john barros police": false, "john barros race": ["john barros wikipedia", "john barros family", "john barros for mayor website", "john barros bio", "john barros wife", "john barros political party", "john barros boston wikipedia", "john barros campaign manager"], "john barros transportation": ["john barros for mayor website", "john barros political party", "john barros boston wikipedia", "john barros wiki", "john barros wife", "john barros campaign", "john barros bio", "john barros campaign manager"], "john barros": ["john barros wife", "john barros wikipedia", "john barros family", "john barros restaurant", "john barros political party", "john barros for mayor website", "john barros twitter", "john barros campaign"], "jon santiago background": ["john barros", "jon santiago wife", "jon santiago mayor", "jon santiago endorsements", "jon santiago photographer", "jon santiago campaign manager", "jon santiago age", "is jon santiago married"], "jon santiago boston": ["jon santiago wife", "jon santiago boston globe", "jon santiago campaign", "jon santiago endorsements", "jon santiago age", "is jon santiago married", "rep jon santiago", "jon santiago high school"], "jon santiago COVID": false, "jon santiago crime": ["jon santiago wife", "jon santiago endorsements", "jon santiago mayor", "jon santiago wife alexandra", "jon santiago campaign manager", "jon santiago age", "jon santiago boston globe", "john barros"], "jon santiago Education": ["jon santiago photographer", "is jon santiago married", "john barros", "jon santiago bio", "jon santiago mayor", "jon santiago age", "jon santiago high school", "jon santiago campaign manager"], "jon santiago endorsement": false, "jon santiago for mayor": ["jon santiago wife", "jon santiago campaign manager", "jon santiago photographer", "jon santiago endorsements", "john barros", "is jon santiago married", "jon santiago high school", "jon santiago state representative"], "jon santiago housing": ["jon santiago wife", "is jon santiago married", "john barros", "jon santiago endorsements", "jon santiago wife alexandra", "jon santiago campaign", "jon santiago mayor", "jon santiago campaign manager"], "jon santiago LGBT": ["when was lgbtq created", "lgbtq meaning of each letter", "lgbtq sexualities", "lgbtq day"], "jon santiago mayoral election": false, "jon santiago MBTA": ["jon santiago wife", "is jon santiago married", "jon santiago photographer", "jon santiago endorsements", "jon santiago high school", "jon santiago wife alexandra", "jon santiago age", "rep jon santiago"], "jon santiago net worth": false, "jon santiago partner": false, "jon santiago police": ["jon santiago wife", "jon santiago endorsements", "jon santiago state representative", "is jon santiago married", "jon santiago wife alexandra", "jon santiago campaign", "jon santiago mayor", "jon santiago photographer"], "jon santiago race": false, "jon santiago transportation": ["jon santiago campaign manager", "jon santiago wife", "jon santiago boston", "john barros", "jon santiago wife alexandra", "jon santiago endorsements", "jon santiago age", "jon santiago boston globe"], "jon santiago": ["jon santiago wife", "is jon santiago married", "jon santiago photographer", "jon santiago campaign", "jon santiago boston", "jon santiago age", "jon santiago instagram", "rep jon santiago"], "kim janey background": ["who is kim janey husband", "kim janey family", "kim janey married", "kim janey campaign website", "kim janey campaign manager", "kim janey wiki", "kim janey father", "kim janey political views"], "kim janey boston": ["kim janey husband", "kim janey age", "kim janey campaign website", "kim janey for mayor", "kim janey political views", "kim janey for mayor campaign", "kim janey partner", "kim janey campaign manager"], "kim janey COVID": false, "kim janey crime": ["kim janey political views", "kim janey boston herald", "kim janey press conference"], "kim janey Education": ["kim janey smith college", "kim janey reading memorial high school", "kim janey boston", "who is kim janey husband", "kim janey for mayor campaign", "kim janey political views", "kim janey family", "kim janey age"], "kim janey endorsement": false, "kim janey for mayor": ["kim janey for mayor campaign", "kim janey campaign website", "kim janey campaign", "kim janey campaign manager", "kim janey husband", "kim janey partner", "kim janey political views", "kim janey age"], "kim janey housing": ["kim janey for mayor", "kim janey campaign manager", "kim janey election", "who is kim janey husband", "kim janey partner", "kim janey parents nationality", "kim janey family", "kim janey volunteer"], "kim janey LGBT": ["when was lgbtq created", "lgbtq meaning of each letter", "lgbtq sexualities"], "kim janey mayoral election": ["kim janey for mayor", "kim janey for mayor campaign", "boston mayoral election", "kim janey age", "kim janey campaign website", "kim janey partner", "kim janey husband", "kim janey campaign manager"], "kim janey MBTA": ["kim janey for mayor", "kim janey husband", "kim janey age", "kim janey for mayor campaign", "kim janey political views", "kim janey campaign website", "kim janey father"], "kim janey net worth": ["kim janey husband", "kim janey partner", "kim janey age", "kim janey parents nationality", "kim janey wikipedia", "kim janey family", "kim janey political views", "is kim janey married"], "kim janey partner": ["kim janey parents nationality", "kim janey reading memorial high school", "kim janey boston", "kim janey net worth", "kim janey wikipedia", "kim janey staff", "kim janey campaign", "kim janey political views"], "kim janey police": ["dennis white wife", "boston police commissioner wife", "dennis white, boston police commissioner", "dennis white parents"], "kim janey race": ["kim janey for mayor", "kim janey age", "kim janey campaign", "kim janey partner", "is kim janey married", "kim janey husband", "kim janey father", "kim janey family"], "kim janey transportation": false, "kim janey": ["mayor kim janey", "kim janey political views", "kim janey husband", "kim janey parents", "is kim janey married", "kim janey wikipedia", "kim janey father", "kim janey net worth"], "michael bianchi background": ["michael bianchi boston", "michael bianchi boston mayor", "michael bianchi brighton ma", "michael bianchi actor", "eric porter boston city council"], "michael bianchi boston": ["michael bianchi boston city council", "michael bianchi boston mayor", "michael bianchi brighton ma"], "michael bianchi COVID": ["michael bianchi boston", "michael bianchi boston city council", "michael bianchi boston mayor", "michael bianchi brighton ma", "eric porter boston city council"], "michael bianchi crime": false, "michael bianchi Education": false, "michael bianchi endorsement": false, "michael bianchi for mayor": ["michael bianchi boston city council", "michael bianchi brighton ma", "eric porter boston city council", "bianchi road bike"], "michael bianchi housing": false, "michael bianchi LGBT": ["when was lgbtq created", "lgbtq day", "lgbtq sexualities", "lgbtq meaning of each letter"], "michael bianchi mayoral election": ["michael bianchi boston", "michael bianchi brighton ma", "eric porter boston city council"], "michael bianchi MBTA": ["michael bianchi boston mayor", "michael bianchi brighton ma"], "michael bianchi net worth": false, "michael bianchi partner": false, "michael bianchi police": ["michael bianchi boston", "michael bianchi boston mayor", "michael bianchi brighton ma"], "michael bianchi race": ["michael bianchi boston", "michael bianchi boston city council", "michael bianchi boston mayor", "michael bianchi brighton ma", "eric porter boston city council", "bianchi road bike"], "michael bianchi transportation": false, "michael bianchi": ["michael bianchi actor", "michael bianchi boston", "michael bianchi obituary", "michael bianchi boston city council", "michael bianchi boston mayor", "michael bianchi brighton", "michael bianchi architect"], "michelle wu background": ["michelle wu family", "michelle wu mother", "michelle wu linkedin", "michelle wu email", "michelle wu twitter", "michelle wu mayor", "michelle wu wiki", "michelle wu policies"], "michelle wu boston": ["michelle wu boston latin", "michelle wu instagram", "michelle wu boston college", "michelle wu wikipedia", "michelle wu boston mayor polls", "michelle wu boston mayor", "michelle wu linkedin", "michelle wu family"], "michelle wu COVID": ["michelle wu's parents", "michelle wu chinatown"], "michelle wu crime": ["michelle wu boston husband", "michelle wu twitter", "michelle wu family", "michelle wu announcement", "where does michelle wu live", "michelle wu mother", "michelle wu mayor", "michelle wu housing"], "michelle wu Education": ["michelle wu education plan", "michelle wu mother", "michelle wu election", "michelle wu family", "michelle wu mayor", "michelle wu transportation", "michelle wu polls", "where does michelle wu live"], "michelle wu endorsement": ["michelle wu instagram", "andrea campbell endorsements", "michelle wu family", "michelle wu announcement", "michelle wu policies", "michelle wu mother", "michelle wu events", "michelle wu bio"], "michelle wu for mayor": ["michelle wu instagram", "michelle wu family", "michelle wu campaign staff", "michelle wu boston husband", "michelle wu mother", "michelle wu linkedin", "michelle wu campaign manager", "michelle wu email"], "michelle wu housing": ["michelle wu child care", "michelle wu announcement", "michelle wu endorsements", "michelle wu transportation", "michelle wu consulting", "michelle wu events", "michelle wu election", "michelle wu mbta"], "michelle wu LGBT": ["when was lgbtq created", "lgbtq meaning of each letter", "lgbtq sexualities", "lgbtq day"], "michelle wu mayoral election": ["boston mayoral election", "michelle wu husband", "michelle wu family", "michelle wu instagram", "michelle wu twitter", "michelle wu campaign staff", "michelle wu endorsements", "michelle wu wiki"], "michelle wu MBTA": ["michelle wu instagram", "michelle wu twitter", "michelle wu transportation", "michelle wu election", "michelle wu announcement", "michelle wu housing", "michelle wu child care", "michelle wu events"], "michelle wu net worth": ["michelle wu boston husband", "michelle wu instagram", "michelle wu salary", "michelle wu family", "michelle wu age", "where does michelle wu live", "michelle wu siblings", "michelle wu mother"], "michelle wu partner": ["michelle wu family", "michelle wu instagram", "where does michelle wu live", "michelle wu siblings", "michelle wu mayor", "michelle wu salary", "michelle wu announcement", "michelle wu age"], "michelle wu police": ["michelle wu announcement", "michelle wu election", "michelle wu housing", "michelle wu endorsements", "michelle wu accomplishments", "michelle wu child care", "michelle wu dsa", "michelle wu policies"], "michelle wu race": ["michelle wu boston husband", "michelle wu mother", "michelle wu instagram", "michelle wu family", "michelle wu harvard", "michelle wu twitter", "michelle wu mayor", "michelle wu bio"], "michelle wu transportation": ["michelle wu housing", "michelle wu free the t", "michelle wu announcement", "michelle wu election", "michelle wu dsa", "michelle wu accomplishments", "michelle wu child care", "michelle wu endorsements"], "michelle wu": ["michelle wu wikipedia", "michelle wu boston", "michelle wu bio", "michelle wu email", "michelle wu family", "michelle wu endorsements", "michelle wu city council", "michelle wu instagram"]}