{"andrea campbell background": ["andrea campbell father", "andrea campbell family", "andrea campbell brother", "andrea campbell wikipedia", "who is andrea campbell husband", "andrea campbell parents", "andrea campbell twin brother", "andrea campbell age"], "andrea campbell boston": ["andrea campbell boston husband", "andrea campbell boston brother", "andrea campbell boston father", "andrea campbell boston public schools", "andrea campbell family", "andrea campbell princeton", "andrea campbell wiki", "andrea campbell parents"], "andrea campbell COVID": false, "andrea campbell crime": ["who is andrea campbell husband", "andrea campbell bio", "andrea campbell twin brother", "andrea campbell family", "andrea campbell boston husband", "andrea campbell brother", "andrea campbell father", "andrea campbell wikipedia"], "andrea campbell Education": ["andrea campbell bio", "who is andrea campbell husband", "andrea campbell family", "andrea campbell education plan", "andrea campbell wikipedia", "andrea campbell brother andre", "andrea campbell twin brother", "andrea campbell husband matthew"], "andrea campbell endorsement": ["andrea campbell husband", "andrea campbell fellowship", "andrea campbell housing", "andrea campbell twitter", "michelle wu endorsements", "andrea campbell campaign jobs", "andrea campbell argentina", "andrea campbell education plan"], "andrea campbell for mayor": ["andrea campbell father", "andrea campbell bio", "andrea campbell husband matthew", "andrea campbell family", "andrea campbell twin brother", "andrea campbell brother", "andrea campbell boston father", "andrea campbell grandfather"], "andrea campbell housing": ["andrea campbell husband", "andrea campbell endorsements", "andrea campbell obituary", "andrea campbell fellowship", "andrea campbell boston public schools", "andrea campbell events", "andrea campbell covid", "andrea campbell campaign jobs"], "andrea campbell LGBT": ["when was lgbtq created", "lgbtq day", "lgbtq sexualities", "lgbt symbols"], "andrea campbell mayoral election": ["who is andrea campbell husband", "andrea campbell brother andre", "andrea campbell campaign manager", "andrea campbell family", "andrea campbell twin brother", "andrea campbell bio", "andrea campbell husband matthew", "andrea campbell parents"], "andrea campbell MBTA": ["andrea campbell bio", "andrea campbell husband", "andrea campbell brother andre", "andrea campbell boston husband", "andrea campbell obituary", "andrea campbell family", "andre campbell obituary", "andrea campbell twin brother"], "andrea campbell net worth": ["who is andrea campbell husband", "andrea campbell family", "andrea campbell twin brother", "andrea campbell wikipedia", "andrea campbell father", "andrea campbell husband matthew", "andrea campbell brother", "andrea campbell bio"], "andrea campbell partner": ["andrea campbell family", "andrea campbell father", "andrea campbell brother andre", "andrea campbell bio", "andrea campbell parents", "andrea campbell twin brother", "andrea campbell wikipedia", "andrea campbell boston husband"], "andrea campbell police": ["andrea campbell husband", "andrea campbell endorsements", "andrea campbell fellowship", "andrea campbell brother", "andrea campbell obituary", "andrea campbell covid", "andrea campbell boston public schools", "andrea campbell fundraising"], "andrea campbell race": ["andrea campbell parents", "andrea campbell father", "who is andrea campbell husband", "andrea campbell family", "andrea campbell bio", "andrea campbell twin brother", "andrea campbell brother", "andrea campbell wikipedia"], "andrea campbell transportation": ["andrea campbell transportation plan", "andrea campbell campaign manager", "andrea campbell husband", "andrea campbell campaign jobs", "andrea campbell obituary", "andrea campbell events", "andrea campbell endorsements", "andrea campbell housing"], "andrea campbell": ["matthew scheier andrea campbell", "who is andrea campbell husband", "andrea campbell twin brother", "andrea campbell brother", "andrea campbell age", "andrea campbell parents", "andrea campbell boston husband", "andrea campbell campaign manager"], "annissa essaibi george background": ["annissa essaibi george net worth", "annissa essaibi george parents", "annissa essaibi george father", "annissa essaibi george siblings", "ezzeddine essaibi", "annissa essaibi george campaign website", "annissa essaibi george campaign manager", "annissa essaibi george mother"], "annissa essaibi george boston": ["annissa essaibi george net worth", "annissa essaibi george boston globe", "annissa essaibi george website", "annissa essaibi george parents", "annissa essaibi george twitter", "annissa essaibi george father", "annissa essaibi george ethnicity", "annissa essaibi george age"], "annissa essaibi george COVID": ["annissa essaibi george dorchester ma"], "annissa essaibi george crime": ["annissa essaibi george endorsements", "annissa essaibi george commercial"], "annissa essaibi george Education": ["annissa essaibi george parents", "annissa essaibi george net worth", "annissa essaibi george nationality", "annissa essaibi george siblings", "annissa essaibi george staff", "annissa essaibi george twitter", "annissa essaibi george age", "annissa essaibi george father"], "annissa essaibi george endorsement": ["annissa essaibi george business", "annissa essaibi george commercial", "conor pewarski", "annissa essaibi george house", "annissa essaibi george pronunciation"], "annissa essaibi george for mayor": ["annissa essaibi george campaign website", "annissa essaibi george family", "annissa essaibi george ethnicity", "annissa essaibi george father", "annissa essaibi george net worth", "annissa essaibi george wiki", "annissa essaibi george mother", "annissa essaibi george siblings"], "annissa essaibi george housing": ["annissa essaibi george ethnicity", "annissa essaibi george staff", "annissa essaibi george campaign website", "annissa essaibi george endorsements", "where does annissa essaibi george live", "annissa essaibi george parents", "annissa essaibi george father", "annissa essaibi george twitter"], "annissa essaibi george LGBT": ["when was lgbtq created"], "annissa essaibi george mayoral election": ["annissa essaibi george staff", "annissa essaibi george campaign website", "annissa essaibi george father", "annissa essaibi george endorsements", "annissa essaibi george ethnicity", "annissa essaibi george twitter", "annissa essaibi george net worth", "annissa essaibi george campaign manager"], "annissa essaibi george MBTA": ["annissa essaibi george net worth", "annissa essaibi george father", "annissa essaibi george twitter", "annissa essaibi george boston globe", "annissa essaibi george ethnicity", "annissa essaibi george website", "annissa essaibi george staff", "annissa essaibi george parents"], "annissa essaibi george net worth": ["annissa essaibi george age", "annissa essaibi george parents", "annissa essaibi george father", "where does annissa essaibi george live", "annissa essaibi george family", "annissa essaibi george endorsements", "annissa essaibi george ethnicity", "annissa essaibi george siblings"], "annissa essaibi george partner": ["annissa essaibi george net worth", "annissa essaibi george father", "annissa essaibi george ethnicity", "annissa essaibi george parents", "annissa essaibi george siblings", "annissa essaibi george mother", "annissa essaibi george age", "annissa essaibi george staff"], "annissa essaibi george police": ["annissa essaibi george commercial", "annissa essaibi george endorsements", "annissa essaibi george business"], "annissa essaibi george race": ["annissa essaibi george parents", "annissa essaibi george father", "annissa essaibi george net worth", "annissa essaibi george siblings", "annissa essaibi george wiki", "annissa essaibi george family", "annissa essaibi george staff", "is annissa essaibi george black"], "annissa essaibi george transportation": ["annissa essaibi george staff", "annissa essaibi george father", "annissa essaibi george commercial", "annissa essaibi george endorsements", "annissa essaibi george ethnicity", "annissa essaibi george parents", "annissa essaibi george website", "annissa essaibi george twitter"], "annissa essaibi george": ["annissa essaibi george ethnicity", "annissa essaibi george net worth", "annissa essaibi george father", "annissa essaibi george parents", "annissa essaibi george business", "annissa essaibi george twitter", "annissa essaibi george family", "annissa essaibi george facebook"], "boston mayor candidates": ["boston mayoral candidates quiz", "boston mayoral primary results", "boston mayoral election results", "boston mayoral candidates party affiliation", "boston mayoral primary election", "boston mayoral candidates on the issues", "boston mayoral polls", "boston mayoral election 2021 polls"], "boston mayoral election": ["boston mayoral election results", "boston mayoral primary results", "boston mayoral election primary", "boston mayoral election results 2021", "boston mayoral polls", "boston mayoral election 2021 polls", "boston mayoral debate", "boston mayoral candidates on the issues"], "dana depelteau background": ["dana depelteau black lives matter", "john barros", "dana depelteau tweets", "kim janey", "dana depelteau twitter", "michelle wu", "calla walsh", "annissa essaibi george"], "dana depelteau boston": ["dana depelteau black lives matter", "dana depelteau for mayor", "dana depelteau twitter", "dana depelteau tweets", "calla walsh"], "dana depelteau COVID": ["dana depelteau black lives matter", "dana depelteau twitter", "dana depelteau tweets", "calla walsh"], "dana depelteau crime": ["dana depelteau black lives matter", "dana depelteau mayor", "dana depelteau tweets", "dana depelteau twitter", "dana depelteau boston", "calla walsh"], "dana depelteau Education": ["dana depelteau black lives matter", "dana depelteau tweets", "dana depelteau twitter", "michelle wu", "calla walsh"], "dana depelteau endorsement": ["boston mayoral candidates 2021", "boston mayoral election 2020", "dana depelteau mayor", "boston mayoral election candidates", "boston mayoral candidates on the issues", "boston mayoral election 2021 polls", "boston mayoral candidates party affiliation", "boston mayoral polls"], "dana depelteau for mayor": ["dana depelteau black lives matter", "dana depelteau twitter", "dana depelteau tweets", "calla walsh"], "dana depelteau housing": ["dana depelteau black lives matter", "dana depelteau tweets", "dana depelteau twitter", "dana depelteau for mayor", "boston mayoral polls", "calla walsh", "john barros", "michelle wu"], "dana depelteau LGBT": ["when was lgbtq created", "lgbtq day", "lgbtq sexualities", "lgbtq meaning of each letter"], "dana depelteau mayoral election": ["boston mayoral candidates 2021", "boston mayoral election 2020", "boston mayoral election results", "dana depelteau black lives matter", "dana depelteau twitter", "boston mayoral candidates party affiliation", "boston mayoral election 2021 polls", "dana depelteau tweets"], "dana depelteau MBTA": ["dana depelteau black lives matter", "dana depelteau twitter", "dana depelteau tweets", "calla walsh"], "dana depelteau net worth": ["dana depelteau black lives matter", "dana depelteau tweets", "boston mayoral primary 2021 date", "dana depelteau twitter", "boston mayoral polls", "boston mayoral poll 2021", "boston mayoral election 2020", "dana depelteau for mayor"], "dana depelteau partner": ["dana depelteau tweets", "dana depelteau twitter", "calla walsh"], "dana depelteau police": false, "dana depelteau race": ["who is running for boston mayor", "boston mayoral race candidates 2021", "boston mayoral polls", "dana depelteau mayor", "boston mayoral election 2020", "boston mayoral candidates party affiliation", "boston mayoral candidates on the issues", "michelle wu, boston mayor"], "dana depelteau transportation": ["calla walsh wikipedia", "calla walsh parents", "boston mayoral candidates 2021", "when is the boston mayoral primary", "boston mayoral election 2020", "boston mayoral candidates party affiliation", "boston mayoral candidates on the issues", "boston mayoral polls"], "dana depelteau": ["dana depelteau black lives matter", "dana depelteau twitter", "dana depelteau tweets", "calla walsh"], "john barros background": ["john barros political party", "john barros wiki", "john barros email", "john barros boston political party", "john barros campaign manager", "john barros bc high", "john barros boston restaurant", "andrea campbell"], "john barros boston": ["john barros boston wikipedia", "john barros boston wife", "john barros wife", "john barros boston restaurant", "john barros boston political party", "john barros boston globe", "john barros wiki", "john barros bc high"], "john barros COVID": ["john barros email"], "john barros crime": false, "john barros Education": ["john barros political party", "john barros for mayor", "john barros wiki", "john barros age", "john barros bio", "john barros wife", "john barros boston wikipedia", "john barros website"], "john barros endorsement": ["john barros wife", "john barros boston political party", "john barros for mayor website", "john barros age", "john barros wiki", "john barros boston wife", "john barros family", "john barros republican or democrat"], "john barros for mayor": ["john barros for mayor website", "john barros political party", "john barros wife", "john barros family", "john barros wiki", "john barros bio", "john barros campaign manager", "john barros boston mayor"], "john barros housing": ["john barros wife", "john barros family", "john barros for mayor", "john barros political party", "john barros wiki", "john barros bio", "john barros bc high", "john barros age"], "john barros LGBT": ["when was lgbtq created", "lgbtq day", "lgbtq sexualities", "lgbtq meaning of each letter"], "john barros mayoral election": ["john barros political party", "john barros for mayor website", "boston mayoral election", "john barros boston political party", "john barros wife", "john barros republican or democrat", "boston mayoral candidates on the issues", "john barros boston wikipedia"], "john barros MBTA": ["john barros for mayor website", "john barros wife", "john barros boston globe", "john barros boston wikipedia", "john barros boston wife", "john barros wiki", "john barros age", "john barros political party"], "john barros net worth": ["john barros wife", "john barros wikipedia", "john barros boston"], "john barros partner": ["john barros political party", "john barros wiki", "john barros boston", "john barros email", "john barros bc high", "john barros campaign manager", "john barros boston political party", "andrea campbell"], "john barros police": false, "john barros race": ["john barros wikipedia", "john barros for mayor website", "john barros wife", "john barros bio", "john barros political party", "john barros boston wikipedia", "john barros boston wife", "john barros campaign manager"], "john barros transportation": ["john barros wiki", "john barros wife", "john barros boston", "john barros email", "john barros age", "john barros family"], "john barros": ["john barros wikipedia", "john barros family", "john barros age", "john barros political party", "john barros wife", "john barros restaurant", "john barros campaign", "john barros parents"], "jon santiago background": ["john barros", "jon santiago wife", "jon santiago campaign manager", "jon santiago endorsements", "jon santiago mayor", "jon santiago photographer", "jon santiago high school", "jon santiago age"], "jon santiago boston": ["jon santiago wife", "jon santiago boston globe", "jon santiago age", "jon santiago facebook", "jon santiago campaign manager", "jon santiago endorsements", "jon santiago state representative", "jon santiago twitter"], "jon santiago COVID": ["jon santiago instagram"], "jon santiago crime": ["santiago chile", "where is santiago"], "jon santiago Education": ["jon santiago photographer", "jon santiago wife", "jon santiago bio", "john barros", "jon santiago mayor", "jon santiago campaign manager", "jon santiago age", "jon santiago high school"], "jon santiago endorsement": ["jon santiago wife", "jon santiago campaign manager"], "jon santiago for mayor": ["jon santiago wife", "jon santiago photographer", "jon santiago campaign manager", "jon santiago endorsements", "jon santiago twitter", "jon santiago state representative", "jon santiago facebook", "jon santiago age"], "jon santiago housing": ["jon santiago wife", "john barros", "jon santiago endorsements", "jon santiago campaign manager", "jon santiago wife alexandra", "jon santiago mayor", "jon santiago photographer", "jon santiago facebook"], "jon santiago LGBT": ["when was lgbtq created", "lgbtq day", "lgbtq sexualities", "lgbt shows"], "jon santiago mayoral election": ["jon santiago campaign manager", "jon santiago wife", "jon santiago for mayor", "jon santiago endorsements"], "jon santiago MBTA": ["jon santiago wife", "jon santiago endorsements", "jon santiago photographer", "jon santiago wife alexandra", "jon santiago age", "jon santiago campaign manager", "jon santiago boston globe", "jon santiago mayor"], "jon santiago net worth": ["jon santiago wife", "jon santiago endorsements", "jon santiago campaign manager", "jon santiago wife alexandra", "john barros", "jon santiago age", "jon santiago high school", "jon santiago photographer"], "jon santiago partner": ["jon santiago wife", "jon santiago wife alexandra", "jon santiago campaign manager", "jon santiago boston", "jon santiago endorsements", "jon santiago instagram", "jon santiago facebook", "jon santiago high school"], "jon santiago police": ["jon santiago wife", "jon santiago wife alexandra", "jon santiago endorsements", "jon santiago state representative", "jon santiago campaign manager", "jon santiago mayor", "jon santiago photographer", "jon santiago facebook"], "jon santiago race": ["jon santiago photographer", "jon santiago wife", "jon santiago campaign", "jon santiago endorsements", "jon santiago campaign manager", "jon santiago mayor", "santiago mayer", "john barros"], "jon santiago transportation": ["jon santiago campaign manager", "jon santiago wife", "jon santiago endorsements", "jon santiago wife alexandra", "jon santiago high school", "john barros", "jon santiago boston mayor", "john barros boston"], "jon santiago": ["jon santiago wife", "jon santiago photographer", "jon santiago campaign", "jon santiago instagram", "jon santiago endorsements", "john barros", "jon santiago facebook", "jon santiago twitter"], "kim janey background": ["who is kim janey husband", "kim janey family", "kim janey smith college", "kim janey campaign manager", "kim janey wiki", "kim janey campaign headquarters", "kim janey parents", "kim janey married"], "kim janey boston": ["kim janey partner", "kim janey political views", "kim janey net worth", "kim janey campaign website", "kim janey family", "phyllis janey", "is kim janey married", "kim janey campaign manager"], "kim janey COVID": ["mask mandate boston", "massachusetts indoor mask mandate", "massachusetts mask mandate 2021", "mask mandate cambridge, ma", "cdc covid cruise ships", "regeneron monoclonal antibody covid-19", "nyc mask mandate", "when will boston mask mandate end"], "kim janey crime": ["kim janey for mayor", "kim janey husband"], "kim janey Education": ["who is kim janey husband", "kim janey reading memorial high school", "kim janey boston", "kim janey political views", "kim janey age", "kim janey partner", "kim janey parents nationality", "kim janey net worth"], "kim janey endorsement": false, "kim janey for mayor": ["kim janey for mayor campaign", "kim janey campaign website", "who is kim janey husband", "kim janey partner", "kim janey political views", "kim janey campaign manager", "kim janey family", "is kim janey married"], "kim janey housing": ["kim janey campaign website", "kim janey campaign headquarters", "kim janey campaign manager", "kim janey kimesha", "kim janey partner", "kim janey family", "kim janey parents nationality", "who is kim janey husband"], "kim janey LGBT": ["when was lgbtq created"], "kim janey mayoral election": ["kim janey for mayor", "kim janey political views", "kim janey campaign website", "kim janey husband", "boston mayoral election", "kim janey age", "kim janey partner", "kim janey family"], "kim janey MBTA": ["kim janey for mayor", "kim janey husband", "kim janey age", "kim janey for mayor campaign", "kim janey political views", "kim janey father", "kim janey campaign website", "kim janey boston"], "kim janey net worth": ["who is kim janey husband", "kim janey partner", "how old is kim janey daughter", "kim janey parents nationality", "kim janey married", "kim janey salary", "kim janey wikipedia", "kim janey age"], "kim janey partner": ["kim janey net worth", "how old is kim janey daughter", "is mayor kim janey married", "mayor kim janey husband", "kim janey parents nationality", "kim janey political views", "kim janey reading memorial high school", "kim janey boston"], "kim janey police": false, "kim janey race": ["kim janey for mayor", "kim janey campaign", "kim janey for mayor campaign", "kim janey political views", "kim janey campaign website", "kim janey husband", "kim janey campaign manager", "kim janey wikipedia"], "kim janey transportation": false, "kim janey": ["who is kim janey husband", "kim janey political views", "kim janey family", "kim janey campaign manager", "mayor kim janey", "is kim janey married", "kim janey net worth", "kim janey wikipedia"], "michael bianchi background": ["michael bianchi boston", "michael bianchi boston city council", "michael bianchi city council", "michael bianchi mayor", "michael j bianchi boston city council", "michael j bianchi ii", "michael bianchi brighton ma"], "michael bianchi boston": ["liz breadon", "eric porter boston", "liz breadon boston city council", "eric porter boston city council"], "michael bianchi COVID": ["michael bianchi boston", "michael bianchi boston city council", "michael bianchi mayor", "michael bianchi city council", "michael j bianchi boston city council", "michael bianchi brighton ma", "liz breadon", "eric porter boston city council"], "michael bianchi crime": false, "michael bianchi Education": false, "michael bianchi endorsement": ["michael bianchi boston city council", "michael j bianchi boston city council", "michael bianchi mayor", "michael bianchi brighton ma", "eric porter boston city council"], "michael bianchi for mayor": ["liz breadon", "eric porter boston city council", "liz breadon boston city council", "bianchi road bike"], "michael bianchi housing": false, "michael bianchi LGBT": ["when was lgbtq created", "lgbtq day", "lgbt symbols", "lgbtq sexualities"], "michael bianchi mayoral election": false, "michael bianchi MBTA": ["michael bianchi boston", "michael bianchi boston city council", "liz breadon", "eric porter boston city council", "michael j bianchi boston city council", "liz breadon boston city council"], "michael bianchi net worth": false, "michael bianchi partner": false, "michael bianchi police": ["michael bianchi boston", "michael bianchi boston city council", "michael bianchi boston mayor", "michael bianchi brighton ma", "michael j bianchi boston city council", "eric porter boston city council"], "michael bianchi race": ["michael bianchi mayor", "bianchi road bike"], "michael bianchi transportation": false, "michael bianchi": ["michael bianchi boston", "michael bianchi actor", "michael bianchi obituary", "michael bianchi boston city council", "liz breadon", "michael j bianchi boston city council", "michael bianchi architect", "liz breadon boston city council"], "michelle wu background": ["michelle wu endorsements", "michelle wu parents", "michelle wu family", "michelle wu mother", "michelle wu salary", "michelle wu political party", "michelle wu campaign staff", "is michelle wu related to janet wu"], "michelle wu boston": ["michelle wu boston mayor age", "michelle wu boston latin", "michelle wu boston mayor husband", "michelle wu instagram", "michelle wu family", "michelle wu, boston mayor", "michelle wu siblings", "michelle wu campaign staff"], "michelle wu COVID": false, "michelle wu crime": ["michelle wu announcement", "michelle wu signature collection", "michelle wu housing", "michelle wu events", "michelle wu child care", "michelle wu commercial", "michelle wu opioid", "michelle wu campaign"], "michelle wu Education": ["michelle wu education plan", "where does michelle wu live", "michelle wu family", "michelle wu policies", "michelle wu polls", "michelle wu siblings", "michelle wu campaign staff", "michelle wu endorsements"], "michelle wu endorsement": ["andrea campbell endorsements", "michelle wu family", "michelle wu instagram", "michelle wu policies", "michelle wu twitter", "michelle wu mother", "michelle wu polls", "michelle wu husband"], "michelle wu for mayor": ["michelle wu family", "michelle wu instagram", "michelle wu political party", "michelle wu salary", "michelle wu siblings", "michelle wu, boston husband", "michelle wu campaign staff", "is michelle wu related to janet wu"], "michelle wu housing": ["where does michelle wu live", "michelle wu husband", "michelle wu child care", "michelle wu commercial", "michelle wu zoning", "michelle wu mother", "michelle wu policies", "michelle wu events"], "michelle wu LGBT": ["when was lgbtq created", "lgbtq day", "lgbt shows", "lgbtq sexualities"], "michelle wu mayoral election": ["who is michelle wu husband", "michelle wu family", "michelle wu instagram", "michelle wu political party", "where does michelle wu live", "michelle wu wikipedia", "michelle wu campaign", "michelle wu siblings"], "michelle wu MBTA": ["michelle wu transportation", "michelle wu accomplishments", "michelle wu election", "michelle wu commercial", "michelle wu lawn sign", "michelle wu climate", "michelle wu campaign", "michelle wu mother"], "michelle wu net worth": ["michelle wu family", "michelle wu, boston husband", "where does michelle wu live", "michelle wu mother", "michelle wu endorsements", "is michelle wu married", "michelle wu parents", "is michelle wu related to janet wu"], "michelle wu partner": ["michelle wu family", "michelle wu instagram", "is michelle wu related to janet wu", "michelle wu siblings", "where does michelle wu live", "michelle wu boston mayor husband", "michelle wu salary", "michelle wu mayor"], "michelle wu police": ["michelle wu election", "michelle wu commercial", "michelle wu accomplishments", "michelle wu education plan", "what does michelle wu stand for", "michelle wu east boston", "michelle wu lawn sign", "michelle wu super pac"], "michelle wu race": ["michelle wu, boston husband", "michelle wu family", "michelle wu mother", "michelle wu siblings", "michelle wu instagram", "michelle wu salary", "michelle wu mayor", "michelle wu twitter"], "michelle wu transportation": ["michelle wu signature collection", "michelle wu free the t", "michelle wu housing", "michelle wu accomplishments", "michelle wu commercial", "michelle wu lawn sign", "michelle wu election", "michelle wu child care"], "michelle wu": ["michelle wu instagram", "michelle wu family", "michelle wu wiki", "michelle wu campaign staff", "michelle wu campaign manager", "michelle wu twitter", "michelle wu salary", "michelle wu boston mayor age"]}