{"andrea campbell background": ["andrea campbell father", "andrea campbell family", "andrea campbell brother", "andrea campbell wikipedia", "who is andrea campbell husband", "andrea campbell parents", "andrea campbell twin brother", "andrea campbell age"], "andrea campbell boston": ["andrea campbell boston husband", "andrea campbell boston brother", "andrea campbell boston father", "andrea campbell husband matthew", "andrea campbell boston public schools", "andrea campbell family", "andrea campbell twitter", "andrea campbell wiki"], "andrea campbell COVID": false, "andrea campbell crime": ["who is andrea campbell husband", "andrea campbell bio", "andrea campbell twin brother", "andrea campbell family", "andrea campbell boston husband", "andrea campbell brother", "andrea campbell age", "andrea campbell father"], "andrea campbell Education": ["andrea campbell bio", "andrea campbell family", "andrea campbell education plan", "andrea campbell wikipedia", "andrea campbell twin brother", "andrea campbell father", "andrea campbell husband matthew", "andrea campbell brother andre"], "andrea campbell endorsement": ["andrea campbell husband", "andrea campbell fellowship", "andrea campbell housing", "andrea campbell twitter", "michelle wu endorsements", "andrea campbell campaign jobs", "andrea campbell argentina", "andrea campbell education plan"], "andrea campbell for mayor": ["andrea campbell father", "andrea campbell bio", "andrea campbell husband matthew", "andrea campbell family", "andrea campbell twin brother", "andrea campbell brother", "andrea campbell boston father", "andrea campbell grandfather"], "andrea campbell housing": ["andrea campbell husband", "andrea campbell endorsements", "andrea campbell obituary", "andrea campbell fellowship", "andrea campbell boston public schools", "andrea campbell events", "andrea campbell covid", "andrea campbell campaign jobs"], "andrea campbell LGBT": ["when was lgbtq created", "lgbtq day", "lgbtq sexualities", "lgbt symbols"], "andrea campbell mayoral election": ["who is andrea campbell husband", "andrea campbell brother andre", "andrea campbell family", "andrea campbell campaign manager", "andrea campbell obituary", "andrea campbell twin brother", "andrea campbell bio", "andrea campbell parents"], "andrea campbell MBTA": ["andrea campbell bio", "andrea campbell husband", "andrea campbell brother andre", "andrea campbell boston husband", "andrea campbell obituary", "andrea campbell family", "andre campbell obituary", "andrea campbell age"], "andrea campbell net worth": ["who is andrea campbell husband", "andrea campbell family", "andrea campbell twin brother", "andrea campbell wikipedia", "andrea campbell father", "andrea campbell husband matthew", "andrea campbell brother", "andrea campbell age"], "andrea campbell partner": ["andrea campbell family", "andrea campbell father", "andrea campbell brother andre", "andrea campbell bio", "andrea campbell parents", "andrea campbell twin brother", "andrea campbell wikipedia", "andrea campbell boston husband"], "andrea campbell police": ["andrea campbell husband", "andrea campbell endorsements", "andrea campbell housing", "andrea campbell fellowship", "andrea campbell brother", "andrea campbell obituary", "andrea campbell covid", "andrea campbell boston public schools"], "andrea campbell race": ["andrea campbell parents", "andrea campbell father", "andrea campbell family", "andrea campbell bio", "andrea campbell twin brother", "andrea campbell brother", "andrea campbell wikipedia", "andrea campbell husband matthew"], "andrea campbell transportation": ["andrea campbell transportation plan", "andrea campbell campaign jobs", "andrea campbell husband", "andrea campbell campaign manager", "andrea campbell obituary", "andrea campbell events", "andrea campbell endorsements", "andrea campbell housing"], "andrea campbell": ["andrea campbell brother", "who is andrea campbell husband", "andrea campbell wikipedia", "andrea campbell bio", "andrea campbell father", "andrea campbell family", "andrea campbell parents", "andrea campbell age"], "annissa essaibi george background": ["annissa essaibi george parents", "annissa essaibi george net worth", "annissa essaibi george father", "annissa essaibi george siblings", "ezzeddine essaibi", "annissa essaibi george campaign website", "annissa essaibi george campaign manager", "annissa essaibi george mother"], "annissa essaibi george boston": ["annissa essaibi george age", "annissa essaibi george boston globe", "annissa essaibi george ethnicity", "annissa essaibi george parents", "annissa essaibi george facebook", "where does annissa essaibi george live", "annissa essaibi george website", "annissa essaibi george father"], "annissa essaibi george COVID": false, "annissa essaibi george crime": ["annissa essaibi george endorsements", "annissa essaibi george commercial"], "annissa essaibi george Education": ["annissa essaibi george parents", "annissa essaibi george bio", "annissa essaibi george net worth", "annissa essaibi george nationality", "annissa essaibi george siblings", "annissa essaibi george staff", "annissa essaibi george twitter", "annissa essaibi george age"], "annissa essaibi george endorsement": ["annissa essaibi george business", "annissa essaibi george commercial", "conor pewarski", "annissa essaibi george pronunciation"], "annissa essaibi george for mayor": ["annissa essaibi george campaign website", "annissa essaibi george ethnicity", "annissa essaibi george family", "annissa essaibi george father", "annissa essaibi george net worth", "annissa essaibi george commercial", "annissa essaibi george mother", "where does annissa essaibi george live"], "annissa essaibi george housing": ["annissa essaibi george commercial", "annissa essaibi george endorsements"], "annissa essaibi george LGBT": ["annissa essaibi george parents", "annissa essaibi george instagram", "annissa essaibi george father", "annissa essaibi george endorsements", "annissa essaibi george commercial", "annissa essaibi george website", "annissa essaibi george facebook", "annissa essaibi george business"], "annissa essaibi george mayoral election": ["annissa essaibi george staff", "annissa essaibi george campaign website", "annissa essaibi george ethnicity", "annissa essaibi george father", "annissa essaibi george endorsements", "annissa essaibi george twitter", "annissa essaibi george campaign manager", "annissa essaibi george family"], "annissa essaibi george MBTA": ["annissa essaibi george net worth", "annissa essaibi george father", "annissa essaibi george twitter", "annissa essaibi george boston globe", "annissa essaibi george ethnicity", "annissa essaibi george website", "annissa essaibi george bio", "annissa essaibi george staff"], "annissa essaibi george net worth": false, "annissa essaibi george partner": ["annissa essaibi george father", "annissa essaibi george net worth", "annissa essaibi george ethnicity", "annissa essaibi george parents", "annissa essaibi george mother", "annissa essaibi george family", "annissa essaibi george age", "annissa essaibi george staff"], "annissa essaibi george police": ["annissa essaibi george commercial", "annissa essaibi george endorsements", "annissa essaibi george political views", "annissa essaibi george business", "annissa essaibi george pronunciation", "annissa essaibi george wiki"], "annissa essaibi george race": ["annissa essaibi george parents", "annissa essaibi george father", "annissa essaibi george siblings", "annissa essaibi george wiki", "annissa essaibi george family", "is annissa essaibi george black", "annissa essaibi george staff", "is annissa essaibi george white"], "annissa essaibi george transportation": ["annissa essaibi george staff", "annissa essaibi george commercial", "annissa essaibi george father", "annissa essaibi george endorsements", "annissa essaibi george ethnicity", "annissa essaibi george website", "annissa essaibi george parents", "annissa essaibi george twitter"], "annissa essaibi george": ["annissa essaibi george father", "annissa essaibi george parents", "annissa essaibi george ethnicity", "annissa essaibi george bio", "annissa essaibi george family", "annissa essaibi george facebook", "annissa essaibi george mother", "annissa essaibi george twitter"], "boston mayor candidates": ["boston mayoral candidates quiz", "boston mayoral primary results", "boston mayoral election results", "boston mayoral candidates party affiliation", "boston mayoral candidates on the issues", "boston mayoral election 2021 polls", "boston mayoral polls", "boston mayoral candidates comparison"], "boston mayoral election": ["boston mayoral election results", "boston mayoral primary results", "boston mayoral election polls", "boston mayoral election results 2021", "boston mayoral election 2021 polls", "boston mayoral debate", "boston mayoral candidates on the issues", "boston mayoral candidates party affiliation"], "dana depelteau background": ["dana depelteau black lives matter", "dana depelteau twitter", "michelle wu", "dana depelteau tweets", "calla walsh", "kim janey", "annissa essaibi george"], "dana depelteau boston": ["dana depelteau black lives matter", "dana depelteau for mayor", "dana depelteau twitter", "dana depelteau tweets", "calla walsh"], "dana depelteau COVID": ["dana depelteau black lives matter", "dana depelteau twitter", "dana depelteau tweets", "dana depelteau for mayor", "calla walsh", "dana depelteau husband"], "dana depelteau crime": ["dana depelteau black lives matter", "dana depelteau boston", "dana depelteau twitter", "dana depelteau mayor", "dana depelteau tweets", "calla walsh"], "dana depelteau Education": ["dana depelteau black lives matter", "dana depelteau twitter", "dana depelteau tweets", "michelle wu", "calla walsh"], "dana depelteau endorsement": ["boston mayoral candidates 2021", "boston mayoral election 2020", "dana depelteau boston", "boston mayoral election candidates", "boston mayoral candidates on the issues", "boston mayoral election 2021 polls", "boston mayoral candidates party affiliation", "boston mayoral election results"], "dana depelteau for mayor": ["dana depelteau black lives matter", "dana depelteau twitter", "dana depelteau tweets", "calla walsh"], "dana depelteau housing": ["dana depelteau black lives matter", "dana depelteau twitter", "dana depelteau tweets", "dana depelteau for mayor", "calla walsh", "boston mayoral polls", "michelle wu", "kim janey"], "dana depelteau LGBT": false, "dana depelteau mayoral election": ["boston mayoral candidates 2021", "boston mayoral election 2020", "boston mayoral election results", "dana depelteau black lives matter", "dana depelteau twitter", "boston mayoral candidates party affiliation", "boston mayoral election 2021 polls", "boston mayoral polls"], "dana depelteau MBTA": ["dana depelteau black lives matter", "dana depelteau twitter", "dana depelteau tweets", "calla walsh"], "dana depelteau net worth": ["dana depelteau black lives matter", "dana depelteau twitter", "boston mayoral primary 2021 date", "dana depelteau tweets", "boston mayoral polls", "boston mayoral election 2020", "dana depelteau for mayor", "boston mayoral candidates party affiliation"], "dana depelteau partner": ["dana depelteau twitter", "dana depelteau tweets", "calla walsh"], "dana depelteau police": ["dana depelteau black lives matter", "dana depelteau boston", "dana depelteau twitter", "dana depelteau tweets", "dana depelteau mayor", "calla walsh"], "dana depelteau race": ["dana depelteau boston", "who is running for boston mayor", "boston mayoral race candidates 2021", "boston mayoral election 2020", "boston mayoral polls", "boston mayoral candidates party affiliation", "dana depelteau mayor", "boston mayoral candidates on the issues"], "dana depelteau transportation": ["dana depelteau black lives matter", "dana depelteau twitter", "dana depelteau for mayor", "calla walsh parents", "dana depelteau tweets", "calla walsh winsor school", "michelle wu", "calla walsh wikipedia"], "dana depelteau": ["dana depelteau black lives matter", "dana depelteau twitter", "dana depelteau husband", "dana depelteau tweets", "dana depelteau for mayor", "calla walsh"], "john barros background": ["john barros political party", "john barros email", "john barros boston political party", "john barros boston mayor", "andrea campbell", "annissa essaibi george", "tchintcia barros"], "john barros boston": ["john barros boston wikipedia", "john barros boston wife", "john barros wife", "john barros boston restaurant", "john barros boston political party", "john barros boston globe", "john barros wikipedia", "john barros bc high"], "john barros COVID": false, "john barros crime": false, "john barros Education": ["john barros political party", "john barros for mayor", "john barros age", "john barros wikipedia", "john barros boston wikipedia", "john barros bio", "john barros wife", "john barros high school"], "john barros endorsement": ["john barros wife", "john barros boston wife", "john barros boston political party", "john barros political party", "john barros email", "john barros for mayor", "john barros wiki", "annissa essaibi george"], "john barros for mayor": ["john barros for mayor website", "john barros political party", "john barros wife", "john barros wikipedia", "john barros family", "john barros bio", "john barros campaign manager", "john barros boston wikipedia"], "john barros housing": false, "john barros LGBT": ["when was lgbtq created", "lgbtq day", "lgbtq sexualities", "lgbtq meaning of each letter"], "john barros mayoral election": ["john barros political party", "john barros for mayor", "boston mayoral election", "john barros wife", "boston mayoral candidates on the issues", "boston mayoral election 2021 polls", "john barros boston political party", "john barros boston mayor"], "john barros MBTA": ["john barros wife", "john barros boston globe", "john barros boston wikipedia", "john barros for mayor", "john barros boston wife", "john barros political party", "john barros age", "john barros bc high"], "john barros net worth": ["john barros wife", "john barros wikipedia", "john barros boston"], "john barros partner": ["john barros wikipedia", "john barros political party", "john barros family", "john barros boston wikipedia", "john barros bio", "john barros boston wife", "john barros campaign", "john barros email"], "john barros police": false, "john barros race": ["john barros wikipedia", "john barros family", "john barros wife", "john barros bio", "john barros political party", "john barros for mayor", "john barros campaign", "john barros boston wikipedia"], "john barros transportation": false, "john barros": ["john barros wikipedia", "john barros political party", "john barros family", "john barros restaurant", "john barros wife", "john barros age", "john barros bio", "john barros bc high"], "jon santiago background": ["john barros", "jon santiago wife", "jon santiago high school", "jon santiago age", "jon santiago for mayor", "jon santiago campaign manager", "jon santiago endorsements", "jon santiago bio"], "jon santiago boston": ["jon santiago wife", "jon santiago boston globe", "jon santiago campaign", "jon santiago age", "jon santiago high school", "jon santiago facebook", "jon santiago campaign manager", "jon santiago twitter"], "jon santiago COVID": false, "jon santiago crime": ["santiago chile", "where is santiago"], "jon santiago Education": ["jon santiago photographer", "jon santiago wife", "jon santiago bio", "jon santiago age", "jon santiago high school", "john barros", "jon santiago wife alexandra", "jon santiago campaign manager"], "jon santiago endorsement": false, "jon santiago for mayor": ["jon santiago wife", "jon santiago campaign manager", "jon santiago twitter", "jon santiago endorsements", "jon santiago age", "jon santiago high school", "boston mayoral candidates", "jon santiago wife alexandra"], "jon santiago housing": ["jon santiago wife", "john barros", "jon santiago high school", "jon santiago wife alexandra", "jon santiago endorsements", "jon santiago age", "jon santiago campaign manager", "jon santiago boston"], "jon santiago LGBT": ["when was lgbtq created", "lgbtq day", "lgbtq sexualities", "lgbt shows"], "jon santiago mayoral election": ["jon santiago for mayor", "jon santiago wife", "jon santiago campaign manager", "jon santiago endorsements"], "jon santiago MBTA": ["jon santiago wife", "jon santiago high school", "jon santiago age", "jon santiago wife alexandra", "jon santiago endorsements", "jon santiago campaign", "jon santiago photographer", "jon santiago boston globe"], "jon santiago net worth": ["jon santiago wife", "jon santiago high school", "jon santiago age", "jon santiago wife alexandra", "jon santiago campaign", "john barros", "jon santiago endorsements", "jon santiago campaign manager"], "jon santiago partner": ["jon santiago wife", "jon santiago wife alexandra", "jon santiago age", "jon santiago high school", "jon santiago photographer", "jon santiago facebook", "jon santiago campaign manager", "jon santiago mayor"], "jon santiago police": ["jon santiago wife", "jon santiago wife alexandra", "jon santiago high school", "jon santiago campaign", "jon santiago endorsements", "jon santiago age", "jon santiago campaign manager", "jon santiago boston"], "jon santiago race": ["jon santiago campaign", "jon santiago wife", "jon santiago photographer", "jon santiago age", "jon santiago campaign manager", "jon santiago endorsements", "jon santiago boston", "santiago mayer"], "jon santiago transportation": ["jon santiago campaign manager", "jon santiago wife", "jon santiago high school", "jon santiago endorsements", "jon santiago wife alexandra", "jon santiago boston", "john barros boston", "jon santiago facebook"], "jon santiago": ["jon santiago wife", "jon santiago photographer", "jon santiago campaign", "jon santiago instagram", "john barros", "jon santiago facebook", "jon santiago high school", "jon santiago twitter"], "kim janey background": ["who is kim janey husband", "kim janey family", "kim janey smith college", "kim janey campaign manager", "kim janey parents nationality", "kim janey campaign headquarters", "kim janey wikipedia", "kim janey for mayor campaign"], "kim janey boston": ["kim janey campaign headquarters", "kim janey partner", "kim janey political views", "kim janey net worth", "kim janey campaign website", "phyllis janey", "kim janey campaign manager", "is kim janey married"], "kim janey COVID": ["mask mandate boston", "massachusetts indoor mask mandate", "mask mandate cambridge, ma", "massachusetts mask mandate 2021", "regeneron monoclonal antibody covid-19", "cdc covid cruise ships", "massachusetts mask mandate end", "when will boston mask mandate end"], "kim janey crime": false, "kim janey Education": ["who is kim janey husband", "mayor janey", "kim janey political views", "kim janey age", "kim janey partner", "kim janey parents nationality", "kim janey net worth", "kim janey campaign manager"], "kim janey endorsement": false, "kim janey for mayor": ["kim janey for mayor campaign", "kim janey campaign website", "who is kim janey husband", "kim janey partner", "mayor kim janey husband", "kim janey political views", "kim janey campaign manager", "kim janey campaign headquarters"], "kim janey housing": ["kim janey campaign website", "kim janey campaign headquarters", "kim janey campaign manager", "kim janey transition website", "kim janey kimesha", "kim janey family", "kim janey partner", "kim janey age"], "kim janey LGBT": ["when was lgbtq created", "lgbtq day", "lgbtq sexualities", "lgbt symbols"], "kim janey mayoral election": ["kim janey for mayor", "kim janey political views", "who is kim janey husband", "mayor kim janey husband", "kim janey campaign website", "boston mayoral election", "kim janey partner", "kim janey age"], "kim janey MBTA": ["kim janey for mayor", "who is kim janey husband", "kim janey age", "kim janey for mayor campaign", "kim janey political views", "kim janey campaign website", "kim janey father"], "kim janey net worth": ["who is kim janey husband", "kim janey partner", "how old is kim janey daughter", "kim janey parents nationality", "kim janey salary", "kim janey wikipedia", "kim janey campaign website", "kim janey age"], "kim janey partner": ["is mayor kim janey married", "kim janey net worth", "kim janey parents nationality", "how old is kim janey daughter", "mayor kim janey husband", "kim janey political views", "kim janey campaign website", "kim janey boston"], "kim janey police": false, "kim janey race": ["kim janey for mayor", "kim janey age", "who is kim janey husband", "kim janey campaign", "kim janey partner", "kim janey for mayor campaign", "kim janey family", "kim janey father"], "kim janey transportation": false, "kim janey": ["kim janey political views", "who is kim janey husband", "kim janey campaign", "kim janey net worth", "kim janey wikipedia", "kim janey campaign website", "kim janey for mayor campaign", "kim janey partner"], "michael bianchi background": ["michael bianchi boston", "michael bianchi boston city council", "michael bianchi city council", "michael j bianchi ii", "michael bianchi brighton ma", "michael bianchi mayor", "michael j bianchi boston city council"], "michael bianchi boston": ["michael bianchi boston mayor", "liz breadon", "eric porter boston", "michael bianchi city council", "liz breadon boston city council", "michael bianchi brighton ma", "eric porter boston city council"], "michael bianchi COVID": ["michael bianchi boston", "michael bianchi obituary", "michael bianchi actor"], "michael bianchi crime": false, "michael bianchi Education": false, "michael bianchi endorsement": ["michael bianchi boston city council", "eric porter boston city council", "michael j bianchi boston city council", "liz breadon boston city council"], "michael bianchi for mayor": ["michael bianchi city council", "michael bianchi brighton ma", "liz breadon", "eric porter boston city council", "michael j bianchi boston city council", "liz breadon boston city council", "bianchi road bike"], "michael bianchi housing": false, "michael bianchi LGBT": ["when was lgbtq created", "lgbtq day", "lgbt symbols", "lgbtq sexualities"], "michael bianchi mayoral election": false, "michael bianchi MBTA": ["michael bianchi boston", "michael bianchi boston city council", "liz breadon", "eric porter boston city council", "liz breadon boston city council", "michael j bianchi boston city council"], "michael bianchi net worth": false, "michael bianchi partner": false, "michael bianchi police": false, "michael bianchi race": ["michael bianchi mayor", "bianchi road bike"], "michael bianchi transportation": false, "michael bianchi": ["michael bianchi boston", "michael bianchi actor", "michael bianchi obituary", "michael bianchi boston city council", "liz breadon", "michael j bianchi boston city council", "liz breadon boston city council", "eric porter boston city council"], "michelle wu background": ["michelle wu salary", "michelle wu endorsements", "michelle wu parents", "michelle wu family", "michelle wu mother", "michelle wu political party", "is michelle wu related to janet wu", "michelle wu mayor"], "michelle wu boston": ["michelle wu boston latin", "michelle wu boston mayor age", "michelle wu instagram", "is michelle wu related to janet wu", "michelle wu family", "michelle wu boston mayor husband", "michelle wu siblings", "where does michelle wu live"], "michelle wu COVID": false, "michelle wu crime": ["michelle wu announcement", "michelle wu signature collection", "michelle wu housing", "michelle wu events", "michelle wu child care", "michelle wu commercial", "michelle wu opioid", "michelle wu campaign"], "michelle wu Education": ["michelle wu education plan", "where does michelle wu live", "michelle wu siblings", "michelle wu family", "michelle wu polls", "michelle wu policies", "michelle wu mother", "michelle wu salary"], "michelle wu endorsement": ["andrea campbell endorsements", "michelle wu instagram", "annissa essaibi george endorsements", "michelle wu twitter", "michelle wu family", "michelle wu policies", "where does michelle wu live", "michelle wu husband"], "michelle wu for mayor": ["michelle wu family", "michelle wu instagram", "michelle wu political party", "michelle wu salary", "michelle wu siblings", "michelle wu boston mayor husband", "is michelle wu related to janet wu", "michelle wu boston husband"], "michelle wu housing": ["where does michelle wu live", "michelle wu husband", "michelle wu child care", "michelle wu commercial", "michelle wu signature collection", "michelle wu lawn sign", "michelle wu mother", "michelle wu events"], "michelle wu LGBT": ["when was lgbtq created", "lgbtq day", "lgbt shows", "lgbtq sexualities"], "michelle wu mayoral election": ["michelle wu husband", "michelle wu family", "michelle wu instagram", "michelle wu twitter", "michelle wu political party", "michelle wu boston mayor husband", "where does michelle wu live", "michelle wu wikipedia"], "michelle wu MBTA": ["michelle wu transportation", "michelle wu accomplishments", "michelle wu election", "michelle wu commercial", "michelle wu lawn sign", "michelle wu climate", "michelle wu campaign", "michelle wu mother"], "michelle wu net worth": ["michelle wu boston husband", "michelle wu family", "where does michelle wu live", "michelle wu parents", "is michelle wu related to janet wu", "michelle wu boston mayor husband", "michelle wu mayor", "michelle wu political party"], "michelle wu partner": ["michelle wu family", "is michelle wu married", "is michelle wu related to janet wu", "where does michelle wu live", "michelle wu siblings", "michelle wu boston mayor husband", "michelle wu salary", "michelle wu mayor"], "michelle wu police": ["michelle wu election", "michelle wu covid", "michelle wu commercial", "michelle wu accomplishments", "michelle wu education plan", "what does michelle wu stand for", "michelle wu east boston", "michelle wu lawn sign"], "michelle wu race": ["michelle wu boston husband", "michelle wu family", "michelle wu mother", "michelle wu siblings", "michelle wu instagram", "michelle wu salary", "michelle wu twitter", "michelle wu linkedin"], "michelle wu transportation": ["michelle wu signature collection", "michelle wu free the t", "michelle wu housing", "michelle wu accomplishments", "michelle wu commercial", "michelle wu lawn sign", "michelle wu election", "michelle wu child care"], "michelle wu": ["michelle wu instagram", "michelle wu family", "is michelle wu related to janet wu", "michelle wu wiki", "michelle wu salary", "michelle wu campaign staff", "michelle wu campaign manager", "michelle wu linkedin"]}