{"andrea campbell background": ["andrea campbell family", "andrea campbell father", "andrea campbell brother", "andrea campbell wikipedia", "andrea campbell parents", "andrea campbell husband", "andrea campbell twin brother", "andrea campbell brothers"], "andrea campbell boston": ["andrea campbell boston husband", "andrea campbell boston brother", "andrea campbell boston latin school", "andrea campbell bio", "andrea campbell husband, matthew", "andrea campbell family", "andrea campbell boston public schools", "andrea campbell mit"], "andrea campbell COVID": false, "andrea campbell crime": ["andrea campbell bio", "andrea campbell twin brother", "andrea campbell husband", "andrea campbell family", "andrea campbell brother", "andrea campbell father", "andrea campbell age", "andrea campbell wikipedia"], "andrea campbell Education": ["andrea campbell family", "andrea campbell husband", "andrea campbell bio", "andrea campbell father", "andrea campbell wikipedia", "andrea campbell education plan", "andrea campbell parents", "andrea campbell brothers"], "andrea campbell endorsement": ["andrea campbell husband", "andrea campbell husband, matthew", "andrea campbell brother", "andrea campbell campaign manager", "andrea campbell for mayor", "andrea campbell campaign jobs", "andrea campbell events", "andrea campbell boston platform"], "andrea campbell for mayor": ["andrea campbell family", "andrea campbell parents", "andrea campbell campaign manager", "andrea campbell husband", "andrea campbell brother", "andrea campbell father", "andrea campbell brothers", "andrea campbell wikipedia"], "andrea campbell housing": ["andrea campbell husband", "andrea campbell father", "andrea campbell family", "andrea campbell husband, matthew", "andrea campbell brother", "andrea campbell twin brother", "andrea campbell bio", "andrea campbell wikipedia"], "andrea campbell LGBT": ["when was lgbtq created", "lgbtq meaning of each letter", "lgbtq sexualities", "lgbtq day"], "andrea campbell mayoral election": ["andrea campbell family", "andrea campbell campaign manager", "andrea campbell husband", "andrea campbell twin brother", "andrea campbell for mayor", "andrea campbell husband, matthew", "andrea campbell bio", "andrea campbell wikipedia"], "andrea campbell MBTA": ["andrea campbell bio", "andrea campbell husband", "andrea campbell family", "andrea campbell twin brother", "andrea campbell father", "andrea campbell campaign manager", "andrea campbell wikipedia", "andrea campbell husband, matthew"], "andrea campbell net worth": ["andrea campbell brother", "andrea campbell housing", "andrea campbell obituary", "andrea campbell events", "andrea campbell boston public schools", "andrea campbell covid", "andrea campbell education plan", "andrea campbell endorsements"], "andrea campbell partner": ["andrea campbell brother", "andrea campbell husband, matthew", "andrea campbell obituary", "andrea campbell events", "andrea campbell instagram", "andrea campbell campaign manager", "andrea campbell endorsements", "andrea campbell campaign jobs"], "andrea campbell police": ["andrea campbell police union", "andrea campbell brother", "andrea campbell husband", "andrea campbell family", "andrea campbell events", "andrea campbell housing", "andrea campbell covid", "andrea campbell obituary"], "andrea campbell race": ["andrea campbell father", "andrea campbell family", "andrea campbell husband", "andrea campbell bio", "andrea campbell twin brother", "andrea campbell brother", "andrea campbell husband, matthew", "andrea campbell wikipedia"], "andrea campbell transportation": ["andrea campbell campaign manager", "andrea campbell campaign jobs", "andrea campbell brother", "andrea campbell family", "andrea campbell boston public schools", "andrea campbell events", "andrea campbell obituary", "andrea campbell housing"], "andrea campbell": ["andrea campbell husband", "andrea campbell brother", "andrea campbell bio", "andrea campbell twin brother", "andrea campbell brothers", "andrea campbell wikipedia", "andrea campbell father", "andrea campbell family"], "annissa essaibi george background": ["annissa essaibi george father", "annissa essaibi george staff", "annissa essaibi george campaign website", "annissa essaibi george campaign manager", "boston city council", "annissa essaibi george for mayor", "annissa essaibi george website", "annissa essaibi george family"], "annissa essaibi george boston": ["boston city council elections 2021", "annissa essaibi george boston globe", "annissa essaibi george website", "annissa essaibi george father", "annissa essaibi george campaign website", "michelle wu", "boston city council members", "andrea campbell boston"], "annissa essaibi george COVID": false, "annissa essaibi george crime": ["annissa essaibi george endorsements", "annissa essaibi george campaign manager"], "annissa essaibi george Education": ["annissa essaibi george staff", "annissa essaibi george mayor", "annissa essaibi george family", "annissa essaibi george website", "annissa essaibi george twitter", "annissa essaibi george father", "annissa essaibi george facebook", "annissa essaibi george wiki"], "annissa essaibi george endorsement": ["annissa essaibi george campaign manager", "annissa essaibi george twitter", "annissa essaibi george family", "annissa essaibi george wiki", "boston globe annissa essaibi george"], "annissa essaibi george for mayor": ["annissa essaibi george father", "annissa essaibi george campaign manager", "annissa george", "annissa essaibi george endorsements", "annissa essaibi george campaign website", "annissa essaibi george staff", "annissa essaibi george wiki", "annissa essaibi george website"], "annissa essaibi george housing": ["annissa essaibi george endorsements", "annissa essaibi george campaign manager"], "annissa essaibi george LGBT": false, "annissa essaibi george mayoral election": ["annissa essaibi george campaign website", "annissa essaibi george endorsements", "annissa essaibi george campaign manager", "annissa essaibi george father", "annissa essaibi george twitter", "annissa essaibi george family", "annissa essaibi george facebook", "john barros"], "annissa essaibi george MBTA": ["annissa essaibi george twitter", "annissa essaibi george father", "annissa essaibi george boston", "annissa essaibi george boston globe", "annissa essaibi george website", "annissa essaibi george campaign website", "annissa essaibi george staff", "annissa essaibi george mayor"], "annissa essaibi george net worth": ["annissa essaibi george mayor", "annissa essaibi george father", "annissa essaibi george endorsements", "annissa essaibi george staff", "annissa for boston", "annissa essaibi george twitter", "doug george", "annissa essaibi george website"], "annissa essaibi george partner": ["annissa essaibi george father", "annissa essaibi george family", "annissa george", "annissa essaibi george staff", "annissa essaibi george twitter", "annissa essaibi george endorsements", "annissa essaibi george campaign manager", "annissa essaibi george mayor"], "annissa essaibi george police": ["annissa essaibi george endorsements", "annissa essaibi george twitter", "annissa essaibi george campaign manager", "annissa essaibi george family", "annissa essaibi george wiki"], "annissa essaibi george race": ["annissa essaibi george staff", "annissa essaibi george father", "annissa essaibi george mayor", "annissa essaibi george twitter", "annissa essaibi george endorsements", "annissa essaibi george campaign website", "annissa essaibi george family", "annissa essaibi george campaign manager"], "annissa essaibi george transportation": ["annissa essaibi george staff", "annissa essaibi george father", "annissa essaibi george mayor", "annissa essaibi george website", "annissa essaibi george endorsements", "annissa essaibi george twitter", "annissa essaibi george campaign website", "annissa essaibi george campaign manager"], "annissa essaibi george": ["annissa essaibi george father", "annissa essaibi george wiki", "annissa essaibi george family", "annissa essaibi george endorsements", "annissa essaibi george pronunciation", "annissa essaibi george facebook", "annissa essaibi george campaign manager", "annissa essaibi george mayor"], "boston mayor candidates": ["boston mayoral election 2020", "boston mayoral election candidates", "boston elections, 2021", "boston mayoral race candidates 2021", "boston mayoral primary 2021", "boston mayoral election results", "boston mayoral primary election", "boston mayoral candidates on the issues"], "boston mayoral election": ["boston mayoral election 2020", "boston mayoral election results", "boston mayoral election primary", "boston mayoral election polls", "boston mayoral polls", "2017 boston mayoral election", "boston mayoral poll 2021", "boston mayoral primary 2021"], "dana depelteau background": ["dana depelteau black lives matter", "john barros", "dana depelteau twitter", "michael j. bianchi ii", "calla walsh", "boston city council elections 2021", "michelle wu", "boston elections, 2021"], "dana depelteau boston": ["dana depelteau black lives matter", "dana depelteau twitter", "dana depelteau tweets", "dana depelteau for mayor", "michelle wu", "calla walsh", "annissa essaibi george"], "dana depelteau COVID": ["dana depelteau twitter", "dana depelteau boston", "dana depelteau black lives matter", "dana depelteau mayor", "dana depelteau tweets", "calla walsh", "annissa essaibi george", "michelle wu"], "dana depelteau crime": ["dana depelteau black lives matter", "dana depelteau twitter", "dana depelteau for mayor", "michelle wu", "calla walsh", "annissa essaibi george"], "dana depelteau Education": ["dana depelteau black lives matter", "dana depelteau twitter", "dana depelteau tweets", "calla walsh", "michelle wu", "calla walsh parents", "annissa essaibi george"], "dana depelteau endorsement": ["boston mayoral candidates 2021", "2021 boston mayoral election", "boston mayoral election 2020", "boston city council candidates 2021", "boston elections, 2021", "boston mayoral election 2021 candidates", "boston mayoral debate 2021", "boston mayoral election candidates"], "dana depelteau for mayor": ["dana depelteau twitter", "dana depelteau black lives matter", "boston mayoral candidates 2021", "boston mayoral election 2020", "boston city council elections 2021", "when is boston mayoral election 2021", "boston mayoral primary", "boston elections, 2021"], "dana depelteau housing": ["dana depelteau black lives matter", "dana depelteau twitter", "dana depelteau tweets", "calla walsh", "calla walsh parents", "michelle wu", "annissa essaibi george"], "dana depelteau LGBT": ["when was lgbtq created", "lgbtq meaning of each letter", "lgbtq sexualities", "lgbtq day"], "dana depelteau mayoral election": ["boston mayoral candidates 2021", "boston mayoral election 2020", "dana depelteau twitter", "boston mayoral election results", "boston mayoral election 2021 candidates", "boston mayoral election candidates", "boston mayoral polls", "boston elections, 2021"], "dana depelteau MBTA": ["dana depelteau twitter", "dana depelteau tweets", "calla walsh", "annissa essaibi george", "michelle wu"], "dana depelteau net worth": ["dana depelteau black lives matter", "dana depelteau twitter", "boston elections, 2021", "dana depelteau tweets", "boston mayoral candidates 2021", "boston mayoral polls", "boston city council elections 2021", "when is boston mayoral election 2021"], "dana depelteau partner": false, "dana depelteau police": ["dana depelteau black lives matter", "dana depelteau twitter", "dana depelteau boston", "michelle wu", "dana depelteau mayor", "calla walsh parents", "annissa essaibi george", "markeyverse"], "dana depelteau race": ["kim janey for mayor", "who is running for boston mayor", "boston elections, 2021", "boston city council elections 2021", "boston mayoral race", "annissa essaibi george", "boston mayoral election 2020", "boston mayoral primary"], "dana depelteau transportation": ["dana depelteau black lives matter", "dana depelteau twitter", "dana depelteau for mayor", "calla walsh parents", "michelle wu", "markeyverse"], "dana depelteau": ["dana depelteau black lives matter", "dana depelteau twitter", "dana depelteau husband", "dana depelteau for mayor", "dana depelteau party", "calla walsh", "dana depelteau tweets", "dana depelteau linkedin"], "john barros background": ["john barros political party", "john barros for mayor website", "john barros family", "john barros ethnicity", "john barros website", "john barros party", "john barros education", "john barros campaign"], "john barros boston": ["john barros boston wikipedia", "john barros boston wife", "john barros boston restaurant", "john barros boston mayor", "john barros wife", "john barros boston bio", "john barros boston globe", "john barros for mayor website"], "john barros COVID": ["john barros wife", "john barros boston wikipedia", "john barros wikipedia", "john barros political party", "john barros restaurant", "john barros bc high", "john barros age", "john barros ethnicity"], "john barros crime": ["john barros wikipedia", "john barros wife", "john barros for mayor website", "john barros political party", "john barros family", "john barros boston wikipedia", "john barros bio", "john barros ethnicity"], "john barros Education": ["john barros for mayor website", "john barros political party", "john barros wife", "john barros bio", "john barros wikipedia", "john barros age", "john barros boston wikipedia", "john barros website"], "john barros endorsement": ["john barros for mayor website", "john barros political party", "john barros wife", "john barros bc high", "john barros campaign", "john barros mayor 2021", "john barros wikipedia", "john barros family"], "john barros for mayor": ["john barros for mayor website", "john barros wife", "john barros political party", "john barros wikipedia", "john barros mayor 2021", "john barros family", "john barros bio", "john barros campaign manager"], "john barros housing": ["john barros for mayor website", "john barros wife", "john barros family", "john barros political party", "john barros bio", "john barros bc high", "john barros education", "john barros boston wife"], "john barros LGBT": ["when was lgbtq created", "lgbtq meaning of each letter", "lgbtq sexualities", "lgbtq day"], "john barros mayoral election": ["john barros political party", "john barros for mayor website", "john barros wife", "john barros mayor 2021", "john barros boston wikipedia", "john barros bio", "john barros campaign manager", "john barros boston mayor"], "john barros MBTA": ["john barros for mayor website", "john barros wife", "john barros boston wikipedia", "john barros boston wife", "john barros political party", "john barros city of boston", "john barros age", "john barros bc high"], "john barros net worth": ["john barros wife", "john barros wikipedia", "john barros age", "john barros bio", "john barros restaurant", "john barros bc high", "john barros education", "kim janey"], "john barros partner": ["john barros wife", "john barros family", "john barros wikipedia", "john barros political party", "john barros boston wikipedia", "john barros for mayor website", "john barros bio", "john barros campaign"], "john barros police": ["john barros wife", "john barros bio", "john barros bc high", "john barros campaign", "john barros for mayor website", "john barros ethnicity", "john barros political party", "john barros family"], "john barros race": ["john barros wikipedia", "john barros family", "john barros for mayor website", "john barros bio", "john barros wife", "john barros political party", "john barros boston wikipedia", "john barros campaign"], "john barros transportation": ["john barros for mayor website", "john barros political party", "john barros boston wikipedia", "john barros wife", "john barros campaign", "john barros website", "john barros campaign manager", "john barros bio"], "john barros": ["john barros wife", "john barros wikipedia", "john barros restaurant", "john barros website", "john barros for mayor website", "john barros twitter", "john barros campaign", "john barros political party"], "jon santiago background": ["john barros", "jon santiago wife", "jon santiago mayor", "jon santiago campaign manager", "jon santiago endorsements", "jon santiago photographer", "jon santiago age", "jon santiago high school"], "jon santiago boston": ["jon santiago wife", "jon santiago boston mayor", "jon santiago boston globe", "jon santiago boston twitter", "jon santiago endorsements", "jon santiago age", "dr jon santiago boston medical center", "jon santiago high school"], "jon santiago COVID": ["jon santiago instagram", "jon santiago linkedin"], "jon santiago crime": ["jon santiago wife", "jon santiago endorsements", "jon santiago mayor", "jon santiago wife alexandra", "jon santiago campaign manager", "jon santiago boston mayor", "jon santiago age", "jon santiago boston globe"], "jon santiago Education": ["jon santiago photographer", "jon santiago wife", "is jon santiago married", "jon santiago bio", "john barros", "jon santiago mayor", "jon santiago age", "jon santiago campaign manager"], "jon santiago endorsement": ["jon santiago campaign manager", "jon santiago representative", "jon santiago twitter", "jon santiago for mayor", "dr jon santiago boston medical center", "jon santiago boston globe", "jon santiago wife alexandra"], "jon santiago for mayor": ["jon santiago wife", "jon santiago campaign manager", "jon santiago representative", "jon santiago photographer", "jon santiago boston mayor", "jon santiago endorsements", "jon santiago high school", "jon santiago state representative"], "jon santiago housing": ["is jon santiago married", "john barros", "jon santiago endorsements", "jon santiago mayor", "jon santiago campaign manager", "jon santiago wife alexandra", "jon santiago photographer", "jon santiago age"], "jon santiago LGBT": ["when was lgbtq created", "lgbtq meaning of each letter", "lgbtq sexualities", "lgbtq day"], "jon santiago mayoral election": false, "jon santiago MBTA": ["jon santiago wife", "is jon santiago married", "jon santiago endorsements", "jon santiago wife alexandra", "jon santiago high school", "jon santiago photographer", "jon santiago age", "jon santiago campaign manager"], "jon santiago net worth": ["jon santiago wife", "jon santiago endorsements", "jon santiago campaign manager", "jon santiago wife alexandra", "jon santiago age", "jon santiago high school", "john barros", "is jon santiago married"], "jon santiago partner": ["jon santiago wife", "jon santiago wife alexandra", "jon santiago mayor", "jon santiago campaign manager", "jon santiago endorsements", "jon santiago boston mayor", "jon santiago boston globe", "how old is jon santiago"], "jon santiago police": ["jon santiago wife", "jon santiago wife alexandra", "jon santiago endorsements", "jon santiago state representative", "jon santiago campaign manager", "jon santiago mayor", "jon santiago photographer", "jon santiago facebook"], "jon santiago race": false, "jon santiago transportation": ["jon santiago campaign manager", "jon santiago endorsements", "jon santiago mayor", "jon santiago wife", "jon santiago wife alexandra", "jon santiago representative", "jon santiago boston globe", "jon santiago boston mayor"], "jon santiago": ["jon santiago wife", "is jon santiago married", "jon santiago photographer", "jon santiago high school", "jon santiago age", "jon santiago mayor", "jon santiago instagram", "jon santiago endorsements"], "kim janey background": ["who is kim janey husband", "kim janey daughter", "kim janey for mayor", "kim janey campaign", "kim janey daughter age", "kim janey age", "kim janey campaign website", "kim janey policies"], "kim janey boston": ["kim janey for mayor", "kim janey campaign website", "kim janey age", "kim janey for mayor campaign", "kim janey, boston mayor", "kim janey daughter age", "kim janey husband", "kim janey partner"], "kim janey COVID": false, "kim janey crime": ["kim janey for mayor", "kim janey husband", "kim janey brother", "marty walsh"], "kim janey Education": ["kim janey smith college", "kim janey reading memorial high school", "kim janey, boston mayor", "who is kim janey husband", "kim janey for mayor campaign", "kim janey political views", "kim janey daughter", "kim janey daughter age"], "kim janey endorsement": ["kim janey issues", "kim janey election", "kim janey daughter age", "kim janey campaign website", "kim janey staff", "kim janey salary", "kim janey mayor", "kim janey daughter"], "kim janey for mayor": ["kim janey for mayor campaign", "kim janey campaign website", "kim janey partner", "kim janey husband", "kim janey campaign manager", "kim janey daughter", "kim janey running for mayor", "kim janey, boston mayor"], "kim janey housing": ["kim janey for mayor", "kim janey election", "kim janey campaign manager", "kim janey partner", "who is kim janey husband", "kim janey issues", "kim janey family", "kim janey daughter age"], "kim janey LGBT": ["when was lgbtq created"], "kim janey mayoral election": ["kim janey for mayor", "kim janey for mayor campaign", "kim janey running for mayor", "kim janey campaign website", "kim janey partner", "boston mayoral election", "kim janey husband", "kim janey family"], "kim janey MBTA": ["kim janey for mayor", "kim janey husband", "kim janey age", "kim janey daughter", "kim janey campaign", "kim janey election", "kim janey wikipedia", "kim janey staff"], "kim janey net worth": ["kim janey daughter", "who is kim janey husband", "kim janey age", "kim janey daughter age", "kim janey partner", "kim janey parents nationality", "is kim janey married", "kim janey wikipedia"], "kim janey partner": ["who is kim janey husband", "kim janey parents nationality", "kim janey brother", "kim janey reading memorial high school", "kim janey daughter age", "kim janey net worth", "kim janey wikipedia", "kim janey, boston mayor"], "kim janey police": ["kim janey for mayor", "patrick rose boston police", "boston police commissioner wife", "dennis white, boston police wife", "dennis white wife", "kim janey husband", "dennis white boston police commissioner", "dennis white parents"], "kim janey race": ["kim janey for mayor", "kim janey age", "kim janey campaign", "kim janey partner", "kim janey husband", "kim janey political views", "is kim janey married?", "kim janey daughter"], "kim janey transportation": false, "kim janey": ["kim janey political views", "mayor kim janey", "kim janey daughter", "kim janey husband", "kim janey wikipedia", "kim janey daughter age", "kim janey campaign", "kim janey age"], "michael bianchi background": ["michael bianchi boston", "michael bianchi actor", "michael bianchi mayor", "michael bianchi brighton ma", "michael bianchi boston mayor"], "michael bianchi boston": ["michael bianchi boston mayor", "michael bianchi brighton ma", "michael bianchi mayor"], "michael bianchi COVID": ["michael bianchi boston", "michael bianchi boston mayor", "michael bianchi brighton ma", "michael bianchi mayor"], "michael bianchi crime": false, "michael bianchi Education": false, "michael bianchi endorsement": false, "michael bianchi for mayor": ["michael bianchi brighton ma", "michael bianchi boston", "michael bianchi boston mayor", "bianchi road bike"], "michael bianchi housing": false, "michael bianchi LGBT": ["when was lgbtq created", "lgbtq meaning of each letter", "lgbtq sexualities", "lgbtq day"], "michael bianchi mayoral election": ["michael bianchi boston", "michael bianchi brighton ma", "michael bianchi boston mayor"], "michael bianchi MBTA": ["michael bianchi boston mayor", "michael bianchi mayor", "michael bianchi brighton ma"], "michael bianchi net worth": false, "michael bianchi partner": false, "michael bianchi police": ["michael bianchi boston", "michael bianchi boston mayor", "michael bianchi brighton ma", "michael bianchi mayor"], "michael bianchi race": ["michael bianchi mayor", "michael bianchi brighton ma", "michael bianchi boston mayor", "bianchi road bike"], "michael bianchi transportation": false, "michael bianchi": ["michael bianchi actor", "michael bianchi boston", "michael bianchi obituary", "michael bianchi boston mayor", "michael bianchi brighton", "michael bianchi dds reviews", "michael bianchi mayor", "michael bianchi architect"], "michelle wu background": ["michelle wu email", "michelle wu family", "michelle wu mother", "michelle wu siblings", "michelle wu twitter", "michelle wu linkedin", "michelle wu mayor", "michelle wu wiki"], "michelle wu boston": ["michelle wu instagram", "michelle wu boston college", "michelle wu boston globe", "michelle wu boston public schools", "michelle wu twitter", "michelle wu linkedin", "michelle wu wikipedia", "michelle wu family"], "michelle wu COVID": ["michelle wu chinatown"], "michelle wu crime": ["michelle wu announcement", "michelle wu housing", "michelle wu events", "michelle wu child care", "michelle wu siblings", "michelle wu accomplishments", "michelle wu campaign", "michelle wu mother"], "michelle wu Education": ["michelle wu education plan", "michelle wu endorsements", "michelle wu election", "michelle wu salary", "michelle wu mayor", "michelle wu campaign staff", "michelle wu mother", "michelle wu policies"], "michelle wu endorsement": ["michelle wu instagram", "andrea campbell endorsements", "michelle wu family", "michelle wu twitter", "michelle wu mayor", "michelle wu policies", "michelle wu husband", "michelle wu linkedin"], "michelle wu for mayor": ["michelle wu boston husband", "michelle wu campaign staff", "michelle wu family", "michelle wu twitter", "michelle wu instagram", "michelle wu mother", "michelle wu linkedin", "michelle wu siblings"], "michelle wu housing": ["michelle wu child care", "michelle wu announcement", "michelle wu endorsements", "michelle wu transportation", "michelle wu small business", "michelle wu events", "michelle wu election", "michelle wu policies"], "michelle wu LGBT": ["when was lgbtq created", "lgbtq meaning of each letter", "lgbtq sexualities", "lgbtq day"], "michelle wu mayoral election": ["boston mayoral election", "michelle wu election", "michelle wu husband", "michelle wu for mayor", "michelle wu family", "michelle wu instagram", "michelle wu twitter", "michelle wu campaign staff"], "michelle wu MBTA": ["michelle wu instagram", "michelle wu free transit", "michelle wu twitter", "michelle wu transportation", "michelle wu election", "michelle wu announcement", "michelle wu housing", "michelle wu child care"], "michelle wu net worth": ["michelle wu boston husband", "michelle wu instagram", "michelle wu salary", "michelle wu family", "michelle wu age", "michelle wu siblings", "where does michelle wu live", "michelle wu mother"], "michelle wu partner": ["michelle wu instagram", "michelle wu family", "where does michelle wu live", "michelle wu siblings", "michelle wu mayor", "michelle wu salary", "michelle wu twitter", "michelle wu age"], "michelle wu police": ["michelle wu election", "michelle wu announcement", "michelle wu accomplishments", "michelle wu child care", "michelle wu endorsements", "michelle wu dsa", "michelle wu events", "michelle wu chinatown"], "michelle wu race": ["michelle wu boston husband", "michelle wu mother", "michelle wu instagram", "michelle wu family", "michelle wu jobs", "michelle wu siblings", "michelle wu mayor", "michelle wu campaign staff"], "michelle wu transportation": ["michelle wu free transit", "michelle wu housing", "michelle wu free the t", "michelle wu announcement", "michelle wu election", "michelle wu dsa", "michelle wu accomplishments", "michelle wu mother"], "michelle wu": ["michelle wu dsa", "michelle wu wikipedia", "michelle wu instagram", "michelle wu siblings", "michelle wu linkedin", "michelle wu mother", "michelle wu campaign staff", "michelle wu events"]}