{"dana depelteau boston": ["dana depelteau black lives matter", "dana depelteau twitter", "dana depelteau tweets", "universal hub dana depelteau", "dana depelteau for mayor", "michelle wu", "calla walsh", "annissa essaibi george"], "annissa essaibi george boston": ["annissa essaibi george boston globe", "annissa essaibi george ethnicity", "annissa essaibi george website", "boston city council elections 2021", "annissa essaibi-george police", "annissa essaibi george campaign website", "annissa essaibi george father", "annissa essaibi george family"], "jon santiago boston": ["jon santiago wife", "jon santiago boston mayor", "jon santiago boston globe", "jon santiago age", "jon santiago high school", "jon santiago boston twitter", "jon santiago mayor", "jon santiago endorsements"], "kim janey boston": ["kim janey husband", "kim janey campaign website", "kim janey daughter age", "kim janey political views", "kim janey age", "kim janey for mayor", "kim janey partner", "kim janey, boston mayor"], "john barros boston": ["john barros boston wikipedia", "john barros boston wife", "john barros boston restaurant", "john barros wife", "john barros for mayor website", "john barros boston bio", "john barros wiki", "john barros mayor boston"], "andrea campbell mayoral election": ["andrea campbell bio", "andrea campbell husband", "andrea campbell family", "andrea campbell brother", "andrea campbell husband, matthew", "andrea campbell twin brother", "andrea campbell boston mayor", "andrea campbell wikipedia"], "dana depelteau mayoral election": ["boston mayoral candidates 2021", "boston mayoral election 2020", "boston mayoral election results", "dana depelteau twitter", "boston mayoral election 2021 candidates", "universal hub dana depelteau", "boston mayoral election candidates", "boston mayoral polls"], "annissa essaibi george mayoral election": ["annissa essaibi george campaign website", "annissa essaibi george campaign manager", "annissa essaibi george endorsements", "annissa essaibi george twitter", "annissa essaibi george family", "john barros", "michelle wu", "annissa essaibi george boston globe"], "jon santiago mayoral election": false, "michael bianchi mayoral election": ["michael bianchi boston", "michael bianchi boston mayor", "michael bianchi brighton ma"], "john barros mayoral election": ["john barros for mayor website", "john barros political party", "john barros wife", "boston mayoral candidates", "john barros mayor 2021", "john barros bio", "john barros campaign", "john barros wiki"], "michelle wu for mayor": ["michelle wu boston husband", "michelle wu family", "michelle wu campaign staff", "michelle wu endorsements", "michelle wu instagram", "michelle wu twitter", "michelle wu mother", "michelle wu roslindale"], "andrea campbell for mayor": ["andrea campbell staff", "andrea campbell family", "andrea campbell campaign manager", "andrea campbell father", "andrea campbell brother", "andrea campbell husband", "andrea campbell twin brother", "andrea campbell wikipedia"], "jon santiago for mayor": ["jon santiago for mayor website", "jon santiago wife", "jon santiago campaign manager", "jon santiago high school", "jon santiago endorsements", "jon santiago boston mayor", "jon santiago twitter", "jon santiago wife alexandra"], "michael bianchi for mayor": ["michael bianchi boston mayor", "michael bianchi brighton ma", "bianchi road bike"], "john barros for mayor": ["john barros for mayor website", "john barros wife", "john barros political party", "john barros mayor 2021", "john barros family", "john barros wikipedia", "john barros boston mayor", "john barros bio"], "michelle wu partner": ["michelle wu instagram", "michelle wu family", "where does michelle wu live", "michelle wu roslindale", "michelle wu mayor", "michelle wu age", "michelle wu wikipedia", "michelle wu twitter"], "andrea campbell partner": ["andrea campbell family", "andrea campbell father", "andrea campbell brother", "andrea campbell twin brother", "andrea campbell staff", "andrea campbell husband, matthew", "andrea campbell wikipedia", "andrea campbell campaign manager"], "dana depelteau partner": false, "annissa essaibi george partner": ["annissa essaibi george father", "annissa essaibi george ethnicity", "annissa essaibi george family", "annissa essaibi george twitter", "annissa essaibi george staff", "annissa essaibi george endorsements", "annissa essaibi-george police", "annissa essaibi george mayor"], "jon santiago partner": ["jon santiago wife alexandra", "jon santiago campaign manager", "jon santiago mayor", "jon santiago endorsements", "jon santiago boston globe", "jon santiago boston mayor", "how old is jon santiago", "john barros"], "kim janey partner": ["who is kim janey husband", "is kim janey married", "kim janey daughter", "kim janey husband age", "kim janey brother", "kim janey daughter age", "kim janey wikipedia", "kim janey age"], "michael bianchi partner": ["michael bianchi actor", "michael bianchi boston"], "john barros partner": ["john barros wife", "john barros family", "john barros wikipedia", "john barros political party", "john barros bio", "john barros boston wikipedia", "john barros for mayor website", "john barros campaign"], "michelle wu race": ["michelle wu boston husband", "michelle wu mother", "michelle wu instagram", "michelle wu family", "michelle wu jobs", "michelle wu roslindale", "michelle wu father", "michelle wu clothing"], "andrea campbell race": ["andrea campbell father", "andrea campbell family", "andrea campbell husband", "andrea campbell bio", "andrea campbell twin brother", "andrea campbell brother", "andrea campbell staff", "andrea campbell husband, matthew"], "dana depelteau race": ["who is running for boston mayor", "boston elections, 2021", "boston city council elections 2021", "dana depelteau mayor", "boston mayoral race", "annissa essaibi george", "boston mayoral election 2020", "boston mayoral primary"], "annissa essaibi george race": ["annissa essaibi george staff", "annissa essaibi george mayor", "annissa essaibi george father", "annissa essaibi george campaign", "annissa essaibi george endorsements", "annissa essaibi george campaign website", "annissa essaibi george boston globe", "annissa essaibi george twitter"], "jon santiago race": ["jon santiago wife", "jon santiago mayor", "jon santiago high school", "jon santiago campaign manager", "jon santiago endorsements", "jon santiago boston mayor", "jon santiago twitter", "jon santiago boston globe"], "kim janey race": ["kim janey for mayor", "kim janey age", "kim janey partner", "kim janey campaign", "is kim janey married?", "kim janey husband", "kim janey political views", "kim janey daughter"], "michael bianchi race": ["michael bianchi boston", "michael bianchi mayor", "michael bianchi boston mayor", "michael bianchi brighton ma", "bianchi road bike"], "michelle wu endorsement": ["michelle wu instagram", "andrea campbell endorsements", "michelle wu roslindale", "michelle wu twitter", "michelle wu family", "michelle wu mayor", "michelle wu husband", "michelle wu policies"], "andrea campbell endorsement": ["andrea campbell husband", "andrea campbell bio", "andrea campbell husband, matthew", "andrea campbell father", "andrea campbell family", "andrea campbell staff", "andrea campbell twin brother", "andrea campbell wiki"], "annissa essaibi george endorsement": ["annissa essaibi george campaign manager", "annissa essaibi george twitter", "annissa essaibi george family", "annissa essaibi george wiki", "boston globe annissa essaibi george"], "jon santiago endorsement": ["jon santiago wife", "jon santiago campaign manager", "jon santiago high school", "jon santiago twitter", "jon santiago mayor", "jon santiago wife alexandra", "jon santiago facebook", "is jon santiago married"], "kim janey endorsement": ["kim janey campaign", "kim janey transition website", "kim janey for mayor", "kim janey age", "kim janey policy", "kim janey campaign manager", "kim janey transition team", "is kim janey married"], "michael bianchi endorsement": false, "john barros endorsement": ["john barros for mayor website", "john barros political party", "john barros wife", "john barros wikipedia", "john barros boston mayor"], "michelle wu COVID": ["michelle wu chinatown"], "andrea campbell COVID": ["andrea campbell twitter", "andrea campbell argentina edad"], "dana depelteau COVID": ["universal hub dana depelteau", "dana depelteau twitter", "dana depelteau boston", "dana depelteau black lives matter", "dana depelteau mayor", "dana depelteau tweets", "calla walsh", "annissa essaibi george"], "jon santiago COVID": false, "kim janey COVID": false, "michael bianchi COVID": ["michael bianchi boston", "michael bianchi boston mayor", "michael bianchi mayor", "michael bianchi brighton ma"], "michelle wu transportation": ["michelle wu free transit", "michelle wu housing", "michelle wu announcement", "michelle wu election", "michelle wu dsa", "michelle wu accomplishments", "michelle wu free the t", "michelle wu consulting"], "andrea campbell transportation": ["andrea campbell campaign manager", "andrea campbell bio", "andrea campbell campaign jobs", "andrea campbell brother", "andrea campbell husband", "andrea campbell events", "andrea campbell boston public schools", "andrea campbell housing"], "dana depelteau transportation": ["dana depelteau black lives matter", "dana depelteau twitter", "calla walsh parents", "michelle wu"], "annissa essaibi george transportation": ["annissa george", "annissa essaibi george staff", "annissa essaibi george father", "annissa essaibi george mayor", "annissa essaibi george ethnicity", "annissa essaibi george endorsements", "annissa essaibi george twitter", "annissa essaibi george website"], "jon santiago transportation": ["jon santiago campaign manager", "jon santiago wife", "jon santiago high school", "jon santiago mayor", "jon santiago endorsements", "john barros", "jon santiago wife alexandra", "jon santiago age"], "kim janey transportation": false, "michael bianchi transportation": false, "john barros transportation": ["john barros wiki", "john barros political party", "john barros boston wikipedia", "john barros wife", "john barros for mayor", "john barros campaign", "john barros bio", "john barros bc high"], "michelle wu MBTA": ["michelle wu transportation", "michelle wu free transit", "michelle wu election", "michelle wu announcement", "michelle wu consulting", "michelle wu housing", "michelle wu child care", "michelle wu events"], "dana depelteau MBTA": ["dana depelteau twitter", "universal hub dana depelteau", "dana depelteau tweets", "calla walsh", "annissa essaibi george", "michelle wu"], "annissa essaibi george MBTA": ["annissa essaibi george twitter", "annissa essaibi george father", "annissa essaibi george boston globe", "annissa essaibi george campaign website", "annissa essaibi george website", "annissa essaibi george ethnicity", "annissa essaibi george staff", "annissa essaibi george mayor"], "jon santiago MBTA": ["jon santiago wife", "jon santiago high school", "jon santiago age", "jon santiago wife alexandra", "jon santiago endorsements", "is jon santiago married", "jon santiago campaign manager", "jon santiago boston globe"], "kim janey MBTA": false, "john barros MBTA": ["john barros for mayor website", "john barros boston wikipedia", "john barros wiki", "john barros boston wife", "john barros age", "john barros city of boston", "john barros political party", "john barros bio"], "michelle wu Education": ["michelle wu education plan", "michelle wu endorsements", "michelle wu roslindale", "michelle wu election", "michelle wu jobs", "michelle wu mayor", "michelle wu wikipedia", "michelle wu campaign staff"], "andrea campbell Education": ["andrea campbell family", "andrea campbell bio", "andrea campbell husband", "andrea campbell father", "andrea campbell brother", "andrea campbell wikipedia", "andrea campbell education plan", "andrea campbell parents"], "dana depelteau Education": ["dana depelteau black lives matter", "dana depelteau twitter", "dana depelteau tweets", "calla walsh", "michelle wu", "calla walsh parents", "annissa essaibi george"], "jon santiago Education": ["jon santiago wife", "is jon santiago married", "jon santiago bio", "jon santiago age", "john barros", "jon santiago high school", "jon santiago campaign manager", "jon santiago mayor"], "kim janey Education": ["kim janey smith college", "kim janey reading memorial high school", "kim janey, boston mayor", "who is kim janey husband", "kim janey political views", "kim janey campaign website", "kim janey for mayor", "kim janey daughter"], "michelle wu LGBT": ["when was lgbtq created", "lgbtq meaning of each letter", "lgbtq sexualities", "lgbtq day"], "andrea campbell LGBT": ["when was lgbtq created", "lgbtq meaning of each letter", "lgbtq sexualities", "lgbtq day"], "dana depelteau LGBT": ["when was lgbtq created", "lgbtq meaning of each letter", "lgbtq sexualities", "lgbtq day"], "kim janey LGBT": ["when was lgbtq created", "lgbtq meaning of each letter", "lgbtq sexualities", "lgbtq day"], "michael bianchi LGBT": ["when was lgbtq created", "lgbtq meaning of each letter", "lgbtq sexualities", "lgbtq day"], "john barros LGBT": ["when was lgbtq created", "lgbtq meaning of each letter", "lgbtq sexualities", "lgbtq day"], "michelle wu background": ["michelle wu email", "michelle wu family", "michelle wu mother", "michelle wu siblings", "michelle wu roslindale", "michelle wu jobs", "michelle wu twitter", "michelle wu linkedin"], "andrea campbell background": ["andrea campbell family", "andrea campbell father", "andrea campbell brother", "andrea campbell wikipedia", "andrea campbell husband", "andrea campbell twin brother", "andrea campbell brothers", "andrea campbell campaign manager"], "annissa essaibi george background": ["annissa essaibi george father", "annissa essaibi george ethnicity", "annissa essaibi george staff", "annissa essaibi george campaign", "annissa essaibi george campaign website", "boston city council", "annissa essaibi george campaign manager", "annissa essaibi george for mayor"], "jon santiago background": ["john barros", "jon santiago wife", "jon santiago high school", "jon santiago age", "jon santiago mayor", "jon santiago campaign manager", "jon santiago endorsements", "jon santiago bio"], "michael bianchi background": ["michael bianchi boston", "michael bianchi mayor", "michael bianchi boston mayor", "michael bianchi actor"], "john barros background": ["john barros for mayor website", "john barros political party", "john barros family", "john barros bc high", "john barros restaurant", "john barros boston mayor", "john barros boston restaurant"], "michelle wu net worth": ["michelle wu boston husband", "michelle wu family", "michelle wu instagram", "michelle wu age", "where does michelle wu live", "michelle wu roslindale", "michelle wu mother", "michelle wu jobs"], "andrea campbell net worth": ["andrea campbell husband", "andrea campbell family", "andrea campbell twin brother", "andrea campbell wikipedia", "andrea campbell brother", "andrea campbell father", "andrea campbell husband, matthew", "andrea campbell bio"], "annissa essaibi george net worth": ["boston city council", "annissa essaibi george ethnicity", "annissa essaibi george father", "annissa essaibi george endorsements", "annissa essaibi george staff", "annissa essaibi george twitter", "annissa essaibi george website", "boston city council elections 2021"], "jon santiago net worth": ["jon santiago wife", "jon santiago age", "jon santiago high school", "jon santiago endorsements", "jon santiago campaign manager", "jon santiago wife alexandra", "is jon santiago married", "john barros"], "kim janey net worth": ["kim janey daughter", "who is kim janey husband", "kim janey age", "kim janey daughter age", "kim janey partner", "kim janey parents nationality", "is kim janey married", "kim janey wikipedia"], "john barros net worth": ["john barros wife", "john barros wikipedia", "john barros age", "john barros bio", "john barros restaurant", "john barros bc high", "john barros education"], "dana depelteau background": ["dana depelteau black lives matter", "john barros", "dana depelteau twitter", "calla walsh", "boston city council elections 2021", "michelle wu", "jon santiago", "kim janey"], "kim janey background": ["who is kim janey husband", "kim janey daughter", "kim janey for mayor", "kim janey campaign", "kim janey daughter age", "kim janey age", "kim janey campaign website", "kim janey policies"], "michelle wu crime": ["boston city council at-large candidates 2021", "boston city council elections 2021", "michelle wu housing", "boston city council meeting", "boston city council district map", "boston city council tv", "boston city council president", "who is my city councilor"], "andrea campbell crime": ["andrea campbell bio", "andrea campbell twin brother", "andrea campbell husband", "andrea campbell family", "andrea campbell brother", "andrea campbell father", "andrea campbell age", "andrea campbell husband, matthew"], "dana depelteau crime": ["dana depelteau black lives matter", "dana depelteau twitter", "dana depelteau mayor", "dana depelteau boston", "michelle wu", "calla walsh", "annissa essaibi george"], "annissa essaibi george crime": ["annissa essaibi george ethnicity", "annissa essaibi george father", "annissa essaibi george twitter", "annissa essaibi george staff", "annissa essaibi george mayor", "annissa essaibi george family", "annissa essaibi george campaign", "annissa essaibi george endorsements"], "jon santiago crime": false, "kim janey crime": ["kim janey for mayor", "kim janey husband", "kim janey brother", "kim janey press conference"], "michael bianchi crime": ["kenneth bianchi 2021", "what happened to kenneth bianchi's son", "veronica compton", "hillside strangler documentary", "hillside strangler 4 survivors", "hillside strangler documentary netflix"], "john barros crime": ["john barros wikipedia", "john barros wife", "john barros for mayor website", "john barros political party", "john barros boston wikipedia", "john barros family", "john barros bio", "john barros campaign"], "michelle wu police": ["michelle wu election", "michelle wu announcement", "michelle wu accomplishments", "michelle wu child care", "michelle wu endorsements", "michelle wu dsa", "michelle wu events", "michelle wu chinatown"], "andrea campbell police": ["andrea campbell husband", "andrea campbell bio", "andrea campbell brother", "andrea campbell events", "andrea campbell housing", "andrea campbell covid", "andrea campbell princeton", "andrea campbell endorsement"], "dana depelteau police": ["dana depelteau black lives matter", "dana depelteau twitter", "dana depelteau tweets", "calla walsh", "michelle wu", "annissa essaibi george"], "annissa essaibi george police": ["annissa essaibi george twitter", "annissa essaibi george ethnicity", "annissa essaibi george endorsements", "annissa essaibi george mayor", "annissa essaibi george staff", "annissa essaibi george father", "annissa essaibi george boston globe", "annissa essaibi-george weight loss"], "jon santiago police": ["jon santiago wife", "jon santiago wife alexandra", "jon santiago high school", "jon santiago endorsements", "jon santiago campaign", "jon santiago campaign manager", "jon santiago age", "jon santiago mayor"], "kim janey police": ["kim janey for mayor", "boston police commissioner wife", "dennis white, boston police wife", "dennis white wife", "dennis white boston police commissioner", "dennis white family", "dennis white parents", "kim janey husband"], "john barros police": ["john barros wife", "john barros wiki", "john barros bio", "john barros bc high", "john barros for mayor website", "john barros campaign", "john barros political party", "john barros family"], "andrea campbell housing": ["andrea campbell husband", "andrea campbell father", "andrea campbell family", "andrea campbell husband, matthew", "andrea campbell brother", "andrea campbell twin brother", "andrea campbell bio", "andrea campbell brothers"], "dana depelteau housing": ["dana depelteau black lives matter", "dana depelteau twitter", "dana depelteau tweets", "calla walsh", "calla walsh parents", "annissa essaibi george", "michelle wu"], "annissa essaibi george housing": ["annissa essaibi george mayor", "annissa essaibi george endorsements", "annissa essaibi george twitter", "annissa essaibi george campaign manager", "annissa essaibi george family", "doug george", "michelle wu", "annissa essaibi george wiki"], "jon santiago housing": ["jon santiago wife", "john barros", "jon santiago police", "jon santiago endorsements", "jon santiago campaign manager", "jon santiago wife alexandra", "jon santiago high school", "jon santiago age"], "kim janey housing": ["kim janey for mayor", "kim janey election", "kim janey campaign manager", "who is kim janey husband", "kim janey partner", "kim janey family", "kim janey daughter age", "kim janey political views"], "john barros housing": ["john barros for mayor website", "john barros wife", "john barros family", "john barros political party", "john barros wiki", "john barros bio", "john barros wikipedia", "john barros boston wikipedia"], "michelle wu boston": ["michelle wu boston latin", "michelle wu instagram", "michelle wu boston globe", "michelle wu boston college", "michelle wu roslindale", "michelle wu, boston mayor", "michelle wu linkedin", "michelle wu boston mayor polls"], "andrea campbell boston": ["andrea campbell boston husband", "andrea campbell family", "andrea campbell boston latin school", "andrea campbell husband, matthew", "andrea campbell bio", "andrea campbell boston platform", "andrea campbell boston public schools", "andrea campbell wiki"], "michael bianchi boston": ["michael bianchi boston mayor", "michael bianchi brighton ma", "michael bianchi mayor"], "michelle wu mayoral election": ["boston mayoral election", "michelle wu for mayor", "michelle wu husband", "michelle wu family", "michelle wu instagram", "michelle wu twitter", "michelle wu campaign staff", "michelle wu endorsements"], "kim janey mayoral election": ["kim janey for mayor", "kim janey for mayor campaign", "kim janey campaign website", "kim janey partner", "boston mayoral election", "kim janey campaign manager", "kim janey husband", "kim janey family"], "dana depelteau for mayor": ["dana depelteau twitter", "dana depelteau black lives matter", "universal hub dana depelteau", "dana depelteau tweets", "calla walsh", "michelle wu", "annissa essaibi george"], "annissa essaibi george for mayor": ["annissa essaibi george ethnicity", "annissa essaibi george campaign website", "annissa george", "annissa essaibi george staff", "annissa essaibi george father", "annissa essaibi george campaign manager", "annissa essaibi george endorsements", "annissa essaibi george twitter"], "kim janey for mayor": ["kim janey for mayor campaign", "kim janey campaign website", "kim janey partner", "kim janey campaign manager", "kim janey husband", "kim janey political views", "kim janey daughter", "kim janey running for mayor"], "dana depelteau endorsement": ["john barros", "dana depelteau twitter", "boston mayoral candidates 2021", "dana depelteau mayor", "dana depelteau boston", "boston elections, 2021", "boston mayoral election 2020", "boston city council elections 2021"], "annissa essaibi george COVID": false, "john barros COVID": ["john barros for mayor website", "john barros wife", "john barros boston wikipedia", "john barros wikipedia", "john barros political party", "john barros boston mayor", "john barros restaurant", "john barros bc high"], "andrea campbell MBTA": ["andrea campbell bio", "andrea campbell husband", "andrea campbell brother", "andrea campbell family", "andrea campbell twin brother", "andrea campbell staff", "andrea campbell father", "andrea campbell campaign manager"], "michael bianchi MBTA": ["michael bianchi boston mayor", "michael bianchi mayor", "michael bianchi brighton ma"], "annissa essaibi george Education": ["annissa essaibi george staff", "annissa essaibi george ethnicity", "annissa essaibi george mayor", "annissa essaibi george website", "annissa essaibi-george police", "annissa essaibi george father", "annissa essaibi george twitter", "annissa essaibi george family"], "michael bianchi Education": false, "john barros Education": ["john barros for mayor website", "john barros political party", "john barros wife", "john barros wiki", "john barros wikipedia", "john barros age", "john barros bio", "john barros boston wikipedia"], "annissa essaibi george LGBT": false, "dana depelteau net worth": ["dana depelteau black lives matter", "universal hub dana depelteau", "dana depelteau twitter", "boston elections, 2021", "dana depelteau tweets", "boston mayoral candidates 2021", "boston mayoral polls", "boston city council elections 2021"], "michael bianchi net worth": false, "michael bianchi police": ["michael bianchi boston", "michael bianchi boston mayor", "michael bianchi mayor"], "michelle wu housing": ["michelle wu child care", "michelle wu announcement", "michelle wu endorsements", "michelle wu consulting", "michelle wu transportation", "michelle wu small business", "michelle wu events", "michelle wu election"], "john barros race": ["john barros wikipedia", "john barros family", "john barros for mayor website", "john barros bio", "john barros wife", "john barros political party", "john barros boston wikipedia", "john barros campaign"], "jon santiago LGBT": ["when was lgbtq created", "lgbtq meaning of each letter", "lgbtq sexualities", "lgbtq day"], "michael bianchi housing": false}