{"andrea campbell background": ["andrea campbell family", "andrea campbell father", "andrea campbell brother", "andrea campbell wikipedia", "andrea campbell husband", "andrea campbell parents", "andrea campbell twin brother", "andrea campbell brothers"], "andrea campbell boston": ["andrea campbell boston husband", "andrea campbell family", "andrea campbell boston latin school", "andrea campbell husband, matthew", "andrea campbell twin brother", "andrea campbell boston public schools", "andrea campbell mit", "andrea campbell boston platform"], "andrea campbell COVID": ["andrea campbell argentina", "andrea campbell mass and cass"], "andrea campbell crime": ["andrea campbell bio", "andrea campbell husband", "andrea campbell twin brother", "andrea campbell family", "andrea campbell age", "andrea campbell father", "andrea campbell brothers", "andrea campbell husband, matthew"], "andrea campbell Education": ["andrea campbell family", "andrea campbell bio", "andrea campbell father", "andrea campbell husband", "andrea campbell brother", "andrea campbell wikipedia", "andrea campbell education plan", "andrea campbell princeton"], "andrea campbell endorsement": ["andrea campbell husband", "andrea campbell husband, matthew", "andrea campbell bio", "andrea campbell family", "andrea campbell twin brother", "andrea campbell campaign manager", "andrea campbell princeton", "andrea campbell brother"], "andrea campbell for mayor": ["andrea campbell campaign manager", "andrea campbell husband", "andrea campbell parents", "andrea campbell bio", "andrea campbell wikipedia", "andrea campbell family", "andrea campbell husband, matthew", "andrea campbell brother"], "andrea campbell housing": ["andrea campbell husband", "andrea campbell husband, matthew", "andrea campbell father", "andrea campbell family", "andre campbell obituary", "andrea campbell brother", "andrea campbell bio", "andrea campbell twin brother"], "andrea campbell LGBT": ["when was lgbtq created", "lgbt meaning", "she/her meaning lgbt", "lgbtq wallpaper"], "andrea campbell mayoral election": ["andrea campbell for mayor", "andrea campbell family", "andrea campbell campaign manager", "andrea campbell brother", "andrea campbell twin brother", "andrea campbell husband", "andrea campbell bio", "andrea campbell husband, matthew"], "andrea campbell MBTA": ["andrea campbell bio", "andrea campbell husband", "andrea campbell brother", "andrea campbell family", "andrea campbell twin brother", "andrea campbell father", "andrea campbell campaign manager", "andrea campbell wikipedia"], "andrea campbell net worth": ["andrea campbell husband", "andrea campbell family", "andrea campbell twin brother", "andrea campbell wikipedia", "andrea campbell husband, matthew", "andrea campbell father", "andrea campbell brother", "andrea campbell bio"], "andrea campbell partner": ["andrea campbell family", "andrea campbell father", "andrea campbell brother", "andrea campbell twin brother", "andrea campbell husband, matthew", "andrea campbell wikipedia", "andrea campbell princeton", "andrea campbell events"], "andrea campbell police": ["andrea campbell husband", "andrea campbell brother", "andrea campbell events", "andrea campbell housing", "andrea campbell covid", "andrea campbell endorsement", "andrea campbell campaign manager", "andrea campbell fundraising"], "andrea campbell race": ["andrea campbell father", "andrea campbell husband", "andrea campbell family", "andrea campbell bio", "andrea campbell twin brother", "andrea campbell brother", "andrea campbell husband, matthew", "andrea campbell wikipedia"], "andrea campbell transportation": ["andrea campbell campaign manager", "andrea campbell boston public schools", "andrea campbell events", "andrea campbell housing", "andrea campbell covid", "andrea campbell boston platform", "andrea campbell for mayor", "andrea campbell campaign jobs"], "andrea campbell": ["andrea campbell husband", "andrea campbell brother", "andrea campbell bio", "andrea campbell wikipedia", "andrea campbell father", "andrea campbell brothers", "andrea campbell family", "andrea campbell husband, matthew"], "annissa essaibi george background": ["boston city council", "annissa essaibi george campaign", "annissa essaibi george father", "annissa essaibi george staff", "annissa essaibi george campaign website", "annissa essaibi george for mayor", "annissa essaibi george campaign manager", "doug george"], "annissa essaibi george boston": ["annissa essaibi george boston globe", "annissa essaibi george website", "michelle wu", "annissa essaibi george campaign website", "annissa essaibi george father", "annissa essaibi george pronunciation", "annissa essaibi george twitter", "annissa essaibi george facebook"], "annissa essaibi george COVID": false, "annissa essaibi george crime": ["annissa essaibi george mayor", "annissa essaibi george endorsements", "annissa essaibi george campaign manager", "doug george"], "annissa essaibi george Education": ["annissa essaibi george staff", "annissa essaibi george mayor", "annissa essaibi george website", "annissa essaibi george twitter", "annissa essaibi george family", "annissa essaibi george father", "annissa essaibi george campaign", "annissa essaibi george endorsements"], "annissa essaibi george endorsement": ["annissa essaibi george mayor", "annissa essaibi george twitter", "annissa essaibi george campaign manager", "annissa essaibi george staff", "annissa essaibi george family", "boston globe annissa essaibi george", "annissa essaibi george wiki"], "annissa essaibi george for mayor": ["annissa essaibi george campaign manager", "annissa essaibi george staff", "annissa essaibi george father", "annissa george", "annissa essaibi george twitter", "annissa essaibi george endorsements", "doug george boston", "annissa essaibi george campaign website"], "annissa essaibi george housing": ["annissa george", "annissa essaibi george mayor", "annissa essaibi george twitter", "annissa essaibi george endorsements", "doug george", "annissa essaibi george campaign", "annissa essaibi george campaign website", "annissa essaibi george staff"], "annissa essaibi george LGBT": false, "annissa essaibi george mayoral election": ["annissa essaibi george twitter", "john barros", "annissa essaibi george campaign", "annissa essaibi george campaign website", "annissa essaibi george endorsements", "annissa essaibi george campaign manager", "michelle wu", "annissa essaibi george father"], "annissa essaibi george MBTA": ["annissa essaibi george boston globe", "annissa essaibi george twitter", "michelle wu", "boston city council elections 2021", "annissa essaibi george campaign website", "annissa essaibi george staff", "annissa essaibi george father", "annissa essaibi george website"], "annissa essaibi george net worth": ["annissa essaibi george father", "annissa essaibi george mayor", "annissa essaibi george endorsements", "annissa essaibi george staff", "annissa essaibi george twitter", "annissa essaibi george website", "boston city council elections 2021", "annissa essaibi george campaign"], "annissa essaibi george partner": ["annissa essaibi george father", "annissa essaibi george family", "annissa essaibi george twitter", "annissa essaibi george staff", "annissa essaibi george endorsements", "doug george", "annissa essaibi george mayor", "annissa essaibi george campaign manager"], "annissa essaibi george police": ["annissa essaibi george twitter", "annissa essaibi george endorsements", "annissa essaibi george mayor", "annissa essaibi george campaign manager", "annissa essaibi george wiki", "annissa essaibi george family"], "annissa essaibi george race": ["annissa essaibi george father", "annissa essaibi george staff", "annissa essaibi george mayor", "annissa essaibi george twitter", "annissa essaibi george campaign", "annissa essaibi george endorsements", "boston mayoral race", "annissa essaibi george campaign website"], "annissa essaibi george transportation": ["annissa essaibi george staff", "annissa essaibi george mayor", "annissa essaibi george father", "annissa essaibi george twitter", "annissa essaibi george endorsements", "annissa essaibi george website", "annissa essaibi george campaign website", "annissa essaibi george campaign manager"], "annissa essaibi george": ["annissa essaibi george father", "annissa essaibi george website", "annissa essaibi george facebook", "annissa essaibi george pronunciation", "annissa essaibi george endorsements", "annissa essaibi george campaign", "annissa essaibi george twitter", "annissa essaibi george instagram"], "boston mayor candidates": ["boston mayoral election candidates", "boston mayoral election 2020", "boston mayoral primary 2021", "boston elections, 2021", "boston mayoral race candidates 2021", "boston mayoral election results", "boston mayoral election polls", "boston mayoral candidates poll"], "boston mayoral election": ["boston mayoral election 2020", "boston mayoral election results", "boston mayoral election primary", "boston mayoral polls", "boston mayoral election polls", "boston mayoral election 2021 primary", "2017 boston mayoral election", "boston mayoral election 2021 polls"], "dana depelteau background": ["dana depelteau black lives matter", "john barros", "dana depelteau twitter", "calla walsh", "michael j. bianchi ii", "boston city council elections 2021", "boston elections, 2021", "michelle wu"], "dana depelteau boston": ["dana depelteau black lives matter", "dana depelteau twitter", "dana depelteau tweets", "dana depelteau for mayor", "michelle wu", "calla walsh", "annissa essaibi george"], "dana depelteau COVID": ["dana depelteau black lives matter", "dana depelteau twitter", "dana depelteau boston", "dana depelteau for mayor", "dana depelteau tweets", "calla walsh", "michelle wu", "annissa essaibi george"], "dana depelteau crime": ["dana depelteau black lives matter", "dana depelteau twitter", "dana depelteau for mayor", "michelle wu", "calla walsh", "annissa essaibi george"], "dana depelteau Education": ["dana depelteau black lives matter", "dana depelteau twitter", "dana depelteau tweets", "calla walsh", "michelle wu", "calla walsh parents", "annissa essaibi george"], "dana depelteau endorsement": ["boston mayoral candidates 2021", "2021 boston mayoral election", "boston mayoral election 2020", "boston city council candidates 2021", "boston elections, 2021", "boston mayoral election 2021 candidates", "boston mayoral debate 2021", "boston mayoral primary"], "dana depelteau for mayor": ["dana depelteau black lives matter", "dana depelteau twitter", "dana depelteau tweets", "calla walsh", "annissa essaibi george", "michelle wu"], "dana depelteau housing": ["dana depelteau twitter", "dana depelteau tweets", "calla walsh", "annissa essaibi george", "michelle wu"], "dana depelteau LGBT": ["when was lgbtq created", "lgbtq meaning of each letter", "lgbtq sexualities", "lgbtq day"], "dana depelteau mayoral election": ["boston mayoral candidates 2021", "boston mayoral election 2020", "dana depelteau twitter", "boston mayoral election results", "dana depelteau black lives matter", "boston mayoral election 2021 candidates", "boston mayoral election candidates", "dana depelteau tweets"], "dana depelteau MBTA": ["dana depelteau twitter", "dana depelteau tweets", "calla walsh", "annissa essaibi george", "michelle wu"], "dana depelteau net worth": ["dana depelteau black lives matter", "dana depelteau twitter", "dana depelteau tweets", "boston elections, 2021", "dana depelteau for mayor", "boston mayoral polls", "when is boston mayoral election 2021", "boston mayoral candidates 2021"], "dana depelteau partner": false, "dana depelteau police": false, "dana depelteau race": ["kim janey for mayor", "who is running for boston mayor", "boston elections, 2021", "boston city council elections 2021", "boston mayoral race", "boston mayoral primary", "boston mayoral election 2020", "annissa essaibi george"], "dana depelteau transportation": ["dana depelteau black lives matter", "dana depelteau twitter", "dana depelteau boston", "dana depelteau for mayor", "calla walsh parents", "michelle wu", "markeyverse"], "dana depelteau": ["dana depelteau black lives matter", "dana depelteau twitter", "dana depelteau for mayor", "dana depelteau husband", "dana depelteau linkedin", "dana depelteau party", "dana depelteau tweets", "calla walsh"], "john barros background": ["john barros for mayor website", "john barros political party", "john barros family", "john barros bc high", "john barros restaurant", "john barros boston mayor", "john barros education", "john barros boston restaurant"], "john barros boston": ["john barros boston wikipedia", "john barros boston wife", "john barros boston restaurant", "john barros wife", "john barros boston bio", "john barros for mayor website", "john barros wiki", "john barros mayor boston"], "john barros COVID": ["john barros for mayor website", "john barros wife", "john barros boston wikipedia", "john barros wikipedia", "john barros political party", "john barros restaurant", "john barros bc high", "john barros ethnicity"], "john barros crime": ["john barros wikipedia", "john barros wife", "john barros for mayor website", "john barros political party", "john barros boston wikipedia", "john barros family", "john barros bio", "john barros campaign"], "john barros Education": ["john barros for mayor website", "john barros boston wikipedia", "john barros political party", "john barros wife", "john barros wiki", "john barros wikipedia", "john barros age", "john barros bio"], "john barros endorsement": ["john barros for mayor website", "john barros, boston", "john barros wife", "john barros political party", "john barros boston wikipedia", "john barros wiki", "john barros bc high", "john barros boston mayor"], "john barros for mayor": ["john barros for mayor website", "john barros boston mayor", "john barros wife", "john barros political party", "john barros boston wikipedia", "john barros wikipedia", "john barros mayor 2021", "john barros bio"], "john barros housing": ["john barros for mayor website", "john barros wife", "john barros family", "john barros boston wikipedia", "john barros bio", "john barros political party", "john barros wiki", "john barros bc high"], "john barros LGBT": ["when was lgbtq created", "lgbtq meaning of each letter", "lgbtq sexualities", "lgbtq day"], "john barros mayoral election": ["john barros for mayor", "john barros political party", "john barros for mayor website", "john barros mayor 2021", "john barros boston wikipedia", "john barros boston mayor", "john barros wife", "john barros wiki"], "john barros MBTA": ["john barros for mayor website", "john barros boston wikipedia", "john barros boston wife", "john barros boston bio", "john barros city of boston", "john barros wiki", "john barros bc high", "john barros age"], "john barros net worth": ["john barros wife", "john barros wikipedia", "john barros age", "john barros bio", "john barros restaurant", "john barros bc high", "john barros education"], "john barros partner": ["john barros wife", "john barros wikipedia", "john barros family", "john barros political party", "john barros boston wikipedia", "john barros bio", "john barros for mayor website", "john barros campaign"], "john barros police": ["john barros wife", "john barros bc high", "john barros wiki", "john barros boston wikipedia", "john barros ethnicity", "john barros bio", "john barros for mayor", "john barros twitter"], "john barros race": ["john barros wikipedia", "john barros family", "john barros for mayor website", "john barros bio", "john barros wife", "john barros political party", "john barros campaign", "john barros boston wikipedia"], "john barros transportation": ["john barros boston wikipedia", "john barros wiki", "john barros political party", "john barros for mayor", "john barros boston mayor", "john barros campaign", "john barros wife", "john barros bc high"], "john barros": ["john barros boston wikipedia", "john barros restaurant", "john barros wiki", "john barros wikipedia", "john barros website", "john barros for mayor website", "john barros boston mayor", "john barros wife"], "jon santiago background": ["john barros", "jon santiago wife", "jon santiago high school", "jon santiago mayor", "jon santiago age", "jon santiago campaign manager", "jon santiago endorsements", "is jon santiago married"], "jon santiago boston": ["jon santiago wife", "jon santiago boston mayor", "jon santiago boston globe", "jon santiago age", "jon santiago high school", "jon santiago linkedin", "jon santiago boston twitter", "jon santiago endorsements"], "jon santiago COVID": ["jon santiago linkedin"], "jon santiago crime": false, "jon santiago Education": ["jon santiago photographer", "is jon santiago married", "jon santiago bio", "jon santiago age", "jon santiago mayor", "john barros", "jon santiago high school", "jon santiago campaign manager"], "jon santiago endorsement": ["jon santiago wife", "jon santiago campaign manager", "jon santiago for mayor", "jon santiago twitter", "jon santiago boston globe", "jon santiago wife alexandra"], "jon santiago for mayor": ["jon santiago wife", "jon santiago boston mayor", "jon santiago campaign manager", "jon santiago high school", "jon santiago endorsements", "jon santiago state representative", "john barros", "jon santiago boston globe"], "jon santiago housing": ["jon santiago wife", "is jon santiago married", "john barros", "jon santiago mayor", "jon santiago wife alexandra", "jon santiago campaign manager", "jon santiago endorsements", "jon santiago age"], "jon santiago LGBT": ["when was lgbtq created", "lgbtq day", "lgbtq sexualities", "lgbt symbols"], "jon santiago mayoral election": false, "jon santiago MBTA": ["jon santiago wife", "jon santiago boston globe", "jon santiago high school", "is jon santiago married", "jon santiago wife alexandra", "jon santiago age", "jon santiago linkedin", "jon santiago endorsements"], "jon santiago net worth": ["jon santiago wife", "jon santiago high school", "jon santiago campaign manager", "jon santiago endorsements", "jon santiago age", "is jon santiago married", "john barros", "jon santiago wife alexandra"], "jon santiago partner": ["jon santiago wife", "jon santiago wife alexandra", "jon santiago campaign manager", "jon santiago age", "jon santiago mayor", "jon santiago boston globe", "jon santiago endorsements", "jon santiago boston mayor"], "jon santiago police": ["jon santiago wife", "jon santiago wife alexandra", "jon santiago high school", "is jon santiago married", "jon santiago state representative", "jon santiago linkedin", "jon santiago endorsements", "jon santiago boston globe"], "jon santiago race": false, "jon santiago transportation": ["jon santiago campaign manager", "jon santiago wife", "jon santiago mayor", "jon santiago endorsements", "john barros", "jon santiago boston globe", "jon santiago wife alexandra", "jon santiago age"], "jon santiago": ["jon santiago wife", "jon santiago photographer", "jon santiago high school", "jon santiago boston globe", "jon santiago age", "is jon santiago married", "jon santiago campaign", "jon santiago linkedin"], "kim janey background": ["kim janey daughter", "who is kim janey husband", "kim janey for mayor", "kim janey campaign", "kim janey age", "kim janey daughter age", "kim janey campaign website", "kim janey policies"], "kim janey boston": ["kim janey for mayor", "kim janey campaign website", "kim janey age", "kim janey, boston mayor", "kim janey for mayor campaign", "kim janey daughter age", "kim janey partner", "kim janey husband"], "kim janey COVID": false, "kim janey crime": ["patrick rose boston police", "kim janey for mayor", "patrick rose wife", "patrick rose sr.", "kim janey husband", "kim janey brother"], "kim janey Education": ["kim janey smith college", "kim janey reading memorial high school", "kim janey, boston mayor", "who is kim janey husband", "kim janey political views", "kim janey for mayor", "kim janey campaign", "kim janey partner"], "kim janey endorsement": ["kim janey for mayor", "kim janey campaign website", "kim janey for mayor campaign", "kim janey twitter", "kim janey policy", "kim janey policies", "kim janey youtube", "kim janey transition team"], "kim janey for mayor": ["kim janey for mayor campaign", "kim janey campaign website", "kim janey campaign manager", "kim janey partner", "kim janey political views", "kim janey running for mayor", "kim janey daughter", "kim janey smith college"], "kim janey housing": ["kim janey for mayor", "kim janey election", "kim janey campaign manager", "kim janey family", "kim janey partner", "who is kim janey husband", "kim janey issues", "kim janey political views"], "kim janey LGBT": false, "kim janey mayoral election": ["kim janey for mayor", "kim janey for mayor campaign", "boston mayoral election", "kim janey running for mayor", "kim janey campaign website", "kim janey age", "kim janey partner", "mayor janey"], "kim janey MBTA": ["kim janey for mayor", "kim janey for mayor campaign", "kim janey husband", "kim janey daughter", "kim janey campaign website", "kim janey policy", "kim janey campaign manager", "kim janey policies"], "kim janey net worth": ["who is kim janey husband", "kim janey daughter", "kim janey age", "kim janey partner", "kim janey daughter age", "kim janey wikipedia", "kim janey for mayor", "kim janey parents nationality"], "kim janey partner": ["who is kim janey husband", "is kim janey married", "kim janey daughter", "kim janey brother", "kim janey smith college", "kim janey age", "kim janey, boston mayor", "kim janey wikipedia"], "kim janey police": ["patrick rose boston police", "kim janey for mayor", "kim janey for mayor campaign", "boston police commissioner wife", "kim janey campaign website", "dennis white, boston police wife", "kim janey campaign manager", "kim janey husband"], "kim janey race": ["kim janey for mayor", "kim janey age", "kim janey campaign", "kim janey partner", "kim janey political views", "is kim janey married?", "kim janey husband", "kim janey father"], "kim janey transportation": false, "kim janey": ["kim janey political views", "kim janey for mayor", "kim janey election", "kim janey age", "kim janey for mayor campaign", "kim janey husband", "kim janey partner", "kim janey campaign"], "michael bianchi background": ["michael bianchi boston", "michael bianchi brighton ma", "michael bianchi mayor", "michael bianchi boston mayor"], "michael bianchi boston": ["michael bianchi boston mayor", "michael bianchi brighton ma", "michael bianchi mayor"], "michael bianchi COVID": ["michael bianchi boston", "michael bianchi boston mayor", "michael bianchi brighton ma", "michael bianchi mayor"], "michael bianchi crime": ["michael bianchi boston", "kenneth bianchi 2021", "what happened to kenneth bianchi's son", "michael bianchi boston mayor", "michael bianchi mayor", "hillside strangler documentary"], "michael bianchi Education": ["michael bianchi boston", "michael bianchi brighton ma", "michael bianchi boston mayor", "michael bianchi mayor"], "michael bianchi endorsement": false, "michael bianchi for mayor": ["bianchi road bike"], "michael bianchi housing": false, "michael bianchi LGBT": ["when was lgbtq created", "lgbtq meaning of each letter", "lgbtq sexualities", "lgbtq day"], "michael bianchi mayoral election": ["michael bianchi boston", "michael bianchi brighton ma", "michael bianchi boston mayor"], "michael bianchi MBTA": ["michael bianchi brighton ma", "michael bianchi boston mayor", "michael bianchi mayor"], "michael bianchi net worth": false, "michael bianchi partner": false, "michael bianchi police": ["michael bianchi boston", "michael bianchi brighton ma", "michael bianchi boston mayor", "michael bianchi mayor"], "michael bianchi race": ["michael bianchi mayor", "bianchi road bike"], "michael bianchi transportation": false, "michael bianchi": ["michael bianchi boston", "michael bianchi boston mayor", "michael bianchi mayor", "michael bianchi brighton ma"], "michelle wu background": ["michelle wu email", "michelle wu family", "michelle wu salary", "michelle wu mother", "michelle wu siblings", "michelle wu roslindale", "michelle wu instagram", "michelle wu twitter"], "michelle wu boston": ["michelle wu instagram", "michelle wu roslindale", "michelle wu boston public schools", "michelle wu boston globe", "michelle wu boston college", "michelle wu linkedin", "michelle wu, boston mayor", "michelle wu twitter"], "michelle wu COVID": ["michelle wu chinatown"], "michelle wu crime": ["michelle wu announcement", "michelle wu housing", "michelle wu events", "michelle wu child care", "michelle wu siblings", "michelle wu election", "michelle wu campaign", "michelle wu mother"], "michelle wu Education": ["michelle wu education plan", "michelle wu roslindale", "michelle wu endorsements", "michelle wu election", "michelle wu wikipedia", "michelle wu jobs", "michelle wu mayor", "michelle wu campaign staff"], "michelle wu endorsement": ["michelle wu instagram", "michelle wu family", "michelle wu twitter", "michelle wu roslindale", "michelle wu policies", "michelle wu mayor", "michelle wu linkedin", "michelle wu husband"], "michelle wu for mayor": ["michelle wu roslindale", "michelle wu campaign staff", "michelle wu twitter", "michelle wu boston husband", "michelle wu linkedin", "michelle wu campaign manager", "michelle wu family", "michelle wu mother"], "michelle wu housing": ["michelle wu child care", "michelle wu announcement", "michelle wu transportation", "michelle wu endorsements", "michelle wu mbta", "michelle wu election", "michelle wu small business", "michelle wu chinatown"], "michelle wu LGBT": ["when was lgbtq created", "lgbtq meaning of each letter", "lgbtq sexualities", "lgbtq day"], "michelle wu mayoral election": ["michelle wu husband", "michelle wu twitter", "michelle wu instagram", "michelle wu family", "michelle wu campaign staff", "michelle wu roslindale", "michelle wu endorsements", "michelle wu wikipedia"], "michelle wu MBTA": ["michelle wu free transit", "michelle wu transportation", "michelle wu consulting", "michelle wu election", "michelle wu housing", "michelle wu announcement", "michelle wu child care", "michelle wu endorsements"], "michelle wu net worth": ["michelle wu boston husband", "michelle wu salary", "michelle wu family", "michelle wu age", "where does michelle wu live", "michelle wu roslindale", "michelle wu mother", "michelle wu jobs"], "michelle wu partner": ["michelle wu instagram", "michelle wu family", "michelle wu roslindale", "michelle wu mayor", "michelle wu wikipedia", "michelle wu twitter", "michelle wu salary", "michelle wu age"], "michelle wu police": ["michelle wu election", "michelle wu announcement", "michelle wu child care", "michelle wu east boston", "michelle wu endorsements", "michelle wu dsa", "michelle wu policies", "michelle wu accomplishments"], "michelle wu race": ["michelle wu boston husband", "michelle wu mother", "michelle wu instagram", "michelle wu family", "michelle wu jobs", "michelle wu roslindale", "michelle wu mayor", "michelle wu twitter"], "michelle wu transportation": ["michelle wu housing", "michelle wu free transit", "michelle wu free the t", "michelle wu election", "michelle wu accomplishments", "michelle wu announcement", "michelle wu dsa", "michelle wu instagram"], "michelle wu": ["michelle wu linkedin", "michelle wu roslindale", "michelle wu twitter", "michelle wu instagram", "michelle wu wikipedia", "michelle wu mayor", "michelle wu email", "michelle wu polls"]}