{"andrea campbell background": ["andrea campbell father", "andrea campbell age", "andrea campbell brother", "andrea campbell family", "who is andrea campbell husband", "andrea campbell parents", "andrea campbell wikipedia", "andrea campbell husband matthew"], "andrea campbell boston": ["andrea campbell boston husband", "andrea campbell boston brother", "andrea campbell boston twin brother", "andrea campbell boston father", "andrea campbell husband matthew", "andrea campbell boston mayor", "andrea campbell family", "andrea campbell father"], "andrea campbell COVID": false, "andrea campbell crime": ["who is andrea campbell husband", "andrea campbell bio", "andrea campbell family", "andrea campbell twin brother", "andrea campbell brother andre", "andrea campbell obituary", "andrea campbell age", "andrea campbell husband matthew"], "andrea campbell Education": ["andrea campbell bio", "who is andrea campbell husband", "andrea campbell family", "andrea campbell education plan", "andrea campbell father", "andrea campbell brother andre", "andrea campbell husband matthew", "andrea campbell obituary"], "andrea campbell endorsement": ["who is andrea campbell husband", "andrea campbell fellowship", "andrea campbell father", "andrea campbell campaign manager", "andrea campbell housing", "andrea campbell obituary", "andrea campbell campaign jobs", "andrea campbell events"], "andrea campbell for mayor": ["andrea campbell father", "andrea campbell bio", "andrea campbell campaign manager", "andrea campbell husband matthew", "andrea campbell family", "andrea campbell brother", "andrea campbell grandfather", "andrea campbell wiki"], "andrea campbell housing": ["who is andrea campbell husband", "andrea campbell endorsements", "andrea campbell obituary", "andrea campbell fellowship", "andrea campbell boston public schools", "andrea campbell events", "andrea campbell progressive", "andrea campbell campaign manager"], "andrea campbell LGBT": ["who is andrea campbell husband", "andrea campbell endorsement", "andrea campbell obituary", "andrea campbell housing", "andrea campbell ma", "andrea campbell events", "andrea campbell fellowship", "andrea campbell boston"], "andrea campbell mayoral election": ["andrea campbell brother andre", "andrea campbell family", "andrea campbell obituary", "andrea campbell campaign manager", "andrea campbell bio", "andrea campbell husband matthew", "andrea campbell grandfather", "andrea campbell father"], "andrea campbell MBTA": ["andrea campbell bio", "andrea campbell brother andre", "andrea campbell obituary", "andrea campbell family", "andre campbell", "andrea campbell age", "andrea campbell boston globe", "andrea campbell father"], "andrea campbell net worth": ["andrea campbell campaign jobs"], "andrea campbell partner": ["what does andrea campbell's husband do", "andrea campbell wikipedia", "andrea campbell obituary", "andrea campbell age", "andrea campbell grandfather", "matthew scheier andrea campbell", "andre campbell", "andre campbell obituary"], "andrea campbell police": ["who is andrea campbell husband", "andrea campbell father", "andrea campbell endorsements", "andrea campbell fellowship", "andrea campbell brother", "andrea campbell housing", "andrea campbell campaign manager", "andrea campbell ma"], "andrea campbell race": ["andrea campbell father", "andrea campbell family", "andrea campbell bio", "andrea campbell brother", "andrea campbell husband matthew", "andrea campbell grandfather", "andrea campbell campaign manager", "andrea campbell obituary"], "andrea campbell transportation": ["who is andrea campbell husband", "andrea campbell campaign manager", "andrea campbell campaign jobs", "andrea campbell obituary", "andrea campbell father", "andrea campbell events", "andrea campbell housing", "andrea campbell endorsements"], "andrea campbell": ["andrea campbell brother", "andrea campbell age", "matthew scheier andrea campbell", "andrea campbell father", "andrea campbell wikipedia", "andrea campbell mit", "andrea campbell parents", "andrea campbell family"], "annissa essaibi george background": ["annissa essaibi george net worth", "annissa essaibi george parents", "annissa essaibi george political party", "annissa essaibi george religion", "is annissa essaibi george black", "annissa essaibi george campaign website", "annissa essaibi george father", "annissa essaibi george sons"], "annissa essaibi george boston": ["annissa essaibi george net worth", "annissa essaibi george ethnicity", "annissa essaibi george political party", "annissa essaibi george religion", "annissa essaibi george bio", "annissa essaibi george website", "annissa essaibi george boston globe", "annissa essaibi george family"], "annissa essaibi george COVID": false, "annissa essaibi george crime": ["annissa essaibi george ethnicity", "annissa essaibi george father", "annissa essaibi george net worth", "annissa essaibi george parents", "annissa essaibi george staff", "annissa essaibi george bio", "annissa essaibi george religion", "annissa essaibi george siblings"], "annissa essaibi george Education": ["annissa essaibi george net worth", "annissa essaibi george parents", "annissa essaibi george education plan", "annissa essaibi george religion", "annissa essaibi george bio", "annissa essaibi george staff", "annissa essaibi george website", "annissa essaibi george nationality"], "annissa essaibi george endorsement": ["annissa essaibi george net worth", "annissa essaibi george commercial", "annissa essaibi george facebook", "annissa essaibi george house", "annissa essaibi george education plan", "annissa essaibi george sons", "annissa essaibi george mass and cass", "annissa essaibi george tiktok"], "annissa essaibi george for mayor": ["annissa essaibi george campaign website", "annissa essaibi george political party", "annissa essaibi george family", "annissa essaibi george ethnicity", "annissa essaibi george father", "annissa essaibi george mother", "annissa essaibi george religion", "annissa essaibi george bio"], "annissa essaibi george housing": ["annissa essaibi george net worth", "annissa essaibi george bio", "annissa essaibi george ethnicity", "annissa essaibi george staff", "annissa essaibi george campaign website", "where does annissa essaibi george live", "annissa essaibi george parents", "annissa essaibi george age"], "annissa essaibi george LGBT": ["when was lgbtq created", "lgbtq day"], "annissa essaibi george mayoral election": ["boston mayoral election", "annissa essaibi george staff", "annissa essaibi george campaign website", "annissa essaibi george political party", "annissa essaibi george net worth", "annissa essaibi george endorsements", "boston mayoral election results 2021", "annissa essaibi george ethnicity"], "annissa essaibi george MBTA": ["annissa essaibi george twitter", "annissa essaibi george father", "annissa essaibi george commercial", "annissa essaibi george net worth", "annissa essaibi george boston globe", "annissa essaibi george bio", "annissa essaibi george campaign website", "annissa essaibi george ethnicity"], "annissa essaibi george net worth": ["michelle wu net worth", "annissa essaibi george nationality", "doug george developer", "doug george boston", "annissa essaibi george family"], "annissa essaibi george partner": ["annissa essaibi george net worth", "annissa essaibi george father", "annissa essaibi george ethnicity", "annissa essaibi george parents", "annissa essaibi george mother", "annissa essaibi george family", "annissa essaibi george age", "annissa essaibi george bio"], "annissa essaibi george police": false, "annissa essaibi george race": ["annissa essaibi george parents", "annissa essaibi george father", "annissa essaibi george religion", "annissa essaibi george political party", "annissa essaibi george net worth", "annissa essaibi george staff", "annissa essaibi george bio", "annissa essaibi george boston globe"], "annissa essaibi george transportation": ["annissa essaibi george staff", "annissa essaibi george bio", "annissa essaibi george father", "annissa essaibi george mayor", "annissa essaibi george ethnicity", "annissa essaibi george website", "annissa essaibi george parents", "annissa essaibi george endorsements"], "annissa essaibi george": ["annissa essaibi george net worth", "annissa essaibi george ethnicity", "annissa essaibi george bio", "annissa essaibi george parents", "annissa essaibi george father", "annissa essaibi george family", "annissa essaibi george religion", "annissa essaibi george siblings"], "boston mayor candidates": ["boston mayoral election results 2021", "boston mayoral candidates platforms", "boston mayoral candidates party affiliation", "boston mayoral candidates policies", "boston mayoral candidates quiz", "boston mayoral polls 2021", "most progressive boston mayoral candidates", "boston mayoral candidate george"], "boston mayoral election": ["boston mayoral election results 2021", "boston mayoral election polls", "boston mayoral election results by precinct", "boston mayoral candidates platforms", "boston mayoral election 2021 polls", "boston mayoral candidates party affiliation", "boston mayoral candidates on the issues", "boston mayoral candidates comparison"], "dana depelteau background": ["dana depelteau black lives matter", "dana depelteau twitter", "dana depelteau tweets", "michelle wu", "calla walsh parents", "markeyverse", "calla walsh high school", "boston mayor"], "dana depelteau boston": ["dana depelteau black lives matter", "dana depelteau for mayor", "dana depelteau twitter", "dana depelteau tweets", "markeyverse", "michelle wu", "dana depelteau linkedin"], "dana depelteau COVID": ["dana depelteau black lives matter", "dana depelteau twitter", "dana depelteau tweets", "dana depelteau for mayor", "calla walsh parents", "michelle wu", "calla walsh winsor school", "calla walsh high school"], "dana depelteau crime": ["dana depelteau black lives matter", "dana depelteau boston", "dana depelteau twitter", "dana depelteau tweets", "dana depelteau for mayor", "calla walsh"], "dana depelteau Education": ["dana depelteau black lives matter", "dana depelteau boston", "dana depelteau twitter", "calla walsh winsor school", "dana depelteau tweets", "dana depelteau for mayor", "michelle wu", "calla walsh parents"], "dana depelteau endorsement": ["dana depelteau black lives matter", "boston mayoral candidates 2021", "dana depelteau twitter", "dana depelteau boston", "dana depelteau tweets", "boston mayoral election 2020", "dana depelteau for mayor", "boston mayoral candidates on the issues"], "dana depelteau for mayor": ["dana depelteau black lives matter", "dana depelteau twitter", "dana depelteau tweets", "markeyverse", "michelle wu", "calla walsh", "dana depelteau linkedin"], "dana depelteau housing": ["dana depelteau twitter", "dana depelteau tweets", "calla walsh", "michelle wu", "dana depelteau linkedin"], "dana depelteau LGBT": ["when was lgbtq created", "lgbtq day", "lgbtq sexualities", "lgbt symbols"], "dana depelteau mayoral election": ["boston mayoral candidates 2021", "boston mayoral election 2020", "boston mayoral election results", "dana depelteau black lives matter", "dana depelteau twitter", "boston mayoral candidates party affiliation", "dana depelteau boston", "boston mayoral election results 2021"], "dana depelteau MBTA": ["dana depelteau black lives matter", "dana depelteau twitter", "dana depelteau tweets", "calla walsh", "dana depelteau linkedin"], "dana depelteau net worth": ["dana depelteau black lives matter", "dana depelteau twitter", "dana depelteau tweets", "boston mayoral primary 2021 date", "boston mayoral poll 2021", "boston mayoral election 2020", "dana depelteau for mayor", "boston mayoral candidates party affiliation"], "dana depelteau partner": ["dana depelteau twitter", "dana depelteau tweets", "calla walsh", "dana depelteau linkedin"], "dana depelteau police": ["dana depelteau black lives matter", "dana depelteau boston", "dana depelteau twitter", "dana depelteau tweets", "calla walsh parents", "calla walsh high school", "calla walsh winsor school", "dana depelteau for mayor"], "dana depelteau race": ["dana depelteau black lives matter", "dana depelteau boston", "boston mayoral candidates party affiliation", "dana depelteau twitter", "boston mayoral race candidates 2021", "calla walsh parents", "boston mayoral primary", "calla walsh winsor school"], "dana depelteau transportation": ["dana depelteau boston", "dana depelteau twitter", "calla walsh parents", "calla walsh winsor school", "calla walsh high school", "calla walsh twitter", "michelle wu", "markeyverse"], "dana depelteau": ["dana depelteau black lives matter", "dana depelteau twitter", "dana depelteau tweets", "dana depelteau linkedin", "michelle wu", "markeyverse", "calla walsh"], "john barros background": ["john barros political party", "john barros wikipedia", "john barros for mayor website", "john barros email", "john barros age", "john barros campaign manager", "andrea campbell", "john barros twitter"], "john barros boston": ["john barros boston wikipedia", "john barros boston wife", "john barros wife", "john barros boston restaurant", "john barros boston mayor", "john barros boston political party", "john barros wiki", "andrea campbell boston"], "john barros COVID": false, "john barros crime": false, "john barros Education": ["john barros for mayor website", "john barros political party", "john barros wikipedia", "john barros age", "john barros boston wikipedia", "john barros wife", "john barros boston wife", "john barros high school"], "john barros endorsement": ["john barros political party", "john barros boston wife", "john barros wiki", "john barros twitter", "john barros mayor", "andrea campbell boston", "annissa essaibi george", "tchintcia barros"], "john barros for mayor": ["john barros for mayor website", "john barros political party", "john barros wife", "john barros wikipedia", "john barros campaign manager", "john barros boston wife", "john barros boston wikipedia", "john barros email"], "john barros housing": ["john barros wife", "john barros for mayor", "john barros boston wife", "john barros political party", "john barros boston wikipedia"], "john barros LGBT": false, "john barros mayoral election": ["john barros political party", "john barros for mayor", "john barros wife", "john barros boston wikipedia", "john barros boston wife", "john barros twitter", "john barros wiki", "annissa essaibi george"], "john barros MBTA": ["john barros for mayor website", "john barros wife", "john barros boston wife", "john barros boston wikipedia", "john barros political party", "john barros wiki", "john barros age", "john barros bio"], "john barros net worth": ["john barros wikipedia"], "john barros partner": ["john barros political party", "john barros wikipedia", "john barros boston wikipedia", "john barros for mayor website", "john barros boston wife", "john barros email", "john barros twitter", "andrea campbell"], "john barros police": false, "john barros race": ["john barros political party", "john barros for mayor", "john barros boston wikipedia", "john barros boston wife", "john barros wiki", "john barros twitter", "andrea campbell", "michelle wu"], "john barros transportation": false, "john barros": ["john barros wikipedia", "john barros political party", "john barros wife", "john barros mayor", "john barros restaurant", "john barros age", "john barros dsni", "john barros for mayor website"], "jon santiago background": ["john barros", "jon santiago wife", "jon santiago endorsements", "jon santiago mayor", "jon santiago photographer", "jon santiago age", "jon santiago campaign manager", "jon santiago wife alexandra"], "jon santiago boston": ["jon santiago wife", "jon santiago boston globe", "jon santiago age", "jon santiago endorsements", "jon santiago facebook", "jon santiago wife alexandra", "jon santiago twitter", "jon santiago, md"], "jon santiago COVID": false, "jon santiago crime": false, "jon santiago Education": ["jon santiago photographer", "jon santiago wife", "jon santiago mayor", "jon santiago wife alexandra", "jon santiago age", "jon santiago campaign manager", "jon santiago endorsements", "jon santiago, md"], "jon santiago endorsement": false, "jon santiago for mayor": ["jon santiago wife", "jon santiago campaign manager", "jon santiago photographer", "jon santiago twitter", "jon santiago endorsements", "jon santiago age", "jon santiago wife alexandra", "jon santiago state representative"], "jon santiago housing": ["jon santiago wife", "jon santiago wife alexandra", "jon santiago endorsements", "jon santiago mayor", "john barros", "jon santiago photographer", "jon santiago, md", "jon santiago campaign manager"], "jon santiago LGBT": false, "jon santiago mayoral election": ["jon santiago campaign manager", "jon santiago wife", "jon santiago endorsements", "rep jon santiago", "jon santiago age"], "jon santiago MBTA": ["jon santiago wife", "jon santiago age", "jon santiago wife alexandra", "jon santiago photographer", "jon santiago endorsements", "jon santiago mayor", "jon santiago twitter", "jon santiago boston globe"], "jon santiago net worth": ["jon santiago wife", "jon santiago endorsements", "jon santiago wife alexandra", "john barros", "jon santiago photographer", "jon santiago boston", "jon santiago campaign manager", "jon santiago, md"], "jon santiago partner": ["jon santiago wife", "jon santiago wife alexandra", "jon santiago boston"], "jon santiago police": ["jon santiago wife", "jon santiago wife alexandra", "jon santiago endorsements", "jon santiago age", "jon santiago mayor", "jon santiago photographer", "jon santiago campaign manager", "jon santiago, md"], "jon santiago race": ["jon santiago photographer", "jon santiago wife", "jon santiago endorsements", "jon santiago age", "jon santiago mayor", "jon santiago campaign", "jon santiago campaign manager", "santiago mayer"], "jon santiago transportation": ["jon santiago, md", "jon santiago twitter"], "jon santiago": ["jon santiago wife", "jon santiago photographer", "jon santiago, md", "jon santiago instagram", "jon santiago facebook", "rep jon santiago", "jon santiago age", "jon santiago mayor"], "kim janey background": ["who is kim janey husband", "kim janey partner", "kim janey wikipedia", "kim janey campaign manager", "kim janey parents nationality", "kim janey policies", "kim janey family", "kim janey staff"], "kim janey boston": ["kim janey partner", "is kim janey married", "kim janey twitter", "kim janey wikipedia", "kim janey age", "boston mayor", "kim janey campaign website", "kim janey campaign manager"], "kim janey COVID": ["boston mask mandate"], "kim janey crime": ["kim janey for mayor"], "kim janey Education": ["who is kim janey husband", "mayor janey", "kim janey net worth", "kim janey political views", "kim janey age", "kim janey parents nationality", "kim janey partner", "kim janey campaign manager"], "kim janey endorsement": ["kim janey election", "kim janey staff", "kim janey views", "kim janey heart agenda", "kim janey campaign manager", "kim janey campaign headquarters", "kim janey transition website", "kim janey metco"], "kim janey for mayor": ["kim janey campaign website", "kim janey partner", "is mayor kim janey married", "mayor kim janey twitter", "kim janey political views", "mayor kim janey husband", "kim janey campaign manager", "kim janey net worth"], "kim janey housing": ["kim janey campaign website", "kim janey campaign manager", "kim janey partner", "kim janey parents nationality", "kim janey for mayor", "kim janey family", "kim janey transition website", "kim janey political views"], "kim janey LGBT": ["when was lgbtq created", "lgbtq day", "what does q mean in lgbtq"], "kim janey mayoral election": ["kim janey net worth", "kim janey political views", "boston mayoral election results", "mayor of boston 2020", "mayor kim janey husband", "kim janey partner", "mayor of boston polls", "is mayor kim janey married"], "kim janey MBTA": ["why did kim janey lose", "who is running for mayor of boston"], "kim janey net worth": ["who is kim janey husband", "kim janey partner", "how old is kim janey daughter", "kim janey parents nationality", "kim janey wikipedia", "kim janey salary", "kim janey age", "is kim janey married"], "kim janey partner": ["who is kim janey husband", "kim janey net worth", "how old is kim janey daughter", "kim janey parents nationality", "is mayor kim janey married", "kim janey family", "is kim janey an aka", "kim janey campaign manager"], "kim janey police": false, "kim janey race": ["kim janey for mayor", "kim janey age", "who is kim janey husband", "kim janey partner", "kim janey campaign", "kim janey political views", "kim janey family", "is kim janey married"], "kim janey transportation": false, "kim janey": ["is kim janey married", "who is kim janey husband", "kim janey political views", "kim janey partner", "kim janey parents nationality", "kim janey wikipedia", "kim janey campaign", "kim janey net worth"], "michael bianchi background": ["michael bianchi boston", "michael bianchi obituary", "michael bianchi actor"], "michael bianchi boston": ["michael bianchi boston city council", "michael bianchi boston mayor", "david halbert", "boston city councillor at-large", "liz breadon boston", "michael bianchi vs liz breadon", "liz breadon election", "michael bianchi district 9"], "michael bianchi COVID": false, "michael bianchi crime": false, "michael bianchi Education": ["michael bianchi boston", "michael bianchi boston city council", "david halbert", "michael bianchi for city council", "michael bianchi boston mayor", "liz breadon boston city council", "david halbert boston"], "michael bianchi endorsement": ["michael bianchi boston city council", "david halbert", "liz breadon", "michael bianchi district 9", "michael bianchi vs liz breadon", "eric porter boston city council", "boston city councillor at-large", "liz breadon election"], "michael bianchi for mayor": ["michael bianchi for city council", "david halbert", "michael j bianchi ii", "liz breadon", "boston city council at-large candidates", "eric porter boston city council", "liz breadon election", "liz breadon boston city council"], "michael bianchi housing": ["michael bianchi boston", "michael bianchi boston city council", "david halbert", "michael bianchi for city council", "liz breadon", "michael bianchi boston mayor", "liz breadon boston city council", "david halbert boston"], "michael bianchi LGBT": false, "michael bianchi mayoral election": ["liz breadon", "michael bianchi city council", "eric porter boston city council", "michael bianchi vs liz breadon", "boston city council at-large candidates", "liz breadon election", "liz breadon boston", "david halbert"], "michael bianchi MBTA": ["michael bianchi boston", "michael bianchi boston city council", "michael bianchi district 9", "david halbert", "eric porter boston city council", "michael bianchi brighton ma", "michael bianchi vs liz breadon"], "michael bianchi net worth": false, "michael bianchi partner": false, "michael bianchi police": ["michael bianchi boston", "michael bianchi boston city council", "michael bianchi district 9", "david halbert", "michael bianchi brighton ma", "michael bianchi mayor", "michael bianchi vs liz breadon"], "michael bianchi race": ["michael bianchi boston", "michael bianchi boston city council", "david halbert", "michael j bianchi ii", "michael bianchi district 9", "michael bianchi brighton ma", "liz breadon", "michael bianchi mayor"], "michael bianchi transportation": false, "michael bianchi": ["michael bianchi boston", "michael bianchi actor", "michael bianchi obituary", "michael bianchi boston city council", "michael bianchi district 9", "michael bianchi boston mayor", "michael bianchi vs liz breadon", "michael bianchi brighton ma"], "michelle wu background": ["michelle wu family", "is michelle wu related to janet wu", "michelle wu salary", "where is michelle wu from", "michelle wu sisters", "where was michelle wu (born)", "michelle wu boston mayor party", "michelle wu father"], "michelle wu boston": ["michelle wu boston globe", "michelle wu boston mayor age", "michelle wu family", "where does michelle wu live", "michelle wu boston mayor party", "michelle wu father", "michelle wu wikipedia", "michelle wu siblings"], "michelle wu COVID": false, "michelle wu crime": ["michelle wu husband", "michelle wu mayor husband", "michelle wu endorsement", "michelle wu accomplishments", "michelle wu opioid", "michelle wu transportation", "michelle wu events", "michelle wu child care"], "michelle wu Education": ["michelle wu education plan", "michelle wu family", "michelle wu sisters", "michelle wu siblings", "michelle wu endorsements", "michelle wu father", "michelle wu mother", "michelle wu polls"], "michelle wu endorsement": ["andrea campbell endorsements", "michelle wu husband", "michelle wu policies", "michelle wu boston husband", "michelle wu political party", "michelle wu mayor husband", "michelle wu speech", "michelle wu parents"], "michelle wu for mayor": ["michelle wu for mayor jobs", "michelle wu family", "michelle wu boston husband", "michelle wu political party", "michelle wu boston mayor political party", "michelle wu boston mayor party", "is michelle wu married", "michelle wu boston mayor age"], "michelle wu housing": ["michelle wu house", "where does michelle wu live", "michelle wu house purchase", "michelle wu mother", "michelle wu events", "michelle wu education plan", "michelle wu rent control plan", "michelle wu accomplishments"], "michelle wu LGBT": ["michelle wu endorsements", "michelle wu, boston mayor", "when was lgbtq created"], "michelle wu mayoral election": ["who is michelle wu husband", "michelle wu family", "what political party is michelle wu", "is michelle wu married", "where does michelle wu live", "michelle wu boston mayor political party", "michelle wu boston mayor age", "michelle wu wikipedia"], "michelle wu MBTA": ["michelle wu free mbta", "michelle wu endorsement", "michelle wu plans", "michelle wu opioid", "michelle wu mother", "michelle wu campaign ad", "michelle wu spanish", "michelle wu, boston mayor"], "michelle wu net worth": ["conor pewarski net worth", "annissa essaibi george net worth", "michelle wu father", "michelle wu boston husband", "michelle wu husband", "michelle wu age", "michelle wu parents", "michelle wu house"], "michelle wu partner": ["michelle wu instagram", "conor pewarski", "conor pewarski net worth", "michelle wu boston mayor husband", "michelle wu sisters", "michelle wu children", "michelle wu conor pewarski", "michelle wu mother"], "michelle wu police": ["michelle wu spanish", "michelle wu plans", "michelle wu events", "michelle wu mother", "michelle wu speech", "michelle wu campaign", "michelle wu exam schools", "michelle wu campaign ad"], "michelle wu race": ["michelle wu boston husband", "michelle wu family", "michelle wu father", "michelle wu mother", "michelle wu siblings", "michelle wu age", "where does michelle wu live", "is michelle wu married"], "michelle wu transportation": ["michelle wu husband", "michelle wu free the t", "michelle wu accomplishments", "michelle wu mbta", "michelle wu plans", "michelle wu opioid", "michelle wu mayor husband", "michelle wu child care"], "michelle wu": ["michelle wu sisters", "michelle wu family", "michelle wu boston mayor party", "michelle wu boston mayor political party", "michelle wu mother", "where does michelle wu live", "michelle wu wikipedia", "michelle wu siblings"]}