{"andrea campbell background": ["andrea campbell father", "andrea campbell family", "andrea campbell brother", "andrea campbell wikipedia", "andrea campbell parents", "who is andrea campbell husband", "andrea campbell twin brother", "andrea campbell age"], "andrea campbell boston": ["andrea campbell boston husband", "andrea campbell boston brother", "andrea campbell boston father", "andrea campbell obituary", "andrea campbell father", "andrea campbell husband matthew", "andrea campbell twin brother", "andrea campbell polls"], "andrea campbell COVID": false, "andrea campbell crime": ["who is andrea campbell husband", "andrea campbell bio", "andrea campbell twin brother", "andrea campbell family", "andrea campbell boston husband", "andrea campbell father", "andrea campbell wikipedia", "andrea campbell obituary"], "andrea campbell Education": ["who is andrea campbell husband", "andrea campbell bio", "andrea campbell father", "andrea campbell family", "andrea campbell wikipedia", "andrea campbell parents", "andrea campbell education plan", "andrea campbell brother andre"], "andrea campbell endorsement": ["andrea campbell, husband", "andrea campbell campaign jobs", "andrea campbell events", "andrea campbell housing", "andrea campbell lawn sign", "andrea campbell education plan", "andrea campbell obituary", "andrea campbell campaign manager"], "andrea campbell for mayor": ["andrea campbell bio", "andrea campbell family", "andrea campbell father", "andrea campbell brother", "andrea campbell parents", "andrea campbell grandfather", "andrea campbell boston father", "andrea campbell husband matthew"], "andrea campbell housing": ["andrea campbell husband matthew", "who is andrea campbell husband", "andrea campbell father", "andrea campbell family", "andrea campbell brother andre", "andrea campbell twin brother", "andrea campbell polls", "andrea campbell obituary"], "andrea campbell LGBT": ["when was lgbtq created", "lgbtq day", "lgbtq sexualities", "lgbt symbols"], "andrea campbell mayoral election": ["andrea campbell bio", "andrea campbell husband", "andrea campbell family", "andrea campbell husband matthew", "andrea campbell brother", "andrea campbell twin brother", "andrea campbell wikipedia", "andrea campbell polls"], "andrea campbell MBTA": ["andrea campbell bio", "andrea campbell husband", "andrea campbell brother andre", "andrea campbell boston husband", "andrea campbell polls", "andrea campbell obituary", "andrea campbell family", "andrea campbell twin brother"], "andrea campbell net worth": ["andrea campbell husband", "andrea campbell family", "andrea campbell twin brother", "andrea campbell husband matthew", "andrea campbell brother", "andrea campbell wikipedia", "andrea campbell father", "andrea campbell bio"], "andrea campbell partner": ["andrea campbell family", "andrea campbell father", "andrea campbell brother", "andrea campbell bio", "andrea campbell twin brother", "andrea campbell boston husband", "andrea campbell husband matthew", "andrea campbell parents"], "andrea campbell police": ["andrea campbell husband", "andrea campbell brother", "andrea campbell sorority", "andrea campbell obituary", "andrea campbell events", "andrea campbell housing", "andrea campbell covid", "andrea campbell endorsements"], "andrea campbell race": ["andrea campbell parents", "andrea campbell father", "andrea campbell husband", "andrea campbell family", "andrea campbell bio", "andrea campbell twin brother", "andrea campbell brother", "andrea campbell husband matthew"], "andrea campbell transportation": ["andrea campbell campaign manager", "andrea campbell campaign jobs", "andrea campbell husband", "andrea campbell obituary", "andrea campbell events", "andrea campbell endorsements", "andrea campbell housing", "andrea campbell fundraising"], "andrea campbell": ["andrea campbell husband", "andrea campbell family", "andrea campbell father", "andrea campbell wikipedia", "andrea campbell bio", "andrea campbell brother", "andrea campbell twin brother", "andrea campbell polls"], "annissa essaibi george background": ["annissa essaibi george father", "annissa essaibi george staff", "annissa essaibi george parents", "annissa essaibi george campaign", "annissa essaibi george mayor", "annissa essaibi george campaign manager", "annissa essaibi george mother", "annissa essaibi george wiki"], "annissa essaibi george boston": ["annissa essaibi george boston globe", "annissa essaibi george parents", "where does annissa essaibi george live", "annissa essaibi george website", "annissa essaibi george family", "annissa essaibi george twitter", "annissa essaibi george father", "annissa essaibi george campaign manager"], "annissa essaibi george COVID": false, "annissa essaibi george crime": ["annissa essaibi george family", "annissa essaibi george campaign manager", "annissa essaibi george endorsements", "annissa essaibi george commercial", "annissa essaibi george pronunciation"], "annissa essaibi george Education": ["annissa essaibi george parents", "annissa essaibi george nationality", "annissa essaibi george staff", "annissa essaibi george father", "annissa essaibi george family", "annissa essaibi george website", "annissa essaibi george commercial", "annissa essaibi george wiki"], "annissa essaibi george endorsement": ["annissa essaibi george commercial", "annissa essaibi george campaign manager", "annissa essaibi george political views", "annissa essaibi george wiki", "annissa essaibi george pronunciation", "annissa essaibi george boston globe"], "annissa essaibi george for mayor": ["annissa essaibi george campaign website", "annissa essaibi george family", "annissa essaibi george campaign manager", "annissa essaibi george parents", "annissa essaibi george wiki", "annissa essaibi george father", "where does annissa essaibi george live", "annissa essaibi george staff"], "annissa essaibi george housing": ["annissa essaibi george commercial", "annissa essaibi george staff", "annissa essaibi george campaign website", "annissa essaibi george father", "annissa essaibi george endorsements", "where does annissa essaibi george live", "annissa essaibi george parents", "annissa essaibi george twitter"], "annissa essaibi george LGBT": ["when was lgbtq created"], "annissa essaibi george mayoral election": ["annissa essaibi george endorsements", "annissa essaibi george father", "annissa essaibi george campaign manager", "annissa essaibi george twitter", "annissa essaibi george family", "annissa essaibi george wiki", "who is running for boston city council 2021", "annissa essaibi george boston globe"], "annissa essaibi george MBTA": ["annissa essaibi george boston", "annissa essaibi george father", "annissa essaibi george twitter", "annissa essaibi george boston globe", "annissa essaibi george commercial", "annissa essaibi george website", "annissa essaibi george staff", "annissa essaibi george endorsements"], "annissa essaibi george net worth": ["annissa essaibi george endorsements", "annissa essaibi george parents", "annissa essaibi george father", "annissa essaibi george staff", "annissa essaibi george mother", "annissa essaibi george age", "where does annissa essaibi george live", "annissa essaibi george website"], "annissa essaibi george partner": ["annissa essaibi george father", "annissa essaibi george parents", "annissa essaibi george family", "annissa essaibi george mother", "annissa essaibi george staff", "annissa essaibi george age", "annissa essaibi george twitter", "where does annissa essaibi george live"], "annissa essaibi george police": ["annissa essaibi george commercial", "annissa essaibi george endorsements", "annissa essaibi george campaign manager", "annissa essaibi george pronunciation", "annissa essaibi george family"], "annissa essaibi george race": ["annissa essaibi george parents", "annissa essaibi george staff", "annissa essaibi george father", "annissa essaibi george endorsements", "annissa essaibi george boston globe", "annissa essaibi george twitter", "annissa essaibi george wiki", "annissa essaibi george campaign website"], "annissa essaibi george transportation": ["annissa essaibi george staff", "annissa essaibi george father", "annissa essaibi george commercial", "annissa essaibi george endorsements", "annissa essaibi george campaign manager", "annissa essaibi george parents", "annissa essaibi george website", "annissa essaibi george twitter"], "annissa essaibi george": ["annissa essaibi george father", "annissa essaibi george family", "annissa essaibi george parents", "annissa essaibi george wiki", "annissa essaibi george twitter", "annissa essaibi george weight loss", "annissa essaibi george facebook", "annissa essaibi george endorsements"], "boston mayor candidates": ["boston mayoral candidates quiz", "boston mayoral candidates party affiliation", "boston mayoral candidates on the issues", "boston mayoral candidates comparison", "boston mayoral candidates debate", "boston mayoral debate schedule", "boston globe mayor quiz", "boston globe mayoral race"], "boston mayoral election": ["michelle wu", "boston mayoral election results live", "annissa essaibi george", "michelle wu boston mayor", "andrea campbell boston", "somerville mayor election", "newton mayor election", "what happened to the mayor of boston"], "dana depelteau background": ["dana depelteau black lives matter", "john barros", "dana depelteau twitter", "dana depelteau tweets", "kim janey", "michelle wu", "calla walsh", "jon santiago"], "dana depelteau boston": ["dana depelteau black lives matter", "dana depelteau twitter", "dana depelteau tweets", "dana depelteau for mayor", "calla walsh"], "dana depelteau COVID": ["dana depelteau black lives matter", "dana depelteau twitter", "dana depelteau boston", "dana depelteau tweets", "dana depelteau mayor", "calla walsh"], "dana depelteau crime": ["dana depelteau black lives matter", "dana depelteau twitter", "dana depelteau tweets", "dana depelteau for mayor", "calla walsh"], "dana depelteau Education": ["dana depelteau black lives matter", "dana depelteau twitter", "dana depelteau tweets", "john barros", "michelle wu", "calla walsh", "annissa essaibi george", "kim janey"], "dana depelteau endorsement": ["when is boston mayoral election 2021", "boston city council candidates 2021", "boston elections, 2021", "boston mayoral debate 2021", "boston mayoral election candidates", "boston mayoral poll 2021", "boston mayoral candidates on the issues", "when is the boston mayoral primary"], "dana depelteau for mayor": ["dana depelteau black lives matter", "dana depelteau twitter", "dana depelteau tweets", "john barros", "boston mayoral debate", "michelle wu", "boston mayoral polls", "annissa essaibi george"], "dana depelteau housing": ["dana depelteau twitter", "dana depelteau tweets", "john barros", "boston mayoral polls", "calla walsh", "kim janey", "michelle wu", "annissa essaibi george"], "dana depelteau LGBT": ["when was lgbtq created", "lgbtq day", "lgbtq sexualities", "lgbtq meaning of each letter"], "dana depelteau mayoral election": ["boston mayoral candidates 2021", "boston mayoral election 2020", "dana depelteau twitter", "boston mayoral election results", "dana depelteau black lives matter", "dana depelteau tweets", "boston mayoral polls", "boston mayoral race primary"], "dana depelteau MBTA": ["dana depelteau twitter", "dana depelteau tweets", "calla walsh"], "dana depelteau net worth": ["dana depelteau black lives matter", "dana depelteau tweets", "dana depelteau twitter", "boston mayoral primary 2021 date", "boston mayoral polls", "boston mayoral election 2020", "annissa essaibi george", "boston mayoral primary date"], "dana depelteau partner": ["dana depelteau twitter", "dana depelteau tweets", "calla walsh"], "dana depelteau police": false, "dana depelteau race": ["dana depelteau black lives matter", "dana depelteau twitter", "who is running for boston mayor", "dana depelteau tweets", "boston mayoral race candidates 2021", "annissa essaibi george", "boston mayoral election 2020", "boston mayoral primary"], "dana depelteau transportation": ["dana depelteau black lives matter", "dana depelteau twitter", "dana depelteau tweets", "dana depelteau for mayor", "calla walsh wikipedia", "michelle wu", "calla walsh parents", "calla walsh cambridge parents"], "dana depelteau": ["dana depelteau black lives matter", "dana depelteau twitter", "dana depelteau tweets", "calla walsh"], "john barros background": ["john barros political party", "john barros boston"], "john barros boston": ["john barros boston wikipedia", "john barros boston wife", "john barros boston restaurant", "john barros wife", "john barros boston political party", "john barros boston globe", "john barros for mayor website", "john barros twitter"], "john barros COVID": ["john barros for mayor website", "john barros wife", "john barros boston wikipedia", "john barros wikipedia", "john barros political party", "john barros restaurant", "john barros age", "john barros boston wife"], "john barros crime": ["john barros age", "john barros facebook"], "john barros Education": ["john barros for mayor website", "john barros political party", "john barros wife", "john barros wiki", "john barros age", "john barros bio", "john barros boston wikipedia", "john barros family"], "john barros endorsement": ["john barros boston political party", "john barros wiki", "john barros boston wife", "john barros boston wikipedia", "john barros family", "john barros twitter", "john barros age", "john barros political party"], "john barros for mayor": ["john barros political party", "john barros for mayor website", "john barros wife", "john barros bio", "john barros mayor boston", "john barros family", "john barros restaurant", "john barros wikipedia"], "john barros housing": ["john barros for mayor website", "john barros wife", "john barros family", "john barros bio", "john barros political party", "john barros bc high", "john barros boston", "john barros age"], "john barros LGBT": ["john barros wife", "john barros political party", "john barros boston", "john barros wiki", "when was lgbtq created", "lgbtq day", "lgbtq sexualities", "lgbtq meaning of each letter"], "john barros mayoral election": ["john barros political party", "john barros for mayor website", "john barros wife", "john barros boston political party", "john barros boston wikipedia", "john barros bio", "john barros boston mayor", "john barros campaign manager"], "john barros MBTA": ["john barros for mayor website", "john barros wife", "john barros boston globe", "john barros boston wikipedia", "john barros boston wife", "john barros wiki", "john barros age", "john barros political party"], "john barros net worth": ["john barros wife", "john barros wikipedia", "john barros education", "john barros boston", "kim janey boston", "kim janey husband"], "john barros partner": ["john barros wife", "john barros wikipedia", "john barros political party", "john barros boston", "john barros education"], "john barros police": false, "john barros race": ["john barros wikipedia", "john barros family", "john barros for mayor website", "john barros bio", "john barros wife", "john barros political party", "john barros boston wikipedia", "john barros campaign manager"], "john barros transportation": ["john barros facebook"], "john barros": ["john barros wikipedia", "john barros restaurant", "john barros political party", "john barros website", "john barros family", "john barros for mayor website", "john barros wife", "john barros twitter"], "jon santiago background": ["john barros", "jon santiago campaign manager", "jon santiago photographer", "jon santiago endorsements", "jon santiago for mayor", "jon santiago high school", "jon santiago age", "jon santiago bio"], "jon santiago boston": ["jon santiago boston globe", "jon santiago wife", "jon santiago age", "jon santiago campaign manager", "jon santiago high school", "jon santiago twitter", "jon santiago photographer", "jon santiago endorsements"], "jon santiago COVID": ["jon santiago linkedin"], "jon santiago crime": ["santiago chile", "where is santiago"], "jon santiago Education": ["jon santiago photographer", "jon santiago wife", "jon santiago bio", "john barros", "jon santiago campaign manager", "jon santiago mayor", "jon santiago age", "jon santiago high school"], "jon santiago endorsement": ["boston mayoral candidates 2021", "boston mayoral candidates on the issues", "boston mayoral race primary", "boston mayoral election candidates", "boston mayoral election polls", "john barros", "boston mayoral election 2020", "john barros boston"], "jon santiago for mayor": ["jon santiago wife", "jon santiago campaign manager", "jon santiago photographer", "jon santiago high school", "jon santiago twitter", "jon santiago endorsements", "jon santiago age", "jon santiago wife alexandra"], "jon santiago housing": ["jon santiago wife", "john barros", "jon santiago campaign manager", "jon santiago endorsements", "jon santiago wife alexandra", "jon santiago mayor", "jon santiago instagram", "jon santiago photographer"], "jon santiago LGBT": ["when was lgbtq created", "lgbtq day", "lgbtq sexualities", "lgbt shows"], "jon santiago mayoral election": ["jon santiago wife", "jon santiago campaign manager", "jon santiago endorsements"], "jon santiago MBTA": ["jon santiago wife", "jon santiago photographer", "jon santiago high school", "jon santiago age", "jon santiago wife alexandra", "jon santiago campaign manager", "jon santiago endorsements", "jon santiago mayor"], "jon santiago net worth": ["jon santiago wife", "jon santiago campaign manager", "jon santiago high school", "jon santiago wife alexandra", "jon santiago endorsements", "john barros", "jon santiago photographer", "jon santiago mayor"], "jon santiago partner": ["jon santiago wife", "jon santiago wife alexandra", "jon santiago photographer", "jon santiago campaign manager", "jon santiago mayor", "how old is jon santiago", "jon santiago high school"], "jon santiago police": ["jon santiago wife", "jon santiago wife alexandra", "jon santiago campaign manager", "jon santiago high school", "jon santiago endorsements", "jon santiago mayor", "jon santiago photographer", "jon santiago linkedin"], "jon santiago race": ["jon santiago photographer", "jon santiago wife", "jon santiago campaign manager", "jon santiago mayor", "jon santiago high school", "jon santiago endorsements", "santiago mayer", "john barros"], "jon santiago transportation": ["jon santiago campaign manager", "jon santiago wife", "jon santiago endorsements", "john barros", "jon santiago boston", "jon santiago wife alexandra", "jon santiago boston globe", "john barros boston"], "jon santiago": ["jon santiago wife", "jon santiago photographer", "jon santiago instagram", "jon santiago age", "jon santiago boston", "jon santiago high school", "jon santiago campaign manager", "jon santiago wife alexandra"], "kim janey background": ["who is kim janey husband", "kim janey family", "kim janey married", "kim janey father", "kim janey wiki", "kim janey net worth", "kim janey reading memorial high school", "kim janey campaign headquarters"], "kim janey boston": ["kim janey campaign website", "kim janey age", "kim janey campaign headquarters", "kim janey for mayor campaign", "kim janey political views", "kim janey partner", "kim janey husband", "is kim janey married"], "kim janey COVID": ["mask mandate boston", "massachusetts indoor mask mandate", "massachusetts mask mandate 2021", "mask mandate cambridge, ma", "cdc covid cruise ships", "regeneron monoclonal antibody covid-19", "massachusetts mask mandate august 2021", "new york mask mandate"], "kim janey crime": ["is kim janey a good mayor", "kim janey boston herald", "kim janey political views", "kim janey press conference"], "kim janey Education": ["kim janey reading memorial high school", "kim janey boston", "who is kim janey husband", "kim janey smith college", "kim janey political views", "kim janey family", "kim janey campaign website", "kim janey net worth"], "kim janey endorsement": ["kim janey for mayor", "kim janey campaign website", "kim janey for mayor campaign", "kim janey political views", "kim janey campaign manager", "kim janey policies", "kim janey twitter", "boston mayor kim janey husband"], "kim janey for mayor": ["kim janey for mayor campaign", "kim janey campaign website", "kim janey campaign manager", "boston mayor kim janey husband", "is kim janey married", "kim janey husband", "kim janey political views", "kim janey campaign headquarters"], "kim janey housing": ["kim janey campaign website", "kim janey campaign headquarters", "kim janey for mayor", "kim janey campaign manager", "who is kim janey husband", "kim janey kimesha", "kim janey family", "kim janey partner"], "kim janey LGBT": ["when was lgbtq created", "lgbtq day", "lgbtq sexualities", "lgbt symbols"], "kim janey mayoral election": ["kim janey for mayor", "kim janey for mayor campaign", "boston mayoral election", "kim janey campaign website", "kim janey husband", "kim janey political views", "kim janey campaign manager", "kim janey family"], "kim janey MBTA": ["kim janey for mayor", "kim janey husband", "kim janey age", "kim janey for mayor campaign", "kim janey political views", "kim janey campaign website", "kim janey father"], "kim janey net worth": ["who is kim janey husband", "kim janey partner", "kim janey age", "kim janey salary", "kim janey parents nationality", "how old is kim janey daughter", "boston mayor kim janey husband", "kim janey wikipedia"], "kim janey partner": ["how old is kim janey daughter", "is mayor kim janey married", "kim janey parents nationality", "kim janey political views", "kim janey net worth", "kim janey wikipedia", "kim janey campaign", "kim janey reading memorial high school"], "kim janey police": false, "kim janey race": ["kim janey for mayor", "kim janey campaign", "kim janey age", "kim janey for mayor campaign", "kim janey partner", "kim janey political views", "kim janey husband", "is kim janey married"], "kim janey transportation": ["kim janey campaign headquarters", "kim janey campaign manager", "kim janey political views", "kim janey press conference", "mayor kim janey twitter", "kim janey instagram", "kim janey transition team", "is kim janey married"], "kim janey": ["kim janey political views", "kim janey husband", "kim janey wikipedia", "kim janey campaign", "kim janey campaign manager", "is kim janey married", "kim janey policies", "kim janey campaign website"], "michael bianchi background": ["michael bianchi boston", "michael bianchi boston mayor", "michael bianchi brighton ma", "eric porter boston city council"], "michael bianchi boston": ["michael bianchi boston mayor", "michael bianchi brighton ma", "eric porter boston city council"], "michael bianchi COVID": ["michael bianchi boston mayor", "michael bianchi brighton ma", "michael j bianchi ii"], "michael bianchi crime": false, "michael bianchi Education": false, "michael bianchi endorsement": ["michael bianchi boston city council", "eric porter boston city council"], "michael bianchi for mayor": ["michael bianchi brighton ma", "eric porter boston city council", "bianchi road bike"], "michael bianchi housing": false, "michael bianchi LGBT": ["when was lgbtq created", "lgbtq day", "lgbt symbols", "lgbtq sexualities"], "michael bianchi mayoral election": ["michael j bianchi ii", "michael bianchi brighton ma"], "michael bianchi MBTA": ["michael bianchi boston city council", "eric porter boston city council", "michael bianchi boston mayor", "michael bianchi brighton ma"], "michael bianchi net worth": false, "michael bianchi partner": false, "michael bianchi police": ["michael bianchi boston", "michael bianchi boston city council", "michael bianchi boston mayor", "michael bianchi brighton ma", "eric porter boston city council"], "michael bianchi race": ["michael bianchi brighton ma", "michael bianchi boston mayor", "bianchi road bike"], "michael bianchi transportation": false, "michael bianchi": ["michael bianchi actor", "michael bianchi boston", "michael bianchi obituary", "michael bianchi boston mayor", "michael bianchi brighton ma", "michael bianchi architect", "eric porter boston city council"], "michelle wu background": ["michelle wu linkedin", "michelle wu salary", "michelle wu wikipedia", "michelle wu family", "michelle wu polls", "michelle wu campaign manager", "michelle wu mother", "michelle wu email"], "michelle wu boston": ["michelle wu boston globe", "michelle wu instagram", "michelle wu family", "michelle wu boston mayor polls", "where does michelle wu live", "michelle wu mother", "michelle wu linkedin", "michelle wu twitter"], "michelle wu COVID": ["michelle wu chinatown"], "michelle wu crime": ["michelle wu announcement", "michelle wu signature collection", "michelle wu mother", "michelle wu events", "michelle wu housing", "michelle wu child care", "michelle wu election", "michelle wu opioid"], "michelle wu Education": ["michelle wu education plan", "michelle wu family", "michelle wu election", "michelle wu mayor", "michelle wu campaign staff", "where does michelle wu live", "michelle wu endorsements", "michelle wu instagram"], "michelle wu endorsement": ["michelle wu instagram", "andrea campbell endorsements", "michelle wu twitter", "michelle wu family", "michelle wu harvard", "where does michelle wu live", "michelle wu policies", "michelle wu polls"], "michelle wu for mayor": ["michelle wu, boston husband", "michelle wu instagram", "michelle wu twitter", "michelle wu campaign staff", "michelle wu boston mayor polls", "michelle wu linkedin", "michelle wu campaign manager", "michelle wu family"], "michelle wu housing": ["michelle wu policies", "michelle wu child care", "michelle wu announcement", "michelle wu public transportation", "michelle wu signature collection", "michelle wu events", "michelle wu election", "michelle wu consulting"], "michelle wu LGBT": ["when was lgbtq created", "lgbtq day", "lgbt shows", "lgbtq sexualities"], "michelle wu mayoral election": ["michelle wu family", "boston mayoral election", "michelle wu husband", "michelle wu boston mayor polls", "michelle wu mother", "michelle wu campaign staff", "boston city council candidates 2021", "michelle wu endorsements"], "michelle wu MBTA": ["michelle wu election", "michelle wu announcement", "michelle wu endorsements", "michelle wu staff", "michelle wu signature collection", "michelle wu chinatown", "michelle wu policies", "boston mayor michelle wu"], "michelle wu net worth": ["michelle wu, boston husband", "michelle wu instagram", "michelle wu family", "michelle wu age", "where does michelle wu live", "michelle wu siblings", "michelle wu mother", "michelle wu father"], "michelle wu partner": ["michelle wu instagram", "michelle wu siblings", "michelle wu age", "michelle wu twitter", "michelle wu mayor", "michelle wu wikipedia", "michelle wu salary", "michelle wu father"], "michelle wu police": ["michelle wu announcement", "michelle wu election", "michelle wu housing", "michelle wu signature collection", "michelle wu accomplishments", "michelle wu policies", "michelle wu dsa", "michelle wu opioid"], "michelle wu race": ["michelle wu, boston husband", "michelle wu mother", "michelle wu instagram", "michelle wu family", "michelle wu harvard", "michelle wu linkedin", "michelle wu twitter", "michelle wu campaign staff"], "michelle wu transportation": ["free transportation"], "michelle wu": ["michelle wu instagram", "michelle wu wikipedia", "michelle wu family", "michelle wu twitter", "michelle wu linkedin", "michelle wu campaign", "michelle wu polls", "michelle wu campaign manager"]}