{"andrea campbell background": ["andrea campbell father", "andrea campbell twin brother", "andrea campbell brother", "andrea campbell age", "andrea campbell parents", "andrea campbell family", "andrea campbell wikipedia", "who is andrea campbell husband"], "andrea campbell boston": ["andrea campbell boston husband", "andrea campbell boston brother", "andrea campbell boston father", "andrea campbell husband matthew", "andrea campbell boston mayor", "andrea campbell family", "andrea campbell mit", "andrea campbell father"], "andrea campbell COVID": false, "andrea campbell crime": ["who is andrea campbell husband", "andrea campbell twin brother", "andrea campbell bio", "andrea campbell family", "andrea campbell brother andre", "andrea campbell age", "andrea campbell husband matthew", "andrea campbell wikipedia"], "andrea campbell Education": ["andrea campbell bio", "who is andrea campbell husband", "andrea campbell family", "andrea campbell father", "andrea campbell twin brother", "andrea campbell wikipedia", "andrea campbell brother andre", "andrea campbell husband matthew"], "andrea campbell endorsement": ["andrea campbell husband", "andrea campbell fellowship", "andrea campbell father", "michelle wu endorsements", "andrea campbell progressive", "andrea campbell campaign jobs", "andrea campbell campaign manager", "andrea campbell home address"], "andrea campbell for mayor": ["andrea campbell father", "andrea campbell bio", "andrea campbell campaign manager", "andrea campbell husband matthew", "andrea campbell family", "andrea campbell brother", "andrea campbell twin brother", "andrea campbell grandfather"], "andrea campbell housing": ["andrea campbell husband", "andrea campbell endorsements", "andrea campbell fellowship", "andrea campbell boston public schools", "andrea campbell events", "andrea campbell progressive", "andrea campbell home address", "andrea campbell covid"], "andrea campbell LGBT": ["andrea campbell husband", "andrea campbell endorsement", "andrea campbell housing", "andrea campbell ma", "andrea campbell events", "andrea campbell campaign manager", "andrea campbell fellowship", "andrea campbell boston"], "andrea campbell mayoral election": ["andrea campbell bio", "andrea campbell family", "andrea campbell husband matthew", "andrea campbell brother", "andrea campbell twin brother", "andrea campbell wikipedia", "andrea campbell father", "andrea campbell campaign manager"], "andrea campbell MBTA": ["andrea campbell bio", "andrea campbell husband", "andrea campbell brother andre", "andrea campbell obituary", "andrea campbell family", "andre campbell", "andrea campbell twin brother", "andrea campbell father"], "andrea campbell net worth": ["andrea campbell campaign jobs"], "andrea campbell partner": ["andrea campbell family", "andrea campbell father", "andrea campbell brother andre", "andrea campbell bio", "andrea campbell interview", "matthew scheier andrea campbell", "andrea campbell princeton", "kim janey husband"], "andrea campbell police": ["andrea campbell husband", "andrea campbell endorsements", "andrea campbell father", "andrea campbell brother", "andrea campbell fellowship", "andrea campbell housing", "andrea campbell covid", "andrea campbell ma"], "andrea campbell race": ["andrea campbell parents", "andrea campbell father", "who is andrea campbell husband", "andrea campbell family", "andrea campbell bio", "andrea campbell twin brother", "andrea campbell brother", "andrea campbell husband matthew"], "andrea campbell transportation": ["andrea campbell campaign manager", "andrea campbell husband", "andrea campbell campaign jobs", "andrea campbell home address", "andrea campbell events", "andrea campbell boston public schools", "andrea campbell father", "andrea campbell housing"], "andrea campbell": ["andrea campbell twin brother", "andrea campbell brother", "andrea campbell wikipedia", "matthew scheier andrea campbell", "andrea campbell parents", "andrea campbell father", "andrea campbell family", "andrea campbell bio"], "annissa essaibi george background": ["annissa essaibi george net worth", "annissa essaibi george parents", "annissa essaibi george father", "annissa essaibi george siblings", "is annissa essaibi george black", "essaibi george husband", "annissa essaibi george campaign website", "annissa essaibi george family"], "annissa essaibi george boston": ["annissa essaibi george father", "annissa essaibi george net worth", "is annissa essaibi george black", "annissa essaibi george ethnicity", "where does annissa essaibi george live", "annissa essaibi george parents", "annissa essaibi george boston globe", "annissa essaibi george bio"], "annissa essaibi george COVID": false, "annissa essaibi george crime": ["annissa essaibi george campaign ad", "annissa essaibi george endorsements", "annissa essaibi george polls", "annissa essaibi george tiktok"], "annissa essaibi george Education": ["annissa essaibi george parents", "annissa essaibi george net worth", "annissa essaibi george ethnicity", "annissa essaibi george bio", "annissa essaibi george family", "annissa essaibi george siblings", "annissa essaibi george weight loss", "annissa essaibi george staff"], "annissa essaibi george endorsement": ["annissa essaibi george net worth", "annissa essaibi george campaign ad", "annissa essaibi george house", "annissa essaibi george tiktok", "annissa essaibi george mass and cass"], "annissa essaibi george for mayor": ["annissa essaibi george campaign website", "annissa essaibi george family", "annissa essaibi george commercial", "annissa essaibi george net worth", "annissa essaibi george ethnicity", "annissa essaibi george mother", "annissa essaibi george father", "annissa essaibi george bio"], "annissa essaibi george housing": ["annissa essaibi george net worth", "annissa essaibi george bio", "annissa essaibi george commercial", "annissa essaibi george ethnicity", "annissa essaibi george staff", "annissa essaibi george campaign website", "where does annissa essaibi george live", "annissa essaibi george father"], "annissa essaibi george LGBT": ["when was lgbtq created"], "annissa essaibi george mayoral election": ["annissa essaibi george political party", "annissa essaibi george ethnicity", "annissa essaibi george endorsements", "annissa essaibi george father", "annissa essaibi george family", "michelle wu", "annissa essaibi george profile", "annissa essaibi george parents"], "annissa essaibi george MBTA": ["annissa essaibi george net worth", "annissa essaibi george father", "annissa essaibi george boston", "annissa essaibi george twitter", "annissa essaibi george commercial", "annissa essaibi george ethnicity", "annissa essaibi george boston globe", "annissa essaibi george bio"], "annissa essaibi george net worth": ["michelle wu net worth"], "annissa essaibi george partner": ["annissa essaibi george father", "annissa essaibi george net worth", "annissa essaibi george ethnicity", "annissa essaibi george parents", "annissa essaibi george family", "annissa essaibi george age", "annissa essaibi george bio", "annissa essaibi george weight loss"], "annissa essaibi george police": ["annissa essaibi george ethnicity", "annissa essaibi george net worth", "annissa essaibi george father", "annissa essaibi george development", "annissa essaibi george parents", "annissa essaibi george housing", "annissa essaibi george profile", "annissa essaibi george lebanese"], "annissa essaibi george race": ["annissa essaibi george parents", "annissa essaibi george father", "annissa essaibi george net worth", "annissa essaibi george bio", "annissa essaibi george staff", "annissa essaibi george weight loss", "annissa essaibi george campaign manager", "where does annissa essaibi george live"], "annissa essaibi george transportation": ["annissa essaibi george staff", "annissa essaibi george bio", "annissa essaibi george father", "annissa essaibi george mayor", "annissa essaibi george commercial", "annissa essaibi george ethnicity", "annissa essaibi george website", "annissa essaibi george parents"], "annissa essaibi george": ["annissa essaibi george net worth", "annissa essaibi george ethnicity", "annissa essaibi george bio", "annissa essaibi george family", "annissa essaibi george father", "annissa essaibi george parents", "annissa essaibi george twitter", "annissa essaibi george endorsements"], "boston mayor candidates": ["boston mayoral candidates platforms", "boston mayoral candidates quiz", "boston mayoral polls 2021", "boston mayoral candidates party affiliation", "boston mayoral election polls", "boston mayoral candidates comparison", "boston mayoral election results", "boston mayoral candidates endorsements"], "boston mayoral election": ["boston mayoral election results", "boston mayoral election polls", "boston mayoral election results 2021", "boston mayoral election results by precinct", "boston mayoral election 2021 polls", "boston mayoral candidates party affiliation", "boston mayoral candidates on the issues", "boston mayoral debate"], "dana depelteau background": ["dana depelteau black lives matter", "dana depelteau twitter", "dana depelteau tweets", "michelle wu", "calla walsh parents", "markeyverse"], "dana depelteau boston": ["dana depelteau black lives matter", "dana depelteau twitter", "dana depelteau tweets", "calla walsh"], "dana depelteau COVID": ["dana depelteau twitter", "dana depelteau black lives matter", "dana depelteau tweets", "dana depelteau for mayor", "calla walsh"], "dana depelteau crime": ["dana depelteau black lives matter", "dana depelteau twitter", "dana depelteau boston", "dana depelteau mayor", "dana depelteau tweets", "markeyverse", "michelle wu", "calla walsh"], "dana depelteau Education": ["dana depelteau black lives matter", "dana depelteau twitter", "dana depelteau tweets", "calla walsh"], "dana depelteau endorsement": ["dana depelteau twitter", "boston mayoral candidates 2021", "dana depelteau boston", "dana depelteau tweets", "boston mayoral election 2020", "dana depelteau mayor", "boston mayoral candidates on the issues", "boston mayoral candidates party affiliation"], "dana depelteau for mayor": ["dana depelteau black lives matter", "dana depelteau twitter", "calla walsh parents", "markeyverse", "dana depelteau tweets", "michelle wu"], "dana depelteau housing": ["dana depelteau twitter", "dana depelteau tweets", "calla walsh", "calla walsh parents", "michelle wu"], "dana depelteau LGBT": ["when was lgbtq created", "lgbtq day", "lgbtq sexualities", "lgbt symbols"], "dana depelteau mayoral election": ["boston mayoral candidates 2021", "boston mayoral election 2020", "dana depelteau twitter", "boston mayoral election results", "boston mayoral candidates party affiliation", "boston mayoral primary election", "boston mayoral election 2021 polls", "boston mayoral candidates on the issues"], "dana depelteau MBTA": ["dana depelteau twitter", "dana depelteau black lives matter", "dana depelteau tweets", "calla walsh"], "dana depelteau net worth": ["dana depelteau black lives matter", "dana depelteau twitter", "dana depelteau tweets", "boston mayoral candidates 2021", "boston mayoral election 2020", "boston city council candidates 2021", "dana depelteau for mayor", "boston mayoral primary"], "dana depelteau partner": ["dana depelteau twitter", "dana depelteau tweets", "calla walsh"], "dana depelteau police": ["dana depelteau black lives matter", "dana depelteau twitter", "dana depelteau boston", "dana depelteau tweets", "calla walsh parents", "dana depelteau mayor", "calla walsh winsor school", "calla walsh twitter"], "dana depelteau race": ["dana depelteau boston", "dana depelteau twitter", "boston mayoral candidates party affiliation", "boston mayoral race candidates 2021", "dana depelteau mayor", "calla walsh parents", "boston mayoral race primary", "dana depelteau tweets"], "dana depelteau transportation": ["dana depelteau twitter", "dana depelteau boston", "calla walsh parents", "calla walsh winsor school", "calla walsh twitter", "markeyverse", "michelle wu"], "dana depelteau": ["dana depelteau black lives matter", "dana depelteau twitter", "dana depelteau tweets", "calla walsh parents", "markeyverse", "michelle wu", "calla walsh"], "john barros background": ["john barros political party", "john barros wikipedia", "john barros party", "john barros boston wife", "john barros family", "john barros age", "andrea campbell", "john barros high school"], "john barros boston": ["john barros boston wikipedia", "john barros boston wife", "john barros wife", "john barros boston restaurant", "john barros boston political party", "john barros boston mayor", "john barros boston globe", "john barros wiki"], "john barros COVID": false, "john barros crime": false, "john barros Education": ["john barros political party", "john barros for mayor", "john barros wikipedia", "john barros age", "john barros wife", "john barros boston wikipedia", "john barros boston wife", "john barros high school"], "john barros endorsement": false, "john barros for mayor": ["john barros for mayor website", "john barros wife", "john barros political party", "john barros wikipedia", "john barros family", "john barros endorsements", "john barros bio", "john barros boston wikipedia"], "john barros housing": ["john barros wife", "john barros for mayor", "john barros boston wife", "john barros political party", "john barros boston wikipedia", "john barros facebook"], "john barros LGBT": ["when was lgbtq created", "lgbtq day", "lgbtq sexualities", "lgbt symbols"], "john barros mayoral election": ["john barros political party", "john barros for mayor", "john barros wife", "john barros boston wikipedia", "john barros boston wife", "john barros wiki", "john barros age", "tchintcia barros"], "john barros MBTA": ["john barros wife", "john barros boston wife", "john barros for mayor", "john barros boston wikipedia", "john barros political party", "john barros city of boston", "john barros wiki", "john barros age"], "john barros net worth": ["john barros wikipedia"], "john barros partner": ["john barros political party", "john barros wikipedia", "john barros family", "john barros boston wikipedia", "john barros boston wife", "john barros for mayor", "john barros age", "andrea campbell"], "john barros police": false, "john barros race": ["john barros wife", "john barros political party", "john barros for mayor", "john barros boston wikipedia", "john barros boston wife", "john barros wiki", "andrea campbell", "annissa essaibi george"], "john barros transportation": false, "john barros": ["john barros political party", "john barros wikipedia", "john barros restaurant", "john barros mayor", "john barros bio", "john barros massachusetts", "john barros wife", "john barros party"], "jon santiago background": ["john barros", "jon santiago mayor", "jon santiago campaign manager", "jon santiago endorsements", "jon santiago, md", "jon santiago wife alexandra", "jon santiago photographer", "jon santiago twitter"], "jon santiago boston": ["jon santiago wife", "jon santiago boston globe", "jon santiago campaign", "jon santiago facebook", "jon santiago twitter", "jon santiago, md", "jon santiago age", "jon santiago campaign manager"], "jon santiago COVID": false, "jon santiago crime": false, "jon santiago Education": ["jon santiago photographer", "jon santiago wife alexandra", "jon santiago campaign manager", "jon santiago for mayor", "jon santiago age", "jon santiago, md", "jon santiago endorsements", "jon santiago facebook"], "jon santiago endorsement": false, "jon santiago for mayor": ["jon santiago wife", "jon santiago twitter", "jon santiago campaign manager", "jon santiago endorsements", "jon santiago photographer", "jon santiago, md", "jon santiago age", "jon santiago boston globe"], "jon santiago housing": ["jon santiago wife", "jon santiago wife alexandra", "jon santiago mayor", "john barros", "jon santiago endorsements", "jon santiago, md", "jon santiago campaign manager", "jon santiago photographer"], "jon santiago LGBT": ["when was lgbtq created", "lgbtq day", "lgbtq sexualities", "lgbt shows"], "jon santiago mayoral election": ["jon santiago wife", "jon santiago endorsements", "jon santiago, md", "rep jon santiago"], "jon santiago MBTA": ["jon santiago wife", "jon santiago wife alexandra", "jon santiago endorsements", "jon santiago mayor", "jon santiago campaign", "jon santiago photographer", "jon santiago twitter", "jon santiago campaign manager"], "jon santiago net worth": ["jon santiago wife", "jon santiago wife alexandra", "jon santiago endorsements", "jon santiago campaign manager", "john barros", "jon santiago mayor", "jon santiago, md", "jon santiago facebook"], "jon santiago partner": ["jon santiago wife", "jon santiago wife alexandra", "jon santiago boston", "jon santiago instagram", "jon santiago, md", "jon santiago endorsements", "jon santiago boston globe"], "jon santiago police": ["jon santiago wife", "jon santiago wife alexandra", "jon santiago campaign", "jon santiago endorsements", "jon santiago mayor", "jon santiago campaign manager", "jon santiago, md", "jon santiago age"], "jon santiago race": ["jon santiago campaign", "jon santiago wife", "jon santiago photographer", "jon santiago mayor", "jon santiago endorsements", "jon santiago campaign manager", "santiago mayer", "john barros"], "jon santiago transportation": ["jon santiago campaign manager", "jon santiago wife", "jon santiago endorsements", "jon santiago wife alexandra", "jon santiago, md", "jon santiago boston", "jon santiago twitter", "jon santiago boston globe"], "jon santiago": ["jon santiago wife", "jon santiago photographer", "jon santiago instagram", "jon santiago campaign", "jon santiago mayor", "jon santiago, md", "jon santiago twitter", "rep jon santiago"], "kim janey background": ["who is kim janey husband", "kim janey partner", "kim janey wikipedia", "kim janey campaign manager", "kim janey policies", "kim janey parents nationality", "kim janey family", "kim janey campaign headquarters"], "kim janey boston": ["kim janey campaign headquarters", "kim janey political views", "kim janey partner", "kim janey campaign website", "kim janey campaign manager", "kim janey family", "kim janey twitter", "is kim janey married"], "kim janey COVID": ["boston mask mandate"], "kim janey crime": false, "kim janey Education": ["who is kim janey husband", "mayor janey", "kim janey net worth", "kim janey political views", "did kim janey graduate from smith college", "kim janey age", "kim janey parents nationality", "kim janey partner"], "kim janey endorsement": ["kim janey election", "kim janey staff", "kim janey heart agenda", "kim janey campaign manager", "kim janey transition website", "kim janey campaign headquarters", "kim janey metco", "kim janey education"], "kim janey for mayor": ["kim janey campaign website", "kim janey partner", "mayor kim janey husband", "kim janey campaign manager", "kim janey political views", "kim janey staff", "kim janey campaign headquarters", "kim janey family"], "kim janey housing": ["kim janey campaign headquarters", "kim janey campaign website", "kim janey election", "kim janey campaign manager", "kim janey partner", "kim janey transition website", "kim janey parents nationality", "kim janey family"], "kim janey LGBT": ["when was lgbtq created", "lgbtq day", "what does q mean in lgbtq"], "kim janey mayoral election": ["kim janey political views", "boston mayoral election results", "kim janey net worth", "who is the mayor of boston", "kim janey partner", "boston mayoral election", "boston mayor kim janey husband", "michelle wu, boston mayor"], "kim janey MBTA": false, "kim janey net worth": ["who is kim janey husband", "kim janey partner", "how old is kim janey daughter", "kim janey parents nationality", "kim janey wikipedia", "kim janey age", "is kim janey married", "kim janey policies"], "kim janey partner": ["who is kim janey husband", "kim janey net worth", "is mayor kim janey married", "how old is kim janey daughter", "kim janey parents nationality", "kim janey political views", "kim janey campaign website", "did kim janey graduate from smith college"], "kim janey police": false, "kim janey race": ["kim janey for mayor", "kim janey age", "who is kim janey husband", "kim janey partner", "kim janey campaign", "kim janey political views", "kim janey family", "is kim janey married"], "kim janey transportation": false, "kim janey": ["who is kim janey husband", "kim janey policies", "kim janey staff", "kim janey twitter", "kim janey political views", "is kim janey married", "mayor kim janey", "kim janey email"], "michael bianchi background": false, "michael bianchi boston": ["michael bianchi boston mayor", "michael j bianchi", "eric porter boston", "michael bianchi for city council", "liz breadon", "liz breadon boston city council", "eric porter boston city council"], "michael bianchi COVID": false, "michael bianchi crime": false, "michael bianchi Education": ["michael bianchi actor", "michael bianchi obituary", "michael bianchi boston"], "michael bianchi endorsement": ["michael bianchi boston city council", "michael bianchi for city council", "eric porter boston city council", "michael bianchi brighton ma", "michael bianchi boston mayor"], "michael bianchi for mayor": ["michael bianchi for city council", "liz breadon", "eric porter boston city council", "liz breadon boston city council", "bianchi road bike"], "michael bianchi housing": ["michael bianchi boston city council", "michael bianchi for city council", "michael bianchi boston mayor"], "michael bianchi LGBT": ["when was lgbtq created", "lgbtq day", "lgbt symbols", "lgbtq sexualities"], "michael bianchi mayoral election": ["liz breadon", "michael bianchi for city council", "eric porter boston city council", "liz breadon boston city council"], "michael bianchi MBTA": ["michael bianchi boston", "michael bianchi boston city council", "michael bianchi district 9", "eric porter boston city council", "michael bianchi brighton ma", "liz breadon boston city council", "michael bianchi for city council"], "michael bianchi net worth": false, "michael bianchi partner": false, "michael bianchi police": ["michael bianchi boston", "michael bianchi boston city council", "michael bianchi district 9", "michael bianchi brighton ma", "michael bianchi for city council", "eric porter boston city council", "liz breadon boston city council"], "michael bianchi race": ["michael bianchi for city council", "liz breadon", "eric porter boston city council", "liz breadon boston city council", "bianchi road bike"], "michael bianchi transportation": false, "michael bianchi": ["michael bianchi boston", "michael bianchi actor", "michael bianchi obituary", "michael bianchi boston city council", "michael bianchi district 9", "michael bianchi boston mayor", "michael bianchi for city council", "michael bianchi brighton ma"], "michelle wu background": ["michelle wu family", "michelle wu salary", "michelle wu mother", "michelle wu parents", "michelle wu wikipedia", "michelle wu campaign staff", "is michelle wu related to janet wu", "michelle wu polls"], "michelle wu boston": ["michelle wu boston college", "michelle wu, boston globe", "michelle wu boston mayor age", "michelle wu family", "where does michelle wu live", "michelle wu campaign staff", "michelle wu mother", "michelle wu siblings"], "michelle wu COVID": false, "michelle wu crime": ["michelle wu husband", "michelle wu housing", "michelle wu opioid", "michelle wu election", "michelle wu transportation", "michelle wu boston college", "michelle wu child care", "michelle wu endorsement"], "michelle wu Education": ["michelle wu education plan", "michelle wu family", "where does michelle wu live", "michelle wu salary", "michelle wu mother", "michelle wu age", "michelle wu siblings", "michelle wu endorsements"], "michelle wu endorsement": ["andrea campbell endorsements", "michelle wu salary", "michelle wu husband", "michelle wu family", "michelle wu campaign", "michelle wu speech", "michelle wu campaign staff", "michelle wu, boston globe"], "michelle wu for mayor": ["michelle wu salary", "michelle wu family", "michelle wu campaign staff", "michelle wu twitter", "michelle wu boston husband", "michelle wu political party", "michelle wu siblings", "michelle wu mother"], "michelle wu housing": ["michelle wu husband", "michelle wu house", "michelle wu, boston globe", "michelle wu - real estate", "michelle wu transportation", "michelle wu construction", "michelle wu zoning", "michelle wu election"], "michelle wu LGBT": ["when was lgbtq created"], "michelle wu mayoral election": ["boston mayoral election", "who is michelle wu husband", "michelle wu family", "michelle wu political party", "where does michelle wu live", "michelle wu siblings", "michelle wu wikipedia", "michelle wu mother"], "michelle wu MBTA": ["who is michelle wu husband", "michelle wu election", "michelle wu endorsement", "michelle wu boston college", "michelle wu construction", "michelle wu mayor husband", "michelle wu climate", "does michelle wu speak spanish"], "michelle wu net worth": ["conor pewarski net worth", "michelle wu husband", "michelle wu boston husband", "michelle wu family", "where does michelle wu live", "michelle wu parents", "michelle wu endorsements", "michelle wu political party"], "michelle wu partner": ["michelle wu instagram", "conor pewarski", "michelle wu boston mayor husband", "michelle wu twitter", "michelle wu salary", "michelle wu net worth", "how old is michelle wu", "michelle wu mother"], "michelle wu police": ["michelle wu husband", "michelle wu election", "michelle wu endorsement", "michelle wu consulting", "michelle wu boston college", "michelle wu, boston mayor", "michelle wu transportation", "michelle wu speech"], "michelle wu race": ["michelle wu boston husband", "michelle wu family", "michelle wu mother", "michelle wu siblings", "michelle wu salary", "michelle wu twitter", "michelle wu campaign staff", "michelle wu endorsements"], "michelle wu transportation": ["michelle wu signature collection", "michelle wu free the t", "michelle wu housing", "michelle wu accomplishments", "who is michelle wu husband", "michelle wu election", "michelle wu construction", "michelle wu zoning"], "michelle wu": ["michelle wu instagram", "michelle wu family", "michelle wu twitter", "michelle wu wikipedia", "michelle wu mother", "michelle wu salary", "michelle wu father", "michelle wu policies"]}