{"andrea campbell background": ["andrea campbell father", "andrea campbell family", "andrea campbell brother", "andrea campbell wikipedia", "andrea campbell husband", "andrea campbell twin brother", "andrea campbell brothers", "andrea campbell brother andre"], "andrea campbell boston": ["andrea campbell boston husband", "andrea campbell boston brother", "andrea campbell boston latin school", "andrea campbell boston public schools", "andrea campbell boston platform", "andrea campbell family", "andrea campbell mit", "andrea campbell brother andre"], "andrea campbell COVID": ["andrea campbell obituary", "andrea campbell twitter", "andrea campbell mass and cass"], "andrea campbell crime": ["andrea campbell husband", "andrea campbell bio", "andrea campbell twin brother", "andrea campbell family", "andrea campbell brother andre", "andrea campbell age", "andrea campbell wikipedia", "andrea campbell father"], "andrea campbell Education": ["andrea campbell family", "andrea campbell bio", "andrea campbell brother andre", "andrea campbell father", "andrea campbell husband", "andrea campbell wikipedia", "andrea campbell princeton", "andrea campbell education plan"], "andrea campbell endorsement": ["andrea campbell husband", "andrea campbell bio", "andrea campbell husband, matthew", "andrea campbell father", "andrea campbell twin brother", "andrea campbell family", "andrea campbell campaign manager", "andrea campbell brother"], "andrea campbell for mayor": ["andrea campbell bio", "andrea campbell campaign manager", "andrea campbell brother andre", "andrea campbell princeton", "andrea campbell husband, matthew", "andrea campbell father", "andrea campbell city council", "andrea campbell family"], "andrea campbell housing": ["andrea campbell husband, matthew", "andrea campbell father", "andrea campbell family", "andrea campbell brother andre", "andre campbell obituary", "andrea campbell bio", "andrea campbell twin brother", "andrea campbell endorsements"], "andrea campbell LGBT": ["when was lgbtq created", "lgbtq meaning of each letter", "lgbtq sexualities", "lgbtq day"], "andrea campbell mayoral election": ["andrea campbell for mayor", "andrea campbell family", "andrea campbell campaign manager", "andrea campbell brother", "andrea campbell twin brother", "andrea campbell husband", "andrea campbell husband, matthew", "boston mayoral election 2021 candidates"], "andrea campbell MBTA": ["andrea campbell bio", "andrea campbell boston husband", "andrea campbell brother andre", "andrea campbell family", "andrea campbell twin brother", "andrea campbell father", "andrea campbell campaign manager", "andrea campbell wikipedia"], "andrea campbell net worth": ["andrea campbell family", "andrea campbell husband", "andrea campbell twin brother", "andrea campbell husband, matthew", "andrea campbell wikipedia", "andrea campbell father", "andrea campbell brother", "andrea campbell bio"], "andrea campbell partner": ["andrea campbell brother andre", "andrea campbell obituary", "andrea campbell events", "andrea campbell campaign manager", "andrea campbell endorsements", "andrea campbell for mayor", "andrea campbell campaign jobs", "andrea campbell boston"], "andrea campbell police": ["andrea campbell police union", "andrea campbell husband", "andrea campbell brother", "andrea campbell family", "andrea campbell obituary", "andrea campbell events", "andrea campbell brother andre", "andrea campbell endorsements"], "andrea campbell race": ["andrea campbell father", "andrea campbell husband", "andrea campbell family", "andrea campbell bio", "andrea campbell twin brother", "andrea campbell brother", "andrea campbell husband, matthew", "andrea campbell wikipedia"], "andrea campbell transportation": ["andrea campbell campaign jobs", "andrea campbell campaign manager", "andrea campbell boston public schools", "andrea campbell events", "andrea campbell housing", "andrea campbell covid", "andrea campbell endorsements", "andrea campbell boston platform"], "andrea campbell": ["andrea campbell husband", "andrea campbell brother", "andrea campbell father", "andrea campbell brother andre", "andrea campbell bio", "andrea campbell wikipedia", "andrea campbell family", "andrea campbell brothers"], "annissa essaibi george background": ["annissa essaibi george ethnicity", "annissa essaibi george father", "annissa essaibi george mayor", "annissa essaibi george campaign", "annissa essaibi george staff", "annissa essaibi george campaign website", "annissa essaibi george campaign manager", "annissa essaibi george boston globe"], "annissa essaibi george boston": ["annissa essaibi george ethnicity", "annissa essaibi george father", "boston city council elections 2021", "annissa essaibi george family", "annissa essaibi george boston globe", "doug george boston", "michelle wu", "annissa essaibi george website"], "annissa essaibi george COVID": false, "annissa essaibi george crime": ["annissa essaibi george endorsements", "annissa essaibi george campaign manager"], "annissa essaibi george Education": ["annissa essaibi george staff", "annissa essaibi george ethnicity", "annissa essaibi george website", "annissa essaibi george mayor", "annissa essaibi george twitter", "annissa essaibi george family", "annissa essaibi george facebook", "annissa essaibi george father"], "annissa essaibi george endorsement": ["annissa essaibi george campaign manager", "annissa essaibi george twitter", "annissa essaibi george family", "annissa essaibi george wiki", "boston globe annissa essaibi george"], "annissa essaibi george for mayor": ["kim janey for mayor", "annissa essaibi george ethnicity", "annissa essaibi george campaign manager", "doug george", "annissa george", "annissa essaibi george boston globe", "annissa essaibi george facebook", "annissa essaibi george campaign website"], "annissa essaibi george housing": ["annissa george", "annissa essaibi george ethnicity", "annissa essaibi george mayor", "annissa essaibi george endorsements", "annissa essaibi george campaign website", "annissa essaibi george twitter", "annissa essaibi george staff", "annissa essaibi george campaign manager"], "annissa essaibi george LGBT": false, "annissa essaibi george mayoral election": ["annissa essaibi george staff", "annissa essaibi george twitter", "annissa george", "annissa essaibi george ethnicity", "boston mayoral election", "annissa essaibi george campaign website", "michelle wu", "annissa essaibi george endorsements"], "annissa essaibi george MBTA": ["annissa essaibi george boston globe", "annissa essaibi george twitter", "michelle wu", "boston city council elections 2021", "annissa essaibi george campaign website", "annissa essaibi george staff", "annissa essaibi george ethnicity", "annissa essaibi george father"], "annissa essaibi george net worth": ["annissa essaibi george endorsements", "annissa essaibi george father", "annissa essaibi george ethnicity", "annissa essaibi george mayor", "annissa essaibi george staff", "annissa for boston", "annissa essaibi george twitter", "annissa essaibi george website"], "annissa essaibi george partner": ["annissa essaibi george father", "annissa essaibi george ethnicity", "annissa essaibi george family", "annissa essaibi george twitter", "annissa essaibi george staff", "annissa essaibi george endorsements", "annissa essaibi george campaign manager", "annissa essaibi george website"], "annissa essaibi george police": ["annissa essaibi george endorsements", "annissa essaibi george campaign manager"], "annissa essaibi george race": ["annissa essaibi george father", "annissa essaibi george staff", "annissa essaibi george mayor", "annissa essaibi george twitter", "annissa essaibi george endorsements", "boston mayoral race", "annissa essaibi george family", "annissa essaibi george campaign website"], "annissa essaibi george transportation": ["annissa essaibi george staff", "annissa essaibi george mayor", "annissa essaibi george father", "annissa essaibi george ethnicity", "annissa essaibi george website", "annissa essaibi george twitter", "annissa essaibi george endorsements", "annissa essaibi george campaign website"], "annissa essaibi george": ["annissa essaibi george father", "annissa essaibi george ethnicity", "annissa essaibi george family", "annissa essaibi george facebook", "annissa essaibi george mayor", "annissa essaibi george staff", "annissa essaibi george endorsements", "annissa essaibi george website"], "boston mayor candidates": ["boston mayoral election 2020", "boston mayoral election candidates", "boston elections, 2021", "boston mayoral race candidates 2021", "boston mayoral primary 2021", "boston mayoral election results", "boston mayoral primary election", "boston mayoral candidates on the issues"], "boston mayoral election": ["boston mayoral election results", "boston mayoral election 2020", "boston mayoral candidates 2021", "boston mayoral election primary", "boston mayoral election polls", "boston mayoral polls", "boston mayoral election candidates", "boston mayoral primary 2021"], "dana depelteau background": ["dana depelteau black lives matter", "john barros", "dana depelteau twitter", "calla walsh", "michael j. bianchi ii", "boston city council elections 2021", "michelle wu", "boston elections, 2021"], "dana depelteau boston": ["dana depelteau black lives matter", "dana depelteau twitter", "dana depelteau tweets", "dana depelteau for mayor", "calla walsh", "michelle wu", "annissa essaibi george"], "dana depelteau COVID": ["dana depelteau twitter", "dana depelteau black lives matter", "dana depelteau tweets", "michelle wu", "calla walsh", "annissa essaibi george"], "dana depelteau crime": ["dana depelteau black lives matter", "dana depelteau twitter", "dana depelteau boston", "dana depelteau mayor", "michelle wu", "calla walsh", "annissa essaibi george"], "dana depelteau Education": ["dana depelteau black lives matter", "dana depelteau twitter", "dana depelteau tweets", "calla walsh", "michelle wu", "calla walsh parents", "annissa essaibi george"], "dana depelteau endorsement": ["boston mayoral candidates 2021", "2021 boston mayoral election", "boston mayoral election 2020", "boston city council candidates 2021", "boston elections, 2021", "boston mayoral election 2021 candidates", "boston mayoral debate 2021", "boston mayoral primary"], "dana depelteau for mayor": ["dana depelteau twitter", "dana depelteau black lives matter", "dana depelteau tweets", "calla walsh", "annissa essaibi george", "michelle wu"], "dana depelteau housing": ["dana depelteau black lives matter", "dana depelteau twitter", "dana depelteau tweets", "calla walsh", "calla walsh parents", "michelle wu", "annissa essaibi george"], "dana depelteau LGBT": ["when was lgbtq created", "lgbtq meaning of each letter", "lgbtq sexualities", "lgbtq day"], "dana depelteau mayoral election": ["boston mayoral candidates 2021", "boston mayoral election 2020", "dana depelteau twitter", "boston mayoral election results", "boston mayoral election 2021 candidates", "boston mayoral election candidates", "boston mayoral polls", "boston elections, 2021"], "dana depelteau MBTA": ["dana depelteau twitter", "dana depelteau tweets", "calla walsh", "annissa essaibi george", "michelle wu"], "dana depelteau net worth": ["dana depelteau black lives matter", "dana depelteau twitter", "boston elections, 2021", "dana depelteau tweets", "when is boston mayoral election 2021", "boston mayoral candidates 2021", "boston mayoral polls", "boston city council elections 2021"], "dana depelteau partner": ["dana depelteau black lives matter", "dana depelteau twitter", "calla walsh"], "dana depelteau police": ["dana depelteau black lives matter", "dana depelteau twitter", "dana depelteau boston", "michelle wu", "dana depelteau mayor", "annissa essaibi george", "calla walsh"], "dana depelteau race": ["dana depelteau black lives matter", "kim janey for mayor", "dana depelteau twitter", "boston city council elections 2021", "boston elections, 2021", "boston mayoral race", "boston mayoral candidates 2021", "boston mayoral election 2020"], "dana depelteau transportation": ["dana depelteau black lives matter", "dana depelteau twitter", "dana depelteau for mayor", "calla walsh parents", "michelle wu"], "dana depelteau": ["dana depelteau black lives matter", "dana depelteau twitter", "dana depelteau party", "dana depelteau tweets", "dana depelteau linkedin", "calla walsh", "michelle wu", "annissa essaibi george"], "john barros background": ["john barros for mayor website", "john barros ethnicity", "john barros political party", "john barros website", "john barros family", "john barros boston bio", "john barros party", "john barros email"], "john barros boston": ["john barros boston wikipedia", "john barros boston wife", "john barros boston restaurant", "john barros boston mayor", "john barros wife", "john barros boston bio", "john barros boston globe", "john barros twitter"], "john barros COVID": ["john barros boston wikipedia", "john barros for mayor website", "john barros wife", "john barros boston mayor", "john barros boston restaurant", "john barros wikipedia", "john barros political party", "john barros bc high"], "john barros crime": ["john barros boston wikipedia", "john barros wife", "john barros bio", "john barros for mayor website", "john barros ethnicity", "john barros wikipedia", "john barros political party", "john barros bc high"], "john barros Education": ["john barros for mayor website", "john barros boston wikipedia", "john barros political party", "john barros wife", "john barros wikipedia", "john barros bio", "john barros age", "john barros high school"], "john barros endorsement": ["john barros for mayor website", "john barros, boston", "john barros bc high", "john barros wife", "john barros boston wikipedia", "john barros mayor 2021", "john barros campaign", "john barros political party"], "john barros for mayor": ["john barros for mayor website", "john barros boston mayor", "john barros political party", "john barros wife", "john barros bio", "john barros boston wikipedia", "john barros wikipedia", "john barros mayor 2021"], "john barros housing": ["john barros for mayor website", "john barros wife", "john barros family", "john barros bio", "john barros political party", "john barros boston wikipedia", "john barros bc high", "john barros wikipedia"], "john barros LGBT": ["when was lgbtq created", "lgbtq meaning of each letter", "lgbtq sexualities", "lgbtq day"], "john barros mayoral election": ["john barros for mayor", "john barros political party", "john barros for mayor website", "john barros mayor 2021", "john barros boston wikipedia", "john barros boston mayor", "john barros wife", "john barros bio"], "john barros MBTA": ["john barros for mayor website", "john barros boston wikipedia", "john barros wife", "john barros boston wife", "john barros bc high", "john barros political party", "john barros age", "john barros bio"], "john barros net worth": ["john barros wife", "john barros wikipedia", "john barros age", "john barros bio", "john barros restaurant", "john barros bc high", "john barros education", "marty walsh"], "john barros partner": ["john barros wife", "john barros wikipedia", "john barros family", "john barros political party", "john barros boston wikipedia", "john barros for mayor website", "john barros bio", "john barros campaign"], "john barros police": ["john barros wife", "john barros boston wikipedia", "john barros wikipedia"], "john barros race": ["john barros wikipedia", "john barros family", "john barros for mayor website", "john barros bio", "john barros wife", "john barros political party", "john barros campaign", "john barros boston wikipedia"], "john barros transportation": ["john barros for mayor website", "john barros boston wikipedia", "john barros political party", "john barros boston mayor", "john barros wife", "john barros wiki", "john barros website", "john barros bio"], "john barros": ["john barros restaurant", "john barros boston wikipedia", "john barros wife", "john barros wiki", "john barros boston restaurant", "john barros wikipedia", "john barros boston globe", "john barros twitter"], "jon santiago background": ["john barros", "jon santiago wife", "jon santiago mayor", "jon santiago campaign manager", "jon santiago endorsements", "jon santiago photographer", "jon santiago high school", "jon santiago age"], "jon santiago boston": ["jon santiago wife", "jon santiago boston mayor", "jon santiago boston globe", "jon santiago boston twitter", "jon santiago age", "jon santiago endorsements", "jon santiago high school", "dr jon santiago boston medical center"], "jon santiago COVID": ["jon santiago instagram"], "jon santiago crime": ["santiago chile", "where is santiago"], "jon santiago Education": ["jon santiago photographer", "is jon santiago married", "jon santiago bio", "john barros", "jon santiago mayor", "jon santiago age", "jon santiago high school", "jon santiago campaign manager"], "jon santiago endorsement": ["jon santiago campaign manager", "jon santiago for mayor"], "jon santiago for mayor": ["jon santiago wife", "jon santiago boston mayor", "jon santiago photographer", "jon santiago campaign manager", "jon santiago representative", "jon santiago endorsements", "jon santiago state representative", "john barros"], "jon santiago housing": ["jon santiago wife", "is jon santiago married", "john barros", "jon santiago photographer", "jon santiago mayor", "jon santiago wife alexandra", "jon santiago endorsements", "jon santiago campaign manager"], "jon santiago LGBT": ["when was lgbtq created", "lgbtq meaning of each letter", "lgbtq sexualities", "lgbtq day"], "jon santiago mayoral election": false, "jon santiago MBTA": ["jon santiago wife", "jon santiago boston globe", "jon santiago wife alexandra", "jon santiago photographer", "jon santiago high school", "is jon santiago married", "jon santiago endorsements", "jon santiago age"], "jon santiago net worth": ["jon santiago wife", "jon santiago campaign manager", "jon santiago endorsements", "jon santiago high school", "jon santiago age", "jon santiago wife alexandra", "john barros", "is jon santiago married"], "jon santiago partner": ["jon santiago wife", "jon santiago wife alexandra", "jon santiago campaign manager", "jon santiago mayor", "jon santiago endorsements", "jon santiago representative", "jon santiago instagram", "jon santiago age"], "jon santiago police": ["jon santiago wife", "jon santiago wife alexandra", "jon santiago state representative", "jon santiago endorsements", "jon santiago mayor", "jon santiago photographer", "jon santiago campaign manager", "jon santiago boston mayor"], "jon santiago race": false, "jon santiago transportation": ["jon santiago campaign manager", "jon santiago wife", "jon santiago mayor", "jon santiago endorsements", "jon santiago wife alexandra", "john barros, boston", "jon santiago representative", "jon santiago boston globe"], "jon santiago": ["jon santiago wife", "jon santiago photographer", "is jon santiago married", "jon santiago high school", "jon santiago boston globe", "jon santiago age", "jon santiago mayor", "jon santiago linkedin"], "kim janey background": ["kim janey daughter", "who is kim janey husband", "kim janey for mayor", "kim janey campaign", "kim janey policies", "kim janey campaign website", "kim janey daughter age", "kim janey political views"], "kim janey boston": ["kim janey husband", "kim janey campaign website", "kim janey age", "kim janey partner", "kim janey for mayor", "kim janey political views", "kim janey for mayor campaign", "kim janey twitter"], "kim janey COVID": false, "kim janey crime": ["kim janey for mayor", "kim janey age", "dennis white wife", "kim janey husband", "kim janey daughter", "kim janey staff", "kim janey, boston mayor", "kim janey wikipedia"], "kim janey Education": ["kim janey smith college", "kim janey reading memorial high school", "kim janey, boston mayor", "who is kim janey husband", "kim janey for mayor campaign", "kim janey political views", "kim janey campaign website", "kim janey daughter"], "kim janey endorsement": ["kim janey campaign website", "kim janey for mayor campaign", "kim janey political views", "kim janey smith college", "kim janey net worth", "kim janey running for mayor", "kim janey campaign headquarters", "kim janey campaign manager"], "kim janey for mayor": ["kim janey for mayor campaign", "kim janey campaign website", "kim janey campaign manager", "kim janey political views", "kim janey partner", "kim janey running for mayor", "kim janey daughter", "is kim janey married?"], "kim janey housing": ["kim janey for mayor", "kim janey family", "kim janey election", "kim janey campaign manager", "who is kim janey husband", "kim janey partner", "kim janey issues", "kim janey political views"], "kim janey LGBT": false, "kim janey mayoral election": ["kim janey for mayor", "kim janey for mayor campaign", "boston mayoral election", "kim janey running for mayor", "kim janey age", "kim janey campaign website", "kim janey husband", "mayor janey"], "kim janey MBTA": false, "kim janey net worth": ["kim janey partner", "who is kim janey husband", "kim janey daughter", "kim janey age", "kim janey wikipedia", "kim janey daughter age", "kim janey parents nationality", "kim janey for mayor"], "kim janey partner": ["who is kim janey husband", "kim janey brother", "kim janey reading memorial high school", "kim janey, boston mayor", "kim janey parents nationality", "kim janey net worth", "kim janey wikipedia", "kim janey for mayor"], "kim janey police": ["patrick rose boston police", "kim janey for mayor", "boston police commissioner wife", "dennis white, boston police wife", "kim janey husband", "dennis white wife", "dennis white boston police commissioner", "kim janey brother"], "kim janey race": ["kim janey for mayor", "kim janey age", "kim janey campaign", "kim janey partner", "kim janey political views", "kim janey daughter age", "kim janey parents", "kim janey husband"], "kim janey transportation": false, "kim janey": ["kim janey political views", "kim janey for mayor", "kim janey election", "kim janey running for mayor", "kim janey age", "kim janey for mayor campaign", "who is kim janey husband", "kim janey campaign manager"], "michael bianchi background": ["michael bianchi boston", "michael bianchi mayor", "michael bianchi brighton ma", "michael bianchi boston mayor"], "michael bianchi boston": ["michael bianchi brighton ma", "michael bianchi boston mayor", "michael bianchi mayor"], "michael bianchi COVID": ["michael bianchi mayor"], "michael bianchi crime": false, "michael bianchi Education": ["michael bianchi boston", "michael bianchi brighton ma", "michael bianchi boston mayor", "michael bianchi mayor"], "michael bianchi endorsement": false, "michael bianchi for mayor": ["michael bianchi brighton ma", "michael bianchi boston mayor", "bianchi road bike"], "michael bianchi housing": false, "michael bianchi LGBT": ["when was lgbtq created", "lgbtq day", "lgbtq sexualities", "lgbtq meaning of each letter"], "michael bianchi mayoral election": ["michael bianchi boston", "michael bianchi brighton ma", "michael bianchi boston mayor"], "michael bianchi MBTA": ["michael bianchi brighton ma", "michael bianchi boston mayor", "michael bianchi mayor"], "michael bianchi net worth": false, "michael bianchi partner": false, "michael bianchi police": false, "michael bianchi race": ["michael bianchi boston", "michael bianchi mayor", "michael bianchi brighton ma", "michael bianchi boston mayor", "bianchi road bike"], "michael bianchi transportation": false, "michael bianchi": ["michael bianchi boston", "michael bianchi boston mayor", "michael bianchi brighton ma", "michael bianchi mayor"], "michelle wu background": ["michelle wu family", "michelle wu email", "michelle wu instagram", "michelle wu mother", "michelle wu siblings", "michelle wu twitter", "michelle wu linkedin", "michelle wu mayor"], "michelle wu boston": ["michelle wu instagram", "michelle wu boston college", "michelle wu boston globe", "michelle wu boston public schools", "michelle wu family", "michelle wu linkedin", "michelle wu twitter", "michelle wu wikipedia"], "michelle wu COVID": ["michelle wu chinatown"], "michelle wu crime": ["michelle wu announcement", "michelle wu housing", "michelle wu events", "michelle wu child care", "michelle wu siblings", "michelle wu election", "michelle wu mother", "michelle wu campaign"], "michelle wu Education": ["michelle wu education plan", "michelle wu election", "michelle wu salary", "michelle wu family", "michelle wu endorsements", "michelle wu mayor", "michelle wu campaign staff", "michelle wu policies"], "michelle wu endorsement": ["michelle wu instagram", "andrea campbell endorsements", "michelle wu family", "michelle wu twitter", "michelle wu husband", "michelle wu policies", "michelle wu linkedin", "michelle wu mayor"], "michelle wu for mayor": ["michelle wu campaign staff", "michelle wu twitter", "michelle wu endorsements", "michelle wu husband", "michelle wu linkedin", "michelle wu family", "michelle wu campaign manager", "michelle wu siblings"], "michelle wu housing": ["michelle wu child care", "michelle wu announcement", "michelle wu transportation", "michelle wu endorsements", "michelle wu mbta", "michelle wu election", "michelle wu small business", "michelle wu airbnb"], "michelle wu LGBT": ["when was lgbtq created", "lgbtq meaning of each letter", "lgbtq sexualities", "lgbtq day"], "michelle wu mayoral election": ["michelle wu election", "michelle wu husband", "michelle wu twitter", "michelle wu instagram", "michelle wu family", "boston mayoral candidates", "michelle wu campaign staff", "michelle wu endorsements"], "michelle wu MBTA": ["michelle wu instagram", "michelle wu free transit", "michelle wu twitter", "michelle wu transportation", "michelle wu election", "michelle wu housing", "michelle wu announcement", "michelle wu child care"], "michelle wu net worth": ["michelle wu boston husband", "michelle wu instagram", "michelle wu family", "michelle wu age", "michelle wu siblings", "michelle wu mother", "michelle wu wikipedia", "michelle wu twitter"], "michelle wu partner": ["michelle wu instagram", "michelle wu family", "michelle wu siblings", "michelle wu mayor", "michelle wu twitter", "michelle wu wikipedia", "michelle wu age", "michelle wu salary"], "michelle wu police": ["michelle wu election", "michelle wu announcement", "michelle wu child care", "michelle wu east boston", "michelle wu dsa", "michelle wu endorsements", "michelle wu policies", "michelle wu chinatown"], "michelle wu race": ["michelle wu boston husband", "michelle wu mother", "michelle wu instagram", "michelle wu family", "michelle wu jobs", "michelle wu siblings", "michelle wu mayor", "michelle wu twitter"], "michelle wu transportation": ["michelle wu free transit", "michelle wu housing", "michelle wu election", "michelle wu free the t", "michelle wu announcement", "michelle wu dsa", "michelle wu instagram", "michelle wu accomplishments"], "michelle wu": ["michelle wu wikipedia", "michelle wu linkedin", "michelle wu housing", "michelle wu instagram", "michelle wu twitter", "michelle wu clothing", "michelle wu golf", "michelle wu for mayor"]}