{"boston mayoral election": ["boston mayoral election", "boston mayoral election 2021", "boston mayoral election polls", "boston mayoral election primary", "boston mayoral election 2020", "boston mayoral election 2021 polls", "boston mayoral election 2021 dates", "boston mayoral election dates", "boston mayoral election debate", "boston mayoral election 2013", "boston mayoral election 2021 poll", "boston city council election 2021", "boston mayoral race 2021 poll", "boston mayoral race candidates 2021", "when's the next mayoral election", "boston mayoral race polls", "boston mayoral election candidates", "boston mayoral race 2021 polls", "are there any elections in 2021"], "boston mayor candidates": ["boston mayor candidates", "boston mayoral candidates", "boston mayoral candidates poll", "boston mayoral candidates on the issues", "boston mayoral candidates forum", "boston mayoral candidates comparison", "boston mayoral candidates endorsements", "boston mayoral candidates debate", "boston mayoral candidates fundraising", "boston mayoral candidates list", "boston mayoral candidates 2021 polls", "boston mayoral election polls", "boston mayoral election 2021 polls", "boston mayoral candidates forum pathways out of homelessness"], "michelle wu": ["michelle wu", "michelle wu boston mayor", "michelle wu rent control", "michelle wu mayor", "michelle wu husband", "michelle wu twitter", "michelle wu endorsements", "michelle wu campaign manager", "michelle wu polls", "michelle wu city council", "michelle wu boston mayor candidate", "michelle wu boston mayor polls", "michelle wu mayor boston", "michelle wu mayor jobs", "michelle wu boston mayoral candidate", "michelle wu running for mayor"], "andrea campbell": ["andrea campbell", "andrea campbell boston", "andrea campbell husband", "andrea campbell brother", "andrea campbell twitter", "andrea campbell for mayor", "andrea campbell twin brother", "andrea campbell boston husband", "andrea campbell family", "andrea campbell father", "andrea campbell boston city council", "andrea campbell boston latin", "andrea campbell boston mayor", "andrea campbell boston latin school", "andrea campbell boston twitter", "andrea campbell boston globe", "andrea campbell boston public schools", "andrea campbell boston ma", "andrea campbell husband matthew", "andrea campbell brother alvin", "andrea campbell brother andre", "andrea campbell boston brother", "boston city councilor andrea campbell brother", "andrea j campbell twitter"], "dana depelteau": ["dana depelteau", "dana depelteau twitter", "dana depelteau black lives matter", "dana depelteau tweets"], "annissa essaibi george": ["annissa essaibi george", "annissa essaibi george husband", "annissa essaibi george mayor", "annissa essaibi george campaign manager", "annissa essaibi george boston", "annissa essaibi george endorsements", "annissa essaibi george boston globe", "annissa essaibi george family", "annissa essaibi george poll", "annissa essaibi george twitter"], "jon santiago": ["jon santiago", "jon santiago wife", "jon santiago campaign manager", "jon santiago wife alexandra", "jon santiago twitter", "jon santiago state representative", "jon santiago endorsements", "jon santiago age", "jon santiago bio", "jon santiago high school", "jon santiago nationality"], "kim janey": ["kim janey", "kim janey boston", "kim janey twitter", "kim janey news", "kim janey mayor", "kim janey husband", "kim janey campaign", "kim janey daughter", "kim janey campaign manager", "kim janey email", "kim janey boston globe", "kim janey boston herald", "kim janey boston gov", "kim janey boston mayor husband", "kim janey city of boston", "kim janey new mayor of boston", "kim janey boston mayor", "boston mayor kim janey twitter", "kim janey mayor of boston", "kim janey mayor campaign", "kim janey mayor election", "kim janey mayor husband", "kim janey new mayor", "kim janey interim mayor", "mayor kim janey twitter", "kim janey husband age", "kim janey campaign headquarters", "kim janey campaign jobs", "kim janey campaign video", "kim janey campaign ad", "kim janey daughter age", "how old is kim janey daughter"], "michael bianchi": ["michael bianchi", "michael bianchi boston", "michael bianchi brighton ma", "michael bianchi mayor", "michael bianchi obituary", "michael bianchini", "michael bianchino", "michael bianchini obituary", "michael bianchi linkedin", "michael bianchi rbc", "michael bianchi boston mayor", "michael bianchini nomura", "michael bianchini boar's head"], "john barros": ["john barros", "john barros mayor", "john barros wife", "john barros wikipedia", "john barros twitter", "john barros campaign manager", "john barros bio", "john barros political party", "john barros age", "john barros boston globe", "john barros boston wife", "john barros wiki"], "michelle wu boston": ["michelle wu boston", "michelle wu boston mayor", "michelle wu boston husband", "michelle wu boston city council", "michelle wu boston mayor candidate", "michelle wu boston globe", "michelle wu boston mayor polls", "michelle wu boston green new deal", "michelle wu boston latin school", "michelle wu boston city councilor"], "andrea campbell boston": ["andrea campbell boston", "andrea campbell boston husband", "andrea campbell boston city council", "andrea campbell boston latin", "andrea campbell boston mayor", "andrea campbell boston globe", "andrea campbell boston twitter", "andrea campbell boston public schools", "andrea campbell boston ma", "andrea campbell boston age", "andrea campbell boston city council brother", "andrea campbell boston city council president", "boston city councilor andrea campbell brother", "Boston City Councilor Andrea J. Campbell, City Hall Square, Boston, MA", "andrea campbell boston latin school", "City Councilor Andrea J. Campbell, Dorchester Avenue, Boston, Dorchester, MA"], "dana depelteau boston": ["dana depelteau boston"], "annissa essaibi george boston": ["annissa essaibi george boston", "annissa essaibi george boston globe"], "jon santiago boston": ["jon santiago boston", "jon santiago boston globe", "jon santiago boston medical center", "jon santiago boston ma", "dr jon santiago boston medical center", "jon santiago boston mayor"], "kim janey boston": ["kim janey boston", "kim janey boston city council", "kim janey boston globe", "kim janey boston herald", "kim janey boston ma", "kim janey boston mayor husband", "kim janey city of boston", "kim janey new mayor of boston", "kim janey boston mayor", "boston mayor kim janey bio", "boston mayor kim janey twitter", "how old is kim janey the new mayor of boston"], "michael bianchi boston": ["michael bianchi boston", "michael bianchi boston mayor"], "john barros boston": ["john barros boston", "john barros boston wikipedia", "john barros boston globe", "john barros boston wife", "john barros boston school committee", "john barros boston restaurant", "john barros boston ma", "john barros city of boston", "john barros boston mayor"], "michelle wu mayoral election": ["michelle wu mayoral election", "michelle wu mayoral elections", "michelle wu mayor election 2018", "michelle wu mayor election results", "michelle wu mayoral elections 2021", "michelle wu mayor elections", "michelle wu mayor elections 2018", "michelle wu mayor elections chicago", "michelle wu mayor election results 2020", "michelle wu mayor election results 2021", "michelle wu mayor election results 2018"], "andrea campbell mayoral election": ["andrea campbell mayoral election", "andrea campbell mayoral elections", "andrea campbell mayoral election 2021", "andrea campbell mayor election 2018", "andrea campbell mayor election results", "andrea campbell mayoral elections 2021", "andrea campbell mayoral elections massachusetts", "andrea campbell mayoral elections 2018", "andrea campbell mayoral elections chicago", "andrea campbell mayor election results 2020", "andrea campbell mayor election results 2021", "andrea campbell mayor election results 2018"], "dana depelteau mayoral election": ["dana depelteau mayoral election", "dana depelteau mayoral elections", "dana depelteau mayoral election 2021", "dana depelteau mayoral election 2018", "dana depelteau mayoral election 2019", "dana depelteau mayoral elections 2021", "dana depelteau mayoral elections 2018", "dana depelteau mayoral elections chicago", "dana depelteau mayoral election 2018 candidates", "dana depelteau mayoral election 2018 polls", "dana depelteau mayoral election 2019 results", "dana depelteau mayoral election 2019 candidates"], "annissa essaibi george mayoral election": ["annissa essaibi george mayoral election", "annissa essaibi george mayoral election results", "annissa essaibi george mayoral elections", "annissa essaibi george mayoral election 2021", "annissa essaibi george mayor election 2018", "annissa essaibi george mayoral election results 2020", "annissa essaibi george mayoral election results 2021", "annissa essaibi george mayor election results", "annissa essaibi george mayor election results 2018", "annissa essaibi george mayoral elections 2021", "annissa essaibi george mayor elections", "annissa essaibi george mayor elections 2018", "annissa essaibi george mayor elections chicago", "annissa essaibi george mayor election 2021"], "jon santiago mayoral election": ["jon santiago mayoral election", "jon santiago mayoral election 2021", "jon santiago mayoral elections", "jon santiago mayoral election 2018", "jon santiago mayoral election 2019", "jon santiago mayoral elections 2021", "jon santiago mayoral elections 2018", "jon santiago mayoral elections chicago", "jon santiago mayoral election 2018 candidates", "jon santiago mayoral election 2018 polls", "jon santiago mayoral election 2019 results", "jon santiago mayoral election 2019 candidates"], "kim janey mayoral election": ["kim janey mayoral election", "kim janey mayor election"], "michael bianchi mayoral election": ["michael bianchi mayoral election"], "john barros mayoral election": ["john barros mayoral election", "john barros mayoral elections", "john barros mayoral election 2021", "john barros mayor election 2018", "john barros mayor election results", "john barros mayoral elections 2021", "john barros mayor elections", "john barros mayor elections 2018", "john barros mayor elections chicago", "john barros mayor election 2021", "john barros mayor election results 2020", "john barros mayor election results 2021", "john barros mayor election results 2018"], "michelle wu for mayor": ["michelle wu for mayor", "michelle wu running for mayor", "michelle wu mayor jobs", "michelle wu boston mayoral candidate", "michelle wu boston mayor candidate"], "andrea campbell for mayor": ["andrea campbell for mayor"], "dana depelteau for mayor": ["dana depelteau for mayor"], "annissa essaibi george for mayor": ["annissa essaibi george for mayor"], "jon santiago for mayor": ["jon santiago for mayor"], "kim janey for mayor": ["kim janey for mayor", "kim janey for mayor campaign", "kim janey running for mayor", "kim janey mayor husband", "kim janey new mayor", "kim janey new mayor of boston", "kim janey interim mayor", "will kim janey run for mayor", "how old is kim janey the new mayor of boston", "is kim janey running for mayor"], "michael bianchi for mayor": ["michael bianchi for mayor", "michael bianchi boston mayor"], "john barros for mayor": ["john barros for mayor", "john barros mayor 2021"], "michelle wu partner": ["michelle wu partner", "michelle wu partners", "michelle wu partners healthcare"], "andrea campbell partner": ["andrea campbell partner", "andrea campbell partners", "andrea campbell"], "dana depelteau partner": ["dana depelteau partner", "dana depelteau partners", "dana depelteau partners healthcare", "dana depelteau partnership"], "annissa essaibi george partner": ["annissa essaibi george partner", "annissa essaibi", "annissa essaibi george", "annissa essaibi george mayor", "annissa essaibi george husband", "annissa essaibi george endorsements", "annissa essaibi george campaign manager", "annissa essaibi george twitter", "annissa essaibi george family", "annissa essaibi george boston globe", "annissa essaibi george boston"], "jon santiago partner": ["jon santiago partner", "jon santiago partners", "jon santiago partners group"], "kim janey partner": ["kim janey partner"], "michael bianchi partner": ["michael bianchi partner"], "john barros partner": ["john barros partner", "john barros partners", "john barros", "john barros wife"], "michelle wu race": ["michelle wu race", "michelle wu races", "michelle wu races 2021"], "andrea campbell race": ["andrea campbell race", "andrea campbell racer", "andrea campbell race car driver", "andrea campbell"], "dana depelteau race": ["dana depelteau race", "dana depelteau race car driver", "dana depelteau race car driver costume"], "annissa essaibi george race": ["annissa essaibi george race"], "jon santiago race": ["jon santiago race", "jon santiago nationality"], "kim janey race": ["kim janey race", "kim janey", "kim janey boston", "kim janey twitter", "kim janey news", "kim janey mayor", "kim janey husband", "kim janey campaign", "kim janey daughter", "kim janey campaign manager", "kim janey email"], "michael bianchi race": ["michael bianchi race", "michael bianchi race car driver", "michael bianchi race car driver costume"], "john barros race": ["john barros race", "john barros race car driver", "john barros racer", "john barros race cars", "john barros race car driver costume", "john barros", "john barros race cars for sale"], "michelle wu endorsement": ["michelle wu endorsement", "michelle wu endorsements"], "andrea campbell endorsement": ["andrea campbell endorsement", "andrea campbell endorsements"], "dana depelteau endorsement": ["dana depelteau endorsement", "dana depelteau endorsements"], "annissa essaibi george endorsement": ["annissa essaibi george endorsement", "annissa essaibi george endorsements"], "jon santiago endorsement": ["jon santiago endorsement", "jon santiago endorsements"], "kim janey endorsement": ["kim janey endorsement", "kim janey endorsements"], "michael bianchi endorsement": ["michael bianchi endorsement", "michael bianchi endorsements"], "john barros endorsement": ["john barros endorsement", "john barros endorsements", "john barros endorsements 2021"], "michelle wu COVID": ["michelle wu COVID"], "andrea campbell COVID": ["andrea campbell COVID", "andrea campbell covid 19", "andrea campbell covid vaccine", "andrea campbell covid 19 vaccine"], "dana depelteau COVID": ["dana depelteau COVID", "dana depelteau covid vaccine"], "annissa essaibi george COVID": ["annissa essaibi george COVID", "annissa essaibi george covid vaccine", "annissa essaibi"], "jon santiago COVID": ["jon santiago COVID"], "kim janey COVID": ["kim janey COVID", "kim janey covid restrictions", "kim janey covid update", "does wyoming have covid restrictions", "what states have lifted covid restrictions", "are covid restrictions being lifted", "what are the covid-19 restrictions", "did any of the kardashians get covid 19", "did any of the kardashians get the coronavirus", "did any of the kardashians have coronavirus", "did hong kong shut down for covid", "what states do not have covid restrictions", "what states have the least covid restrictions", "what states have lifted covid regulations", "what states have not lifted covid restrictions", "what states have lifted all restrictions for covid-19", "what states have lifted coronavirus restrictions", "are covid restrictions being lifted too soon", "are covid restrictions being lifted in california", "are covid restrictions being lifted in michigan", "are covid restrictions being lifted in ohio", "are covid restrictions being lifted in ny", "are covid restrictions being lifted in oregon", "are covid restrictions being lifted in pa", "are covid restrictions being lifted in va", "are covid restrictions being lifted in florida", "what are the covid-19 restrictions in tennessee", "what are the covid-19 restrictions in pennsylvania", "what are the covid-19 restrictions in michigan", "what are the covid-19 restrictions in hawaii", "what are the covid-19 restrictions in las vegas", "what are the covid-19 restrictions in california", "what are the covid-19 restrictions in maryland", "what are the covid-19 restrictions in minnesota", "what are the covid-19 restrictions in denver colorado"], "michael bianchi COVID": ["michael bianchi COVID", "michael bianchi covid vaccine"], "john barros COVID": ["john barros COVID", "john barros covid 19", "john barros covid 19 vaccine"], "michelle wu transportation": ["michelle wu transportation"], "andrea campbell transportation": ["andrea campbell transportation", "andrea campbell transportation plan"], "dana depelteau transportation": ["dana depelteau transportation"], "annissa essaibi george transportation": ["annissa essaibi george transportation"], "jon santiago transportation": ["jon santiago transportation"], "kim janey transportation": ["kim janey transportation", "kim janey transportation committee", "kim janey transportation committee members"], "michael bianchi transportation": ["michael bianchi transportation", "michael bianchi llc"], "john barros transportation": ["john barros transportation", "john barros", "john barros campaign", "john barros mayor", "john barros wife", "john barros wikipedia", "john barros twitter", "john barros campaign manager", "john barros bio", "john barros political party", "john barros age", "john barros city of boston"], "michelle wu MBTA": ["michelle wu MBTA", "michelle wu mbta"], "andrea campbell MBTA": ["andrea campbell MBTA", "andrea campbell boston", "andrea campbell boston ma", "andrea campbell boston husband", "andrea campbell boston city council", "andrea campbell boston latin", "andrea campbell boston mayor", "andrea campbell boston globe", "andrea campbell boston latin school", "andrea campbell boston twitter", "andrea campbell boston age", "Boston City Councilor Andrea J. Campbell, City Hall Square, Boston, MA", "City Councilor Andrea J. Campbell, Dorchester Avenue, Boston, Dorchester, MA"], "dana depelteau MBTA": ["dana depelteau MBTA"], "annissa essaibi george MBTA": ["annissa essaibi george MBTA", "annissa essaibi george campaign", "annissa essaibi george", "annissa essaibi george boston", "annissa essaibi george for mayor", "annissa essaibi george campaign manager", "annissa essaibi george campaign office", "annissa essaibi george mayor", "annissa essaibi george husband", "annissa essaibi george endorsements", "annissa essaibi george twitter", "annissa essaibi george family", "annissa essaibi george boston globe", "annissa essaibi george wiki"], "jon santiago MBTA": ["jon santiago MBTA"], "kim janey MBTA": ["kim janey MBTA", "kim janey", "kim janey boston", "kim janey twitter", "kim janey news", "kim janey mayor", "kim janey husband", "kim janey campaign", "kim janey daughter", "kim janey campaign manager", "kim janey email"], "michael bianchi MBTA": ["michael bianchi MBTA"], "john barros MBTA": ["john barros MBTA"], "michelle wu Education": ["michelle wu Education", "michelle wu education", "michelle wu education plan"], "andrea campbell Education": ["andrea campbell Education", "andrea campbell education", "andrea campbell education plan"], "dana depelteau Education": ["dana depelteau Education"], "annissa essaibi george Education": ["annissa essaibi george Education", "annissa essaibi george education"], "jon santiago Education": ["jon santiago Education"], "kim janey Education": ["kim janey Education", "kim janey education", "kim janey education background", "kim janey educational background"], "michael bianchi Education": ["michael bianchi Education", "michael bianchi", "michael bianchi llc", "michael bianchi boston", "michael bianchi brighton ma", "michael bianchi mayor", "michael bianchi obituary", "michael bianchini", "michael bianchino", "michael bianchini obituary", "michael bianchi linkedin", "michael bianchi rbc"], "john barros Education": ["john barros Education", "john barros education"], "michelle wu LGBT": ["michelle wu LGBT"], "andrea campbell LGBT": ["andrea campbell LGBT", "andrea campbell lgbtq", "andrea campbell"], "dana depelteau LGBT": ["dana depelteau LGBT", "dana depelteau lgbtq"], "annissa essaibi george LGBT": ["annissa essaibi george LGBT", "annissa essaibi george lgbtq", "annissa essaibi"], "jon santiago LGBT": ["jon santiago LGBT", "jon santiago lgbtq"], "kim janey LGBT": ["kim janey LGBT", "kim janey lgbtq", "kim janey"], "michael bianchi LGBT": ["michael bianchi LGBT"], "john barros LGBT": ["john barros LGBT", "john barros lgbtq"], "michelle wu background": ["michelle wu background"], "andrea campbell background": ["andrea campbell background"], "dana depelteau background": ["dana depelteau background", "dana depelteau background check", "dana depelteau background information", "dana depelteau background checks"], "annissa essaibi george background": ["annissa essaibi george background", "annissa essaibi george bio"], "jon santiago background": ["jon santiago background", "jon santiago background check", "jon santiago backgrounds"], "kim janey background": ["kim janey background"], "michael bianchi background": ["michael bianchi background", "michael bianchi background check", "michael bianchi background checks"], "john barros background": ["john barros background", "john barros background check", "john barros backgrounds", "john barros background checks", "john barros"], "michelle wu net worth": ["michelle wu net worth", "how much is michelle mone worth", "how much is michelle worth", "how much is baroness michelle mone worth", "michelle mone how much is she worth", "how much is michelle money worth", "how much is michelle worth from destiny's child", "how much is michelle obama worth", "how much is michelle keegan worth", "how much is michelle pfeiffer worth", "how much is k michelle worth", "how much is michelle visage worth", "how much is michelle williams worth", "how much is michelle rodriguez worth"], "andrea campbell net worth": ["andrea campbell net worth", "andrea campbell net worth 2018"], "dana depelteau net worth": ["dana depelteau net worth", "dana depelteau net worth 2018", "dana depelteau net worth 2018 forbes"], "annissa essaibi george net worth": ["annissa essaibi george net worth", "annissa essaibi george net worth 2018", "annissa essaibi george net worth forbes", "annissa essaibi george net worth forbes 2018"], "jon santiago net worth": ["jon santiago net worth"], "kim janey net worth": ["kim janey net worth", "how much is kim worth", "how rich is kim", "how much is kim west worth", "what is kim's net worth", "how much is kim worth 2020", "how much is kim zolciak worth", "how much is lil kim worth", "how much is kim richards worth", "how much is kim kardashian worth 2021", "how much is kim biermann worth", "how much is kim fields worth", "how much is kim basinger worth", "how much is kim cattrall worth", "how much is kim west worth 2020", "how much is kim and kanye west worth", "how much is kim kardashian and kanye west worth together", "how much money is kim kardashian west worth", "how much is kanye west worth without kim kardashian", "how much is kanye west worth without kim", "how much is kim kardashian west worth", "how much is west worth", "what is kim richards net worth", "what is lil kim's net worth", "what is kim fields net worth", "what is kim zolciak net worth", "what is kim biermann's net worth", "what is kim taehyung net worth", "what is kim wayans net worth", "what is kim kardashian's net worth 2021", "what is kim basinger's net worth"], "michael bianchi net worth": ["michael bianchi net worth", "mike bianchi net worth", "how much is mike worth", "how much money is mike brewer worth", "how much is mike and ike worth", "how much is mike francesa worth", "how much is mike worth on american pickers", "how much is mike worth on shahs of sunset", "how much is mike worth from jersey shore", "how much is mike worth on counting cars", "how much is mike worth on moonshiners", "how much is mike worth on the pickers", "how much is worth mike tyson", "how much is mike bloomberg worth", "how much is mike lindell worth", "how much is mike brewer worth", "what is mike brewer net worth", "how rich is mike brewer", "mike and ike net worth", "who makes mike and ike", "what is mike and ike", "what happened between mike and ike", "how much is mike francesa net worth", "what is mike francesa net worth"], "john barros net worth": ["john barros net worth"], "michelle wu crime": ["michelle wu crime", "michelle wu crime junkie", "michelle wu crime scene", "michelle wu crime and punishment", "michelle wu crime scene photos", "michelle wu crime junkie website", "michelle wu crime scene investigator", "michelle wu crime and punishment summary", "michelle wu crime and punishment sparknotes"], "andrea campbell crime": ["andrea campbell crime", "andrea campbell crime junkie", "andrea campbell crime scene", "andrea campbell crimes", "andrea campbell crime and punishment", "andrea campbell crime junkies", "andrea campbell crime junkie podcast", "andrea campbell crime junkie website", "andrea campbell crime scene photos", "andrea campbell crime scene investigator", "andrea campbell", "andrea campbell crime and punishment summary", "andrea campbell crime and punishment pdf", "andrea campbell crime and punishment sparknotes"], "dana depelteau crime": ["dana depelteau crime", "dana depelteau crime and punishment", "dana depelteau crime scene photos", "dana depelteau crime scene", "dana depelteau crime junkie", "dana depelteau crime and punishment summary", "dana depelteau crime and punishment sparknotes", "dana depelteau crime scene investigator", "dana depelteau crime junkies", "dana depelteau crime junkie podcast", "dana depelteau crime junkie website"], "annissa essaibi george crime": ["annissa essaibi george crime", "annissa essaibi george crime scene photos", "annissa essaibi george crime junkie", "annissa essaibi george crimes", "annissa essaibi george crime and punishment", "annissa essaibi george crime junkies", "annissa essaibi george crime junkie podcast", "annissa essaibi george crime junkie website", "annissa essaibi", "annissa essaibi george crime and punishment summary", "annissa essaibi george crime and punishment sparknotes"], "jon santiago crime": ["jon santiago crime", "jon santiago crime junkie", "jon santiago crime scene", "jon santiago crime junkies", "jon santiago crime junkie podcast", "jon santiago crime junkie website", "jon santiago crime scene photos", "jon santiago crime scene investigator"], "kim janey crime": ["kim janey crime", "kim janey crimes", "kim janey crime bill", "kim janey crimes against nature"], "michael bianchi crime": ["michael bianchi crime"], "john barros crime": ["john barros crime", "john barros crime junkie", "john barros crime scene", "john barros crimes", "john barros crime scene photos", "john barros crime junkies", "john barros crime junkie podcast", "john barros crime junkie website", "john barros crime scene investigator", "john barros crimes of grindelwald"], "michelle wu police": ["michelle wu police"], "andrea campbell police": ["andrea campbell police"], "dana depelteau police": ["dana depelteau police", "dana depelteau police officer", "dana depelteau police report", "dana depelteau police log", "dana depelteau police officer killed", "dana depelteau police reports", "dana depelteau police report online", "dana depelteau police logs", "dana depelteau police log 2018"], "annissa essaibi george police": ["annissa essaibi george police"], "jon santiago police": ["jon santiago police", "jon santiago police officer", "jon santiago police report", "jon santiago police officer killed", "jon santiago police reports", "jon santiago police report lexington ma", "jon santiago police report online"], "kim janey police": ["kim janey police"], "michael bianchi police": ["michael bianchi police", "michael bianchi police officer", "michael bianchi police report", "michael bianchi police officer killed", "michael bianchi police reports", "michael bianchi police report lexington ma", "michael bianchi police report online"], "john barros police": ["john barros police", "john barros police officer", "john barros police chief", "john barros police officer killed"], "michelle wu housing": ["michelle wu housing"], "andrea campbell housing": ["andrea campbell housing"], "dana depelteau housing": ["dana depelteau housing"], "annissa essaibi george housing": ["annissa essaibi george housing"], "jon santiago housing": ["jon santiago housing", "jon santiago", "jon santiago wife", "jon santiago campaign manager", "jon santiago wife alexandra", "jon santiago twitter", "jon santiago state representative", "jon santiago endorsements", "jon santiago age", "jon santiago bio", "jon santiago high school"], "kim janey housing": ["kim janey housing"], "michael bianchi housing": ["michael bianchi housing", "michael bianchi housing trust", "michael bianchi housing trust fund", "michael bianchi housing trust jamaica"], "john barros housing": ["john barros housing", "john barros housing trust", "john barros housing trust fund", "john barros housing trust jamaica"]}