{"boston mayoral election": ["boston mayoral election results", "boston mayoral primary results", "boston mayoral polls", "boston mayoral election primary", "boston mayoral election results 2021", "boston mayoral election 2021 polls", "boston mayoral debate", "boston mayoral candidates on the issues", "boston mayoral candidates"], "boston mayor candidates": ["boston mayoral candidates quiz", "boston mayoral primary results", "boston mayoral election results", "boston mayoral candidates party affiliation", "boston mayoral primary election", "boston mayoral candidates on the issues", "boston mayoral polls", "boston mayoral election 2021 polls", "boston mayoral election"], "michelle wu": ["michelle wu instagram", "michelle wu, boston husband", "michelle wu twitter", "michelle wu linkedin", "michelle wu mayor", "michelle wu family", "michelle wu polls", "michelle wu salary", "conor pewarski"], "andrea campbell": ["andrea campbell wikipedia", "andrea campbell bio", "who is andrea campbell husband", "andrea campbell father", "andrea campbell brother", "andrea campbell family", "andrea campbell twin brother", "andrea campbell parents", "andrea campbell husband"], "annissa essaibi george": ["annissa essaibi george net worth", "annissa essaibi george father", "annissa essaibi george parents", "annissa essaibi george ethnicity", "annissa essaibi george twitter", "annissa essaibi george website", "annissa essaibi george siblings", "annissa essaibi george endorsements", "michelle wu husband"], "jon santiago": ["jon santiago photographer", "jon santiago instagram", "jon santiago wife", "jon santiago high school", "jon santiago age", "jon santiago district", "jon santiago campaign", "jon santiago mayor", "boston globe"], "kim janey": ["kim janey political views", "mayor kim janey", "who is kim janey husband", "kim janey wikipedia", "kim janey net worth", "kim janey campaign", "kim janey age", "kim janey family", "kim janey husband"], "michael bianchi": ["michael bianchi boston", "michael bianchi actor", "michael bianchi obituary", "michael bianchi boston city council", "liz breadon", "michael bianchi architect", "michael j bianchi boston city council", "eric porter boston city council", "Mike Bianchi"], "john barros": ["john barros wikipedia", "john barros political party", "john barros restaurant", "john barros boston wikipedia", "john barros wife", "john barros website", "john barros family", "john barros bio", "john barros boston"], "michelle wu boston": ["michelle wu, boston husband", "michelle wu instagram", "michelle wu boston latin", "michelle wu, boston mayor", "michelle wu boston mayor age", "michelle wu boston mayor husband", "michelle wu family", "where does michelle wu live", "conor pewarski"], "andrea campbell boston": ["andrea campbell boston husband", "andrea campbell boston brother", "andrea campbell boston father", "who is andrea campbell husband", "andrea campbell boston public schools", "andrea campbell twin brother", "andrea campbell wiki", "andrea campbell father", "boston mayoral candidates"], "dana depelteau boston": ["dana depelteau black lives matter", "dana depelteau twitter", "dana depelteau for mayor", "dana depelteau tweets", "calla walsh"], "annissa essaibi george boston": ["annissa essaibi george net worth", "annissa essaibi george boston globe", "annissa essaibi george website", "annissa essaibi george parents", "annissa essaibi george father", "annissa essaibi george twitter", "annissa essaibi george ethnicity", "annissa essaibi george staff"], "jon santiago boston": ["jon santiago boston globe", "jon santiago wife", "jon santiago campaign manager", "jon santiago endorsements", "jon santiago high school", "jon santiago twitter", "jon santiago facebook", "jon santiago wife alexandra"], "kim janey boston": ["kim janey for mayor", "kim janey campaign website", "kim janey age", "kim janey for mayor campaign", "kim janey campaign headquarters", "kim janey political views", "kim janey partner", "who is kim janey husband", "kim janey husband"], "michael bianchi boston": ["liz breadon", "eric porter boston", "eric porter boston city council", "liz breadon boston city council"], "john barros boston": ["john barros boston wikipedia", "john barros boston wife", "john barros boston restaurant", "john barros boston political party", "john barros boston globe", "john barros wife", "john barros wiki", "john barros for mayor website", "andrea campbell boston"], "michelle wu mayoral election": ["who is michelle wu husband", "michelle wu family", "michelle wu instagram", "michelle wu political party", "where does michelle wu live", "michelle wu wikipedia", "michelle wu campaign", "michelle wu siblings"], "andrea campbell mayoral election": ["who is andrea campbell husband", "andrea campbell brother andre", "andrea campbell campaign manager", "andrea campbell family", "andrea campbell twin brother", "andrea campbell bio", "andrea campbell husband matthew", "andrea campbell parents"], "dana depelteau mayoral election": ["boston mayoral candidates 2021", "boston mayoral election 2020", "boston mayoral election results", "dana depelteau black lives matter", "dana depelteau twitter", "boston mayoral candidates party affiliation", "boston mayoral election 2021 polls", "dana depelteau tweets"], "annissa essaibi george mayoral election": ["annissa essaibi george staff", "annissa essaibi george campaign website", "annissa essaibi george father", "annissa essaibi george endorsements", "annissa essaibi george ethnicity", "annissa essaibi george twitter", "annissa essaibi george net worth", "annissa essaibi george campaign manager"], "jon santiago mayoral election": ["jon santiago campaign manager", "jon santiago wife", "jon santiago for mayor", "jon santiago endorsements"], "kim janey mayoral election": ["kim janey for mayor", "kim janey political views", "boston mayoral election", "kim janey campaign website", "kim janey husband", "kim janey age", "kim janey partner", "kim janey family"], "michael bianchi mayoral election": ["michael bianchi boston"], "john barros mayoral election": ["john barros political party", "boston mayoral election", "john barros boston political party", "john barros wife", "boston mayoral candidates on the issues", "john barros boston wikipedia", "boston mayoral election 2021 polls", "john barros boston mayor"], "michelle wu for mayor": ["michelle wu, boston husband", "michelle wu family", "michelle wu instagram", "michelle wu political party", "michelle wu salary", "where does michelle wu live", "michelle wu siblings", "michelle wu mother", "Michelle Wu"], "andrea campbell for mayor": ["andrea campbell family", "andrea campbell brother", "andrea campbell father", "who is andrea campbell husband", "andrea campbell parents", "andrea campbell wikipedia", "andrea campbell twin brother", "andrea campbell bio"], "dana depelteau for mayor": ["dana depelteau black lives matter", "dana depelteau twitter", "dana depelteau tweets", "calla walsh"], "annissa essaibi george for mayor": ["annissa essaibi george father", "annissa essaibi george net worth", "annissa essaibi george campaign website", "annissa essaibi george ethnicity", "annissa essaibi george staff", "annissa essaibi george parents", "annissa essaibi george endorsements", "annissa essaibi george campaign manager"], "jon santiago for mayor": ["jon santiago campaign manager", "jon santiago wife", "jon santiago photographer", "jon santiago endorsements", "jon santiago twitter", "jon santiago state representative", "jon santiago wife alexandra", "jon santiago facebook"], "kim janey for mayor": ["kim janey for mayor campaign", "kim janey campaign website", "kim janey age", "kim janey political views", "who is kim janey husband", "kim janey campaign manager", "kim janey campaign headquarters", "kim janey partner", "michelle wu mayor"], "michael bianchi for mayor": ["liz breadon", "eric porter boston city council", "liz breadon boston city council", "bianchi road bike"], "john barros for mayor": ["john barros for mayor website", "john barros political party", "john barros wife", "john barros family", "john barros wiki", "john barros bio", "john barros campaign manager", "john barros boston mayor"], "michelle wu partner": ["michelle wu family", "michelle wu instagram", "is michelle wu related to janet wu", "michelle wu siblings", "where does michelle wu live", "michelle wu boston mayor husband", "michelle wu salary", "michelle wu mayor"], "andrea campbell partner": ["andrea campbell family", "andrea campbell father", "andrea campbell brother andre", "andrea campbell bio", "andrea campbell parents", "andrea campbell twin brother", "andrea campbell wikipedia", "andrea campbell boston husband"], "dana depelteau partner": ["dana depelteau tweets", "dana depelteau twitter", "calla walsh"], "annissa essaibi george partner": ["annissa essaibi george net worth", "annissa essaibi george father", "annissa essaibi george ethnicity", "annissa essaibi george parents", "annissa essaibi george siblings", "annissa essaibi george mother", "annissa essaibi george age", "annissa essaibi george staff"], "jon santiago partner": ["jon santiago wife", "jon santiago wife alexandra", "jon santiago campaign manager", "jon santiago boston", "jon santiago endorsements", "jon santiago instagram", "jon santiago facebook", "jon santiago high school"], "kim janey partner": ["is mayor kim janey married", "mayor kim janey husband", "kim janey parents nationality", "kim janey for mayor", "kim janey net worth", "kim janey political views", "kim janey wikipedia", "how old is kim janey daughter"], "michael bianchi partner": ["michael bianchi llc", "michael bianchi", "michael bianchi actor"], "john barros partner": ["john barros political party", "john barros wiki", "john barros boston", "john barros email", "john barros bc high", "john barros campaign manager", "john barros boston political party", "andrea campbell"], "michelle wu race": ["michelle wu, boston husband", "michelle wu mother", "michelle wu instagram", "michelle wu family", "michelle wu siblings", "michelle wu salary", "michelle wu mayor", "michelle wu twitter"], "andrea campbell race": ["andrea campbell parents", "andrea campbell father", "who is andrea campbell husband", "andrea campbell family", "andrea campbell bio", "andrea campbell twin brother", "andrea campbell brother", "andrea campbell wikipedia"], "dana depelteau race": ["who is running for boston mayor", "boston mayoral race candidates 2021", "boston mayoral polls", "dana depelteau mayor", "boston mayoral election 2020", "boston mayoral candidates party affiliation", "boston mayoral candidates on the issues", "michelle wu, boston mayor"], "annissa essaibi george race": ["annissa essaibi george parents", "annissa essaibi george net worth", "annissa essaibi george father", "annissa essaibi george staff", "annissa essaibi george siblings", "annissa essaibi george twitter", "annissa essaibi george endorsements", "annissa essaibi george boston globe"], "jon santiago race": ["jon santiago photographer", "jon santiago wife", "jon santiago campaign", "jon santiago endorsements", "jon santiago campaign manager", "jon santiago mayor", "santiago mayer", "john barros"], "kim janey race": ["michelle wu, boston mayor", "kim janey for mayor", "kim janey campaign", "kim janey for mayor campaign", "kim janey political views", "kim janey campaign website", "kim janey husband", "kim janey campaign manager"], "michael bianchi race": ["michael bianchi mayor", "bianchi road bike"], "john barros race": ["john barros wife", "john barros political party", "john barros boston wikipedia", "john barros boston wife", "john barros boston political party", "andrea campbell", "john barros email", "tchintcia barros"], "michelle wu endorsement": ["michelle wu instagram", "andrea campbell endorsements", "michelle wu twitter", "michelle wu family", "michelle wu policies", "michelle wu husband", "michelle wu mother", "michelle wu linkedin"], "andrea campbell endorsement": ["andrea campbell husband", "andrea campbell fellowship", "andrea campbell housing", "andrea campbell campaign manager", "andrea campbell twitter", "michelle wu endorsements", "andrea campbell obituary", "andrea campbell events"], "dana depelteau endorsement": ["boston mayoral candidates 2021", "boston mayoral election 2020", "dana depelteau mayor", "boston mayoral election candidates", "boston mayoral candidates on the issues", "boston mayoral election 2021 polls", "boston mayoral candidates party affiliation", "boston mayoral polls"], "annissa essaibi george endorsement": ["annissa essaibi george business", "annissa essaibi george commercial", "conor pewarski", "annissa essaibi george pronunciation", "annissa essaibi george house"], "jon santiago endorsement": ["jon santiago wife", "jon santiago campaign manager"], "kim janey endorsement": ["kim janey endorsements"], "michael bianchi endorsement": ["michael bianchi boston city council", "michael j bianchi boston city council", "michael bianchi mayor", "liz breadon", "michael bianchi brighton ma", "eric porter boston city council"], "john barros endorsement": ["john barros wife", "john barros boston political party", "john barros political party", "john barros age", "john barros wiki", "john barros family", "john barros email", "tchintcia barros"], "michelle wu COVID": ["michelle wu covid", "michelle wu covid stance", "winners during covid"], "andrea campbell COVID": ["andrea campbell covid"], "dana depelteau COVID": ["dana depelteau black lives matter", "dana depelteau twitter", "dana depelteau tweets", "calla walsh"], "annissa essaibi george COVID": [], "jon santiago COVID": ["jon santiago"], "kim janey COVID": ["mask mandate boston", "massachusetts indoor mask mandate", "massachusetts mask mandate 2021", "mask mandate cambridge, ma", "cdc covid cruise ships", "regeneron monoclonal antibody covid-19", "nyc mask mandate", "when will boston mask mandate end"], "michael bianchi COVID": ["michael bianchi boston", "michael bianchi boston city council", "michael bianchi mayor", "michael bianchi city council", "michael j bianchi boston city council", "michael bianchi brighton ma", "liz breadon", "eric porter boston city council"], "john barros COVID": ["john barros covid"], "michelle wu transportation": ["michelle wu signature collection", "michelle wu free the t", "michelle wu housing", "michelle wu accomplishments", "michelle wu announcement", "michelle wu commercial", "michelle wu lawn sign", "michelle wu election"], "andrea campbell transportation": ["andrea campbell transportation plan", "andrea campbell campaign manager", "andrea campbell husband", "andrea campbell campaign jobs", "andrea campbell obituary", "andrea campbell events", "andrea campbell endorsements", "andrea campbell housing"], "dana depelteau transportation": ["calla walsh wikipedia", "calla walsh parents", "boston mayoral candidates 2021", "when is the boston mayoral primary", "boston mayoral election 2020", "boston mayoral candidates party affiliation", "boston mayoral candidates on the issues", "boston mayoral polls"], "annissa essaibi george transportation": ["annissa essaibi george staff", "annissa essaibi george father", "annissa essaibi george commercial", "annissa essaibi george endorsements", "annissa essaibi george ethnicity", "annissa essaibi george parents", "annissa essaibi george website", "annissa essaibi george twitter"], "jon santiago transportation": ["jon santiago campaign manager", "jon santiago wife", "jon santiago endorsements", "jon santiago wife alexandra", "jon santiago high school", "john barros", "jon santiago boston mayor", "john barros boston"], "kim janey transportation": ["kim janey family", "kim janey city council", "kim janey mayor", "kim janey policies"], "michael bianchi transportation": ["michael bianchi llc", "michael bianchi", "michael bianchi boston"], "john barros transportation": ["john barros wiki", "john barros wife", "john barros boston", "john barros email", "john barros age", "john barros family"], "michelle wu MBTA": ["michelle wu signature collection", "michelle wu transportation", "michelle wu accomplishments", "michelle wu election", "michelle wu announcement", "michelle wu housing", "michelle wu events", "michelle wu child care"], "andrea campbell MBTA": ["andrea campbell bio", "andrea campbell husband", "andrea campbell brother andre", "andrea campbell boston husband", "andrea campbell obituary", "andrea campbell family", "andre campbell obituary", "andrea campbell twin brother"], "dana depelteau MBTA": ["dana depelteau black lives matter", "dana depelteau twitter", "dana depelteau tweets", "calla walsh"], "annissa essaibi george MBTA": ["annissa essaibi george net worth", "annissa essaibi george father", "annissa essaibi george twitter", "annissa essaibi george boston globe", "annissa essaibi george ethnicity", "annissa essaibi george website", "annissa essaibi george staff", "annissa essaibi george parents"], "jon santiago MBTA": ["jon santiago wife", "jon santiago endorsements", "jon santiago photographer", "jon santiago wife alexandra", "jon santiago age", "jon santiago campaign manager", "jon santiago boston globe", "jon santiago mayor"], "kim janey MBTA": ["kim janey for mayor", "kim janey husband", "kim janey age", "kim janey for mayor campaign", "kim janey political views", "kim janey father", "kim janey campaign website", "kim janey boston"], "michael bianchi MBTA": ["michael bianchi boston", "michael bianchi boston city council", "liz breadon", "eric porter boston city council", "michael j bianchi boston city council", "liz breadon boston city council"], "john barros MBTA": ["john barros for mayor website", "john barros wife", "john barros boston globe", "john barros boston wikipedia", "john barros boston wife", "john barros wiki", "john barros age", "john barros political party"], "michelle wu Education": ["michelle wu education plan", "michelle wu family", "who is michelle wu husband", "michelle wu salary", "is michelle wu married", "michelle wu instagram", "is michelle wu related to janet wu", "michelle wu wikipedia"], "andrea campbell Education": ["who is andrea campbell husband", "andrea campbell family", "andrea campbell bio", "andrea campbell father", "andrea campbell brother andre", "andrea campbell wikipedia", "andrea campbell education plan", "andrea campbell parents"], "dana depelteau Education": ["dana depelteau black lives matter", "dana depelteau tweets", "dana depelteau twitter", "michelle wu", "calla walsh"], "annissa essaibi george Education": ["annissa essaibi george net worth", "annissa essaibi george parents", "annissa essaibi george nationality", "annissa essaibi george siblings", "annissa essaibi george staff", "annissa essaibi george father", "annissa essaibi george website", "annissa essaibi george family"], "jon santiago Education": ["jon santiago photographer", "jon santiago wife", "jon santiago bio", "john barros", "jon santiago mayor", "jon santiago campaign manager", "jon santiago age", "jon santiago high school"], "kim janey Education": ["kim janey age", "kim janey for mayor", "who is kim janey husband", "kim janey net worth", "kim janey campaign website", "kim janey political views", "kim janey family", "kim janey partner"], "michael bianchi Education": ["michael bianchi", "michael bianchi llc", "michael bianchi boston"], "john barros Education": ["john barros political party", "john barros wife", "john barros for mayor", "john barros wiki", "john barros age", "john barros bio", "john barros boston wikipedia", "john barros website"], "michelle wu LGBT": ["when was lgbtq created", "lgbtq day", "lgbt shows", "lgbtq sexualities"], "andrea campbell LGBT": ["when was lgbtq created", "lgbtq day", "lgbtq sexualities", "lgbt symbols"], "dana depelteau LGBT": ["when was lgbtq created", "lgbtq day", "lgbtq sexualities", "lgbtq meaning of each letter"], "annissa essaibi george LGBT": [], "jon santiago LGBT": ["when was lgbtq created", "lgbtq day", "lgbtq sexualities", "lgbt shows"], "kim janey LGBT": ["kim janey political views"], "michael bianchi LGBT": ["when was lgbtq created", "lgbtq day", "lgbt symbols", "lgbtq sexualities"], "john barros LGBT": ["when was lgbtq created", "lgbtq day", "lgbtq sexualities", "lgbtq meaning of each letter"], "michelle wu background": ["michelle wu family", "michelle wu salary", "michelle wu instagram", "michelle wu siblings", "michelle wu, boston husband", "michelle wu mother", "is michelle wu related to janet wu", "michelle wu linkedin"], "andrea campbell background": ["andrea campbell family", "andrea campbell father", "andrea campbell brother", "andrea campbell wikipedia", "who is andrea campbell husband", "andrea campbell parents", "andrea campbell twin brother", "andrea campbell age"], "dana depelteau background": ["dana depelteau black lives matter", "john barros", "dana depelteau tweets", "kim janey", "dana depelteau twitter", "michelle wu", "calla walsh", "annissa essaibi george"], "annissa essaibi george background": ["annissa essaibi george father", "annissa essaibi george net worth", "annissa essaibi george siblings", "annissa essaibi george staff", "ezzeddine essaibi", "annissa essaibi george parents", "annissa essaibi george campaign website", "annissa essaibi george mayor"], "jon santiago background": ["john barros", "jon santiago wife", "jon santiago campaign manager", "jon santiago endorsements", "jon santiago mayor", "jon santiago photographer", "jon santiago high school", "jon santiago age"], "kim janey background": ["who is kim janey husband", "kim janey age", "kim janey campaign", "kim janey campaign website", "kim janey for mayor", "kim janey family", "kim janey campaign manager", "kim janey wiki"], "michael bianchi background": ["michael bianchi", "michael bianchi actor", "michael bianchi llc"], "john barros background": ["john barros political party", "john barros wiki", "john barros email", "john barros boston political party", "john barros campaign manager", "john barros bc high", "john barros boston restaurant", "andrea campbell"], "michelle wu net worth": ["michelle wu, boston husband", "michelle wu family", "michelle wu instagram", "michelle wu age", "michelle wu siblings", "where does michelle wu live", "is michelle wu married", "michelle wu mother"], "andrea campbell net worth": ["who is andrea campbell husband", "andrea campbell family", "andrea campbell twin brother", "andrea campbell wikipedia", "andrea campbell father", "andrea campbell husband matthew", "andrea campbell brother", "andrea campbell bio"], "dana depelteau net worth": ["dana depelteau black lives matter", "dana depelteau tweets", "boston mayoral primary 2021 date", "dana depelteau twitter", "boston mayoral polls", "boston mayoral poll 2021", "boston mayoral election 2020", "dana depelteau for mayor"], "annissa essaibi george net worth": ["annissa essaibi george ethnicity", "annissa essaibi george parents", "annissa essaibi george father", "annissa essaibi george age", "annissa essaibi george endorsements", "annissa essaibi george staff", "where does annissa essaibi george live", "annissa essaibi george mother"], "jon santiago net worth": ["jon santiago wife", "jon santiago endorsements", "jon santiago campaign manager", "jon santiago wife alexandra", "john barros", "jon santiago age", "jon santiago high school", "jon santiago photographer"], "kim janey net worth": ["kim janey age", "who is kim janey husband", "kim janey partner", "kim janey salary", "kim janey parents nationality", "kim janey for mayor", "kim janey family", "how old is kim janey daughter"], "michael bianchi net worth": ["michael bianchi llc", "michael bianchi actor", "michael bianchi"], "john barros net worth": ["john barros wife", "john barros wikipedia", "john barros boston"], "michelle wu crime": ["michelle wu announcement", "michelle wu signature collection", "michelle wu housing", "michelle wu events", "michelle wu child care", "michelle wu commercial", "michelle wu opioid", "michelle wu campaign"], "andrea campbell crime": ["who is andrea campbell husband", "andrea campbell bio", "andrea campbell twin brother", "andrea campbell family", "andrea campbell boston husband", "andrea campbell brother", "andrea campbell father", "andrea campbell wikipedia"], "dana depelteau crime": ["dana depelteau black lives matter", "dana depelteau mayor", "dana depelteau tweets", "dana depelteau twitter", "dana depelteau boston", "calla walsh"], "annissa essaibi george crime": ["annissa essaibi george endorsements", "annissa essaibi george commercial"], "jon santiago crime": ["santiago chile", "where is santiago"], "kim janey crime": ["kim janey for mayor", "kim janey husband", "marty walsh"], "michael bianchi crime": ["michael bianchi", "michael bianchi llc"], "john barros crime": ["john barros mayor", "john barros campaign", "john barros boston", "john barros", "john barros massachusetts"], "michelle wu police": ["michelle wu announcement", "michelle wu election", "michelle wu commercial", "michelle wu signature collection", "michelle wu policies", "michelle wu accomplishments", "michelle wu housing", "michelle wu child care"], "andrea campbell police": ["andrea campbell husband", "andrea campbell brother", "andrea campbell obituary", "andrea campbell events", "andrea campbell endorsements", "andrea campbell housing", "andrea campbell fellowship", "andrea campbell covid"], "dana depelteau police": [], "annissa essaibi george police": ["annissa essaibi george commercial", "annissa essaibi george endorsements", "annissa essaibi george business"], "jon santiago police": [], "kim janey police": [], "michael bianchi police": ["michael bianchi boston", "michael bianchi boston city council", "michael bianchi boston mayor", "liz breadon", "michael bianchi brighton ma", "michael j bianchi boston city council", "eric porter boston city council"], "john barros police": ["john barros campaign", "john barros mayor", "john barros"], "michelle wu housing": ["where does michelle wu live", "michelle wu husband", "michelle wu child care", "michelle wu announcement", "michelle wu commercial", "michelle wu zoning", "michelle wu mother", "michelle wu policies"], "andrea campbell housing": ["andrea campbell husband", "andrea campbell obituary", "andrea campbell endorsements", "andrea campbell fellowship", "andrea campbell boston public schools", "andrea campbell events", "andrea campbell covid", "andrea campbell campaign jobs"], "dana depelteau housing": ["dana depelteau black lives matter", "dana depelteau tweets", "dana depelteau twitter", "dana depelteau for mayor", "boston mayoral polls", "calla walsh", "john barros", "michelle wu"], "annissa essaibi george housing": ["annissa essaibi george ethnicity", "annissa essaibi george staff", "annissa essaibi george campaign website", "annissa essaibi george endorsements", "where does annissa essaibi george live", "annissa essaibi george parents", "annissa essaibi george father", "annissa essaibi george twitter"], "jon santiago housing": ["jon santiago wife", "john barros", "jon santiago endorsements", "jon santiago campaign manager", "jon santiago wife alexandra", "jon santiago mayor", "jon santiago photographer", "jon santiago facebook"], "kim janey housing": ["kim janey campaign website", "kim janey campaign headquarters", "kim janey campaign manager", "who is kim janey husband", "kim janey kimesha", "kim janey for mayor", "kim janey partner", "kim janey family"], "michael bianchi housing": ["michael bianchi llc", "michael bianchi", "michael bianchi architect"], "dana depelteau": ["dana depelteau black lives matter", "dana depelteau twitter", "dana depelteau tweets", "calla walsh"], "john barros housing": ["john barros wife", "john barros family", "john barros for mayor", "john barros political party", "john barros wiki", "john barros bio", "john barros bc high", "john barros age"]}