{"boston mayoral election": ["boston mayoral election 2020", "boston mayoral election results", "boston mayoral election 2021 primary", "boston mayoral polls", "boston mayoral election primary", "boston mayoral election 2021 polls", "2017 boston mayoral election", "boston mayoral candidates on the issues", "boston mayoral election 2021 candidates"], "boston mayor candidates": ["boston mayoral election 2020", "boston mayoral election 2021 primary", "when is the boston mayoral primary", "boston mayoral race candidates 2021", "boston mayoral poll 2021", "boston mayoral election results", "boston mayoral candidates on the issues", "boston mayoral polls", "boston mayoral candidates 2021"], "michelle wu": ["michelle wu husband", "boston mayor", "Lydia Edwards", "boston mayoral candidates", "boston mayoral election", "michelle wu linkedin"], "andrea campbell": ["andrea campbell husband", "andrea campbell brother", "alvin campbell", "andrea campbell boston", "andrea campbell argentina", "andrea campbell for mayor", "andrea campbell endorsements", "andrea campbell boston husband", "andrea campbell bio"], "dana depelteau": ["dana depelteau black lives matter", "edward markey", "john barros", "dana depelteau husband", "dana depelteau linkedin", "dana depelteau boston", "dana depelteau twitter", "dana depelteau mayor", "dana depelteau"], "annissa essaibi george": ["annissa essaibi george husband", "david halbert", "boston mayor", "annissa essaibi george father", "Lydia Edwards", "boston mayoral candidates", "annissa essaibi george family", "michael flaherty"], "jon santiago": ["boston globe", "jon santiago age", "jon santiago wife", "jon santiago campaign manager", "jon santiago endorsements", "jon santiago ad", "jon santiago mayor boston", "jon santiago wife alexandra", "jon santiago twitter"], "kim janey": ["kim janey husband", "kim janey boston", "boston mayor", "kim janey daughter", "kim janey mayor", "kim janey family", "kim janey age", "biden press conference", "epic pass"], "michael bianchi": ["eric porter boston city council", "michael bianchi", "michael bianchi boston", "michael bianchi brighton ma", "michael bianchi boston city council", "michael bianchi attorney omaha", "michael bianchi obituary", "dr michael bianchi", "michael bianchini"], "john barros": ["john barros boston", "john barros mayor", "john barros wife", "boston mayoral race", "john barros bio", "john barros education", "john barrows sales", "john barros wikipedia", "john barros boston wife"], "michelle wu boston": ["andrea campbell boston", "boston mayor", "boston election results", "michelle wu boston husband", "michelle wu boston globe", "michelle wu boston ma", "michelle wu boston latin", "michelle wu boston bio", "michelle wu boston mayor polls"], "andrea campbell boston": ["andrea campbell boston husband", "boston mayoral candidates", "boston mayoral race", "andrea campbell boston", "andrea campbell boston brother", "andrea campbell boston globe", "andrea campbell boston mayoral candidate", "andrea campbell boston public schools", "andrea campbell boston family"], "dana depelteau boston": ["dana depelteau boston"], "annissa essaibi george boston": ["annissa essaibi george boston", "annissa essaibi george boston globe", "annissa essaibi george boston mayor"], "jon santiago boston": ["jon santiago boston", "jon santiago boston globe", "dr. jon santiago boston", "dr jon santiago boston medical center", "jon santiago boston medical center", "jon santiago boston ma"], "kim janey boston": ["kim janey husband", "kim janey boston", "kim janey boston globe", "kim janey boston vaccine", "kim janey boston herald", "kim janey boston mask mandate", "how old is kim janey boston", "kim janey boston gov", "new boston mayor kim janey"], "michael bianchi boston": ["michael bianchi boston", "michael bianchi boston city council", "michael bianchi boston mayor"], "john barros boston": ["john barros wife", "john barros boston", "john barros boston mayor", "john barros boston wife", "john barros boston ma", "john barros boston school committee", "john barros boston globe", "john barros boston political party", "john barros boston wikipedia", "john barros boston restaurant"], "michelle wu mayoral election": ["michelle wu mayor", "michelle wu running for mayor", "michelle wu endorsements"], "andrea campbell mayoral election": ["city councilor andrea campbell"], "dana depelteau mayoral election": [], "annissa essaibi george mayoral election": ["city councilor annissa essaibi-george"], "jon santiago mayoral election": [], "kim janey mayoral election": ["kim janey mayor election"], "michael bianchi mayoral election": [], "john barros mayoral election": [], "michelle wu for mayor": ["Michelle Wu", "michelle wu for mayor mobilize", "michelle wu for mayor jobs", "michelle wu running for mayor", "michelle wu for mayor of boston"], "andrea campbell for mayor": ["andrea campbell for mayor", "andrea campbell for mayor of boston"], "dana depelteau for mayor": ["dana depelteau for mayor"], "annissa essaibi george for mayor": ["annissa essaibi george for mayor"], "jon santiago for mayor": ["jon santiago for mayor"], "kim janey for mayor": ["kim janey for mayor", "kim janey running for mayor", "will kim janey run for mayor"], "michael bianchi for mayor": ["michael bianchi"], "john barros for mayor": ["john barros for mayor"], "michelle wu partner": [], "andrea campbell partner": ["andrea campbell", "andrea campbell husband"], "dana depelteau partner": ["dana depelteau"], "annissa essaibi george partner": ["annissa essaibi"], "jon santiago partner": [], "kim janey partner": ["kim janey partner"], "michael bianchi partner": [], "john barros partner": ["john barros", "john barros wife", "john barros massachusetts"], "michelle wu race": ["michelle wu", "michelle wu mayor", "michelle wu campaign", "michelle wu bio"], "andrea campbell race": [], "annissa essaibi george race": [], "jon santiago race": [], "kim janey race": ["kim janey", "kim janey staff"], "michael bianchi race": [], "john barros race": ["john barros for mayor website", "john barros wikipedia", "john barros boston wikipedia", "john barros bio", "john barros family", "john barros wife", "john barros political party", "john barros bc high"], "michelle wu endorsement": ["michelle wu endorsements"], "andrea campbell endorsement": ["andrea campbell endorsements"], "dana depelteau endorsement": ["john barros", "john barros wife", "when is boston mayoral election 2021", "boston mayoral election 2020", "boston city council candidates 2021", "boston mayoral election 2021 candidates", "boston mayoral candidates 2021", "annissa essaibi george"], "jon santiago endorsement": ["jon santiago endorsements"], "kim janey endorsement": ["kim janey endorsements"], "michael bianchi endorsement": [], "michelle wu COVID": ["michelle wu covid", "winners during covid"], "andrea campbell COVID": ["andrea campbell obituary", "andrea campbell husband", "andrea campbell fundraising", "andrea campbell brother andre", "andrea campbell campaign manager", "andre campbell obituary", "andrea campbell campaign jobs", "andrea campbell boston public schools"], "dana depelteau COVID": [], "annissa essaibi george COVID": ["annissa essaibi george mayor", "annissa essaibi george twitter", "annissa essaibi george husband", "annissa essaibi george campaign manager", "annissa essaibi george endorsements", "annissa essaibi george facebook", "annissa essaibi george instagram", "wu boston city council"], "jon santiago COVID": [], "kim janey COVID": ["kim janey covid update", "did any of the kardashians get covid 19", "did any of the kardashians have coronavirus", "did hong kong shut down for covid"], "michael bianchi COVID": [], "john barros COVID": [], "michelle wu transportation": ["michelle wu transportation"], "andrea campbell transportation": ["andrea campbell transportation plan"], "dana depelteau transportation": [], "annissa essaibi george transportation": [], "jon santiago transportation": [], "kim janey transportation": ["kim janey", "kim janey office"], "michael bianchi transportation": ["michael bianchi llc", "michael bianchi"], "john barros transportation": ["john barros"], "michelle wu MBTA": ["michelle wu mbta", "michelle wu free mbta"], "andrea campbell MBTA": ["andrea campbell boston", "andrea campbell boston ma", "andrea campbell boston city council"], "dana depelteau MBTA": [], "annissa essaibi george MBTA": ["annissa essaibi george boston globe", "annissa essaibi george twitter", "annissa essaibi george campaign website", "annissa essaibi george staff", "annissa essaibi george mayor", "annissa essaibi george father", "annissa essaibi george website", "annissa essaibi george endorsements"], "jon santiago MBTA": [], "kim janey MBTA": ["kim janey"], "michael bianchi MBTA": [], "john barros MBTA": ["john barros massachusetts", "john barros"], "michelle wu Education": ["michelle wu education", "michelle wu education plan"], "andrea campbell Education": ["andrea campbell education"], "dana depelteau Education": [], "annissa essaibi george Education": ["annissa essaibi george education"], "jon santiago Education": [], "kim janey Education": ["kim janey education"], "michael bianchi Education": ["michael bianchi", "michael bianchi llc"], "john barros Education": ["john barros for mayor website", "john barros boston wikipedia", "john barros political party", "john barros wife", "john barros wikipedia", "john barros age", "john barros bio", "john barros ethnicity", "john barros education"], "michelle wu LGBT": [], "andrea campbell LGBT": [], "dana depelteau LGBT": [], "annissa essaibi george LGBT": ["annissa essaibi"], "jon santiago LGBT": [], "kim janey LGBT": [], "michael bianchi LGBT": [], "michelle wu background": ["michelle wu background"], "dana depelteau background": [], "jon santiago background": ["jon santiago"], "kim janey background": ["kim janey background"], "michael bianchi background": ["michael bianchi", "michael bianchi llc", "michael bianchi architect"], "john barros background": ["john barros", "john barros wife"], "michelle wu net worth": ["michelle wu net worth", "how much is michelle mone worth", "how much is michelle worth"], "andrea campbell net worth": [], "dana depelteau net worth": [], "annissa essaibi george net worth": ["annissa essaibi george mayor", "annissa essaibi george endorsements", "annissa essaibi george boston globe", "annissa essaibi george husband", "annissa essaibi george father", "annissa essaibi george age", "annissa essaibi george parents", "annissa essaibi george staff", "annissa essaibi george net worth"], "jon santiago net worth": [], "kim janey net worth": ["kim janey net worth", "how much is kim worth", "how rich is kim", "how much is kim west worth", "what is kim's net worth"], "michael bianchi net worth": [], "andrea campbell background": ["andrea campbell background"], "annissa essaibi george background": ["annissa essaibi"], "michelle wu crime": ["michelle wu", "michelle wu attorney", "michelle wu bio"], "andrea campbell crime": [], "dana depelteau crime": [], "annissa essaibi george crime": ["annissa essaibi"], "jon santiago crime": ["jon santiago"], "kim janey crime": ["kim janey"], "michael bianchi crime": ["michael bianchi"], "john barros crime": ["john barros", "john barros massachusetts"], "michelle wu police": [], "andrea campbell police": ["andrea campbell boston police"], "annissa essaibi george police": [], "jon santiago police": [], "kim janey police": ["kim janey police budget"], "michael bianchi police": ["michael bianchi"], "john barros police": ["john barros"], "michelle wu housing": ["michelle wu housing"], "andrea campbell housing": ["andrea campbell housing"], "annissa essaibi george housing": ["annissa essaibi george housing"], "jon santiago housing": ["jon santiago"], "kim janey housing": ["kim janey housing"], "michael bianchi housing": ["michael bianchi", "michael bianchi llc", "michael bianchi architect"], "john barros housing": ["john barros"], "dana depelteau race": [], "annissa essaibi george endorsement": ["annissa essaibi george endorsements"], "john barros endorsement": ["john barros endorsements"], "john barros LGBT": [], "john barros net worth": [], "dana depelteau police": [], "dana depelteau housing": []}