{"boston mayoral election": ["boston mayoral election results", "boston mayoral election polls", "boston mayoral election 2021 polls", "boston mayoral candidates party affiliation", "boston mayoral candidates on the issues", "boston mayoral candidates comparison", "boston mayoral debate", "boston mayoral candidates quiz", "boston mayoral candidates"], "boston mayor candidates": ["boston mayoral candidates platforms", "boston mayoral candidates quiz", "boston mayoral candidates party affiliation", "boston mayoral election results", "boston mayoral polls 2021", "boston mayoral candidates on the issues", "boston mayoral election polls", "boston mayoral candidates comparison", "boston mayoral polls"], "michelle wu": ["michelle wu instagram", "michelle wu boston husband", "michelle wu twitter", "michelle wu family", "michelle wu polls", "michelle wu salary", "michelle wu mother", "michelle wu wikipedia", "michelle wu husband"], "andrea campbell": ["andrea campbell wikipedia", "andrea campbell bio", "who is andrea campbell husband", "andrea campbell father", "andrea campbell brother", "andrea campbell family", "andrea campbell twin brother", "andrea campbell parents", "andrea campbell husband"], "dana depelteau": ["dana depelteau black lives matter", "michelle wu", "dana depelteau twitter", "dana depelteau tweets", "calla walsh", "calla walsh parents", "markeyverse"], "annissa essaibi george": ["annissa essaibi george net worth", "annissa essaibi george bio", "annissa essaibi george father", "annissa essaibi george parents", "annissa essaibi george ethnicity", "annissa essaibi george twitter", "annissa essaibi george website", "annissa essaibi george endorsements", "annissa essaibi george husband"], "jon santiago": ["jon santiago photographer", "jon santiago instagram", "jon santiago wife", "jon santiago campaign", "jon santiago age", "jon santiago mayor", "john barros", "jon santiago, md"], "kim janey": ["kim janey political views", "kim janey for mayor", "kim janey age", "who is kim janey husband", "kim janey net worth", "kim janey family", "kim janey campaign", "kim janey campaign website", "kim janey husband"], "michael bianchi": ["michael bianchi boston", "michael bianchi actor", "michael bianchi obituary", "michael bianchi boston city council", "michael bianchi boston mayor", "michael bianchi district 9", "michael bianchi brighton ma", "liz breadon", "Liz Breadon Homeopathy", "eric porter boston city council"], "john barros": ["john barros wikipedia", "john barros political party", "john barros restaurant", "john barros boston wikipedia", "john barros wife", "john barros mayor", "john barros family", "john barros bio", "boston mayor"], "michelle wu boston": ["michelle wu boston husband", "michelle wu boston college", "michelle wu, boston globe", "michelle wu boston mayor age", "michelle wu family", "where does michelle wu live", "michelle wu wikipedia", "michelle wu siblings", "andrea campbell boston"], "andrea campbell boston": ["andrea campbell boston husband", "andrea campbell boston brother", "andrea campbell boston father", "andrea campbell father", "andrea campbell twin brother", "andrea campbell family", "andrea campbell bio", "andrea campbell boston mayor", "boston mayor"], "dana depelteau boston": ["dana depelteau twitter", "dana depelteau black lives matter", "dana depelteau tweets", "calla walsh", "calla walsh parents", "michelle wu", "markeyverse"], "annissa essaibi george boston": ["annissa essaibi george net worth", "annissa essaibi george boston globe", "annissa essaibi george bio", "annissa essaibi george website", "annissa essaibi george parents", "annissa essaibi george ethnicity", "annissa essaibi george father", "annissa essaibi george staff"], "jon santiago boston": ["jon santiago boston globe", "jon santiago wife", "jon santiago campaign", "jon santiago campaign manager", "jon santiago twitter", "jon santiago endorsements", "jon santiago wife alexandra", "jon santiago facebook"], "kim janey boston": ["kim janey campaign website", "kim janey age", "kim janey campaign headquarters", "kim janey political views", "kim janey partner", "who is kim janey husband", "kim janey net worth", "kim janey campaign manager", "kim janey husband"], "michael bianchi boston": ["michael bianchi boston mayor", "michael bianchi boston city council", "michael bianchi brighton ma", "eric porter boston", "liz breadon", "michael bianchi district 9", "michael j bianchi", "eric porter boston city council"], "john barros boston": ["john barros boston wikipedia", "john barros boston wife", "john barros boston mayor", "john barros boston restaurant", "john barros boston political party", "john barros wife", "john barros boston globe", "john barros wiki", "Annissa Essaibi George", "andrea campbell boston"], "michelle wu mayoral election": ["boston mayoral election", "who is michelle wu husband", "michelle wu family", "michelle wu political party", "michelle wu wikipedia", "where does michelle wu live", "michelle wu siblings", "michelle wu mother"], "annissa essaibi george mayoral election": ["annissa essaibi george staff", "annissa essaibi george political party", "annissa essaibi george campaign website", "annissa essaibi george ethnicity", "annissa essaibi george political views", "annissa essaibi george father", "annissa essaibi george net worth", "annissa essaibi george endorsements"], "jon santiago mayoral election": ["jon santiago wife", "jon santiago endorsements", "jon santiago, md", "rep jon santiago"], "kim janey mayoral election": ["kim janey political views", "boston mayoral election", "boston mayoral election results", "kim janey net worth", "who is the mayor of boston", "kim janey partner", "boston mayor kim janey husband", "is mayor kim janey married"], "michael bianchi mayoral election": ["liz breadon", "michael bianchi boston city council", "michael bianchi brighton ma", "michael bianchi district 9", "eric porter boston city council", "michael bianchi for city council"], "john barros mayoral election": ["john barros political party", "john barros for mayor", "john barros wife", "john barros boston wikipedia", "john barros boston wife", "john barros wiki", "john barros age", "tchintcia barros"], "michelle wu for mayor": ["michelle wu boston husband", "michelle wu family", "michelle wu political party", "michelle wu instagram", "michelle wu siblings", "where does michelle wu live", "michelle wu mother", "michelle wu salary", "Michelle Wu"], "dana depelteau for mayor": ["dana depelteau twitter", "dana depelteau black lives matter", "dana depelteau tweets", "calla walsh parents", "michelle wu", "markeyverse"], "annissa essaibi george for mayor": ["annissa essaibi george net worth", "annissa essaibi george father", "annissa essaibi george campaign website", "annissa essaibi george ethnicity", "annissa essaibi george bio", "annissa essaibi george staff", "annissa essaibi george parents", "annissa essaibi george endorsements"], "jon santiago for mayor": ["jon santiago wife", "jon santiago campaign manager", "jon santiago photographer", "jon santiago twitter", "jon santiago endorsements", "jon santiago wife alexandra", "jon santiago, md", "jon santiago age"], "kim janey for mayor": ["kim janey campaign website", "mayor kim janey husband", "kim janey political views", "kim janey age", "kim janey campaign manager", "kim janey campaign headquarters", "kim janey staff", "kim janey partner", "michelle wu mayor"], "michael bianchi for mayor": ["michael bianchi for city council", "liz breadon", "eric porter boston city council", "bianchi road bike"], "john barros for mayor": ["john barros for mayor website", "john barros wife", "john barros political party", "john barros wikipedia", "john barros family", "john barros bio", "john barros boston wikipedia", "john barros boston wife"], "michelle wu partner": ["michelle wu instagram", "conor pewarski", "michelle wu boston mayor husband", "michelle wu twitter", "michelle wu salary", "michelle wu net worth", "how old is michelle wu", "michelle wu mother"], "andrea campbell partner": ["andrea campbell family", "andrea campbell father", "andrea campbell brother andre", "andrea campbell bio", "andrea campbell interview", "matthew scheier andrea campbell", "andrea campbell princeton", "kim janey husband"], "dana depelteau partner": ["dana depelteau twitter", "dana depelteau tweets", "calla walsh"], "annissa essaibi george partner": ["annissa essaibi george net worth", "annissa essaibi george father", "annissa essaibi george ethnicity", "annissa essaibi george parents", "annissa essaibi george siblings", "annissa essaibi george mother", "annissa essaibi george family", "annissa essaibi george age"], "jon santiago partner": ["jon santiago wife", "jon santiago wife alexandra", "jon santiago boston", "jon santiago instagram", "jon santiago, md", "jon santiago endorsements", "jon santiago boston globe"], "kim janey partner": ["who is kim janey husband", "is mayor kim janey married", "kim janey parents nationality", "kim janey for mayor", "kim janey net worth", "kim janey political views", "kim janey wikipedia", "how old is kim janey daughter"], "michael bianchi partner": ["michael bianchi boston city council", "michael bianchi district 9", "michael bianchi brighton ma", "eric porter boston city council"], "john barros partner": ["john barros wikipedia", "john barros political party", "john barros family", "john barros boston wikipedia", "john barros boston wife", "john barros for mayor", "tchintcia barros", "john barros age"], "michelle wu race": ["michelle wu boston husband", "michelle wu mother", "michelle wu family", "michelle wu siblings", "michelle wu salary", "michelle wu twitter", "michelle wu campaign staff", "michelle wu endorsements"], "andrea campbell race": ["andrea campbell parents", "andrea campbell father", "who is andrea campbell husband", "andrea campbell family", "andrea campbell bio", "andrea campbell twin brother", "andrea campbell brother", "andrea campbell husband matthew"], "annissa essaibi george race": ["annissa essaibi george net worth", "annissa essaibi george parents", "annissa essaibi george father", "annissa essaibi george staff", "annissa essaibi george bio", "annissa essaibi george commercial", "annissa essaibi george twitter", "annissa essaibi george boston globe"], "jon santiago race": ["jon santiago campaign", "jon santiago wife", "jon santiago photographer", "jon santiago mayor", "jon santiago endorsements", "santiago mayer", "jon santiago campaign manager", "john barros"], "kim janey race": ["kim janey for mayor", "kim janey age", "who is kim janey husband", "kim janey partner", "kim janey campaign", "kim janey political views", "kim janey family", "is kim janey married"], "michael bianchi race": ["michael bianchi boston city council", "liz breadon", "michael bianchi brighton ma", "eric porter boston city council", "michael bianchi district 9", "michael bianchi for city council", "michael bianchi boston mayor", "bianchi road bike"], "john barros race": ["john barros wife", "john barros political party", "john barros for mayor", "john barros boston wife", "john barros wiki", "tchintcia barros", "annissa essaibi george"], "michelle wu endorsement": ["andrea campbell endorsements", "michelle wu salary", "michelle wu family", "michelle wu husband", "michelle wu policies", "michelle wu mother", "where does michelle wu live", "michelle wu events"], "andrea campbell endorsement": ["andrea campbell husband", "andrea campbell fellowship", "andrea campbell father", "andrea campbell campaign manager", "andrea campbell housing", "andrea campbell progressive", "andrea campbell campaign jobs", "andrea campbell events"], "dana depelteau endorsement": ["dana depelteau twitter", "boston mayoral candidates 2021", "dana depelteau boston", "dana depelteau tweets", "boston mayoral election 2020", "dana depelteau mayor", "boston mayoral candidates on the issues", "boston mayoral candidates party affiliation"], "annissa essaibi george endorsement": ["annissa essaibi george net worth", "annissa essaibi george campaign ad", "annissa essaibi george house", "annissa essaibi george mass and cass", "annissa essaibi george tiktok"], "jon santiago endorsement": ["jon santiago endorsements"], "kim janey endorsement": ["kim janey election", "kim janey staff", "kim janey heart agenda", "kim janey campaign manager", "kim janey transition website", "kim janey campaign headquarters", "kim janey metco", "kim janey education"], "michael bianchi endorsement": ["michael bianchi boston city council", "michael bianchi for city council", "liz breadon", "eric porter boston city council", "michael bianchi brighton ma", "michael bianchi boston mayor"], "john barros endorsement": ["john barros boston political party", "john barros for mayor", "john barros wife", "john barros boston wife", "john barros wiki", "tchintcia barros", "annissa essaibi george"], "michelle wu COVID": ["michelle wu covid", "michelle wu covid plan", "michelle wu covid stance", "michelle wu covid vaccine", "winners during covid"], "andrea campbell COVID": ["andrea campbell covid"], "annissa essaibi george COVID": ["annissa essaibi george covid"], "jon santiago COVID": ["jon santiago"], "kim janey COVID": [], "michael bianchi COVID": ["michael bianchi obituary", "michael bianchi boston", "michael bianchi actor", "michael bianchi boston city council", "michael bianchi boston mayor", "michael bianchi brighton ma", "eric porter boston city council", "michael bianchi for city council"], "john barros COVID": ["john barros covid"], "michelle wu transportation": ["michelle wu signature collection", "michelle wu free the t", "michelle wu housing", "michelle wu accomplishments", "who is michelle wu husband", "michelle wu construction", "michelle wu election", "michelle wu zoning"], "andrea campbell transportation": ["andrea campbell campaign manager", "andrea campbell husband", "andrea campbell campaign jobs", "andrea campbell home address", "andrea campbell events", "andrea campbell boston public schools", "andrea campbell father", "andrea campbell housing"], "dana depelteau transportation": ["dana depelteau twitter", "dana depelteau boston", "calla walsh parents", "calla walsh winsor school", "calla walsh twitter", "markeyverse", "michelle wu"], "annissa essaibi george transportation": ["annissa essaibi george staff", "annissa essaibi george bio", "annissa essaibi george father", "annissa essaibi george mayor", "annissa essaibi george commercial", "annissa essaibi george ethnicity", "annissa essaibi george website", "annissa essaibi george parents"], "kim janey transportation": ["kim janey family", "kim janey city council", "kim janey mayor", "kim janey policies"], "john barros transportation": ["john barros campaign", "john barros", "john barros mayor", "john barros massachusetts", "john barros boston"], "andrea campbell MBTA": ["andrea campbell boston ma"], "dana depelteau MBTA": ["dana depelteau twitter", "dana depelteau black lives matter", "dana depelteau tweets", "calla walsh"], "annissa essaibi george MBTA": ["annissa essaibi george net worth", "annissa essaibi george father", "annissa essaibi george boston", "annissa essaibi george twitter", "annissa essaibi george commercial", "annissa essaibi george website", "annissa essaibi george ethnicity", "annissa essaibi george boston globe"], "jon santiago MBTA": ["jon santiago wife", "jon santiago wife alexandra", "jon santiago boston", "jon santiago endorsements", "jon santiago campaign", "jon santiago photographer", "jon santiago twitter", "jon santiago age"], "kim janey MBTA": ["kim janey mayor of boston", "kim janey mayor"], "michael bianchi MBTA": ["michael bianchi boston", "michael bianchi boston city council", "liz breadon", "michael bianchi district 9", "eric porter boston city council", "michael bianchi brighton ma", "liz breadon boston city council", "michael bianchi for city council"], "john barros MBTA": ["john barros wife", "john barros boston wife", "john barros for mayor", "john barros boston wikipedia", "john barros political party", "john barros city of boston", "john barros wiki", "john barros age"], "michelle wu Education": ["michelle wu education plan", "michelle wu family", "who is michelle wu husband", "michelle wu salary", "michelle wu wikipedia", "is michelle wu married", "michelle wu siblings", "michelle wu endorsements"], "andrea campbell Education": ["who is andrea campbell husband", "andrea campbell family", "andrea campbell bio", "andrea campbell father", "andrea campbell brother andre", "andrea campbell wikipedia", "andrea campbell parents", "andrea campbell twin brother"], "dana depelteau Education": ["dana depelteau black lives matter", "dana depelteau twitter", "dana depelteau tweets", "calla walsh"], "annissa essaibi george Education": ["annissa essaibi george net worth", "annissa essaibi george bio", "annissa essaibi george staff", "annissa essaibi george nationality", "annissa essaibi george siblings", "annissa essaibi george parents", "annissa essaibi george family", "annissa essaibi george website"], "jon santiago Education": ["jon santiago photographer", "jon santiago wife alexandra", "jon santiago campaign manager", "jon santiago for mayor", "john barros", "jon santiago age", "jon santiago, md", "jon santiago endorsements"], "kim janey Education": ["kim janey for mayor", "kim janey age", "who is kim janey husband", "kim janey campaign website", "kim janey net worth", "kim janey political views", "did kim janey graduate from smith college", "kim janey family"], "michael bianchi Education": ["michael bianchi actor", "michael bianchi obituary", "michael bianchi boston"], "john barros Education": ["john barros political party", "john barros for mayor", "john barros wife", "john barros wikipedia", "john barros age", "john barros boston wikipedia", "john barros boston wife", "john barros high school"], "michelle wu LGBT": [], "dana depelteau LGBT": ["when was lgbtq created", "lgbtq day", "lgbtq sexualities", "lgbt symbols"], "annissa essaibi george LGBT": ["when was lgbtq created", "lgbtq day"], "jon santiago LGBT": ["when was lgbtq created", "lgbtq day", "lgbtq sexualities", "lgbt shows"], "kim janey LGBT": ["when was lgbtq created", "lgbtq day", "what does q mean in lgbtq"], "michael bianchi LGBT": ["when was lgbtq created", "lgbtq day", "lgbt symbols", "lgbtq sexualities"], "john barros LGBT": ["when was lgbtq created", "lgbtq day", "lgbtq sexualities", "lgbt symbols"], "michelle wu background": ["michelle wu family", "michelle wu salary", "michelle wu siblings", "is michelle wu related to janet wu", "michelle wu boston husband", "michelle wu mother", "who is michelle wu husband", "michelle wu mayor"], "andrea campbell background": ["andrea campbell family", "andrea campbell father", "andrea campbell brother", "andrea campbell wikipedia", "who is andrea campbell husband", "andrea campbell parents", "andrea campbell twin brother", "andrea campbell age"], "dana depelteau background": ["dana depelteau black lives matter", "dana depelteau twitter", "dana depelteau tweets", "michelle wu", "calla walsh parents", "markeyverse"], "annissa essaibi george background": ["annissa essaibi george father", "annissa essaibi george net worth", "annissa essaibi george siblings", "annissa essaibi george staff", "annissa essaibi george parents", "annissa essaibi george campaign website", "annissa essaibi george mayor", "annissa essaibi george campaign manager"], "jon santiago background": ["john barros", "jon santiago mayor", "jon santiago campaign manager", "jon santiago endorsements", "jon santiago, md", "jon santiago wife alexandra", "jon santiago photographer", "jon santiago twitter"], "kim janey background": ["who is kim janey husband", "kim janey for mayor", "kim janey campaign website", "kim janey age", "kim janey family", "kim janey campaign manager", "kim janey policies", "kim janey parents nationality"], "michael bianchi background": ["michael bianchi", "michael bianchi actor", "michael bianchi linkedin", "michael bianchi llc"], "john barros background": ["john barros political party", "john barros party", "tchintcia barros", "andrea campbell", "kim janey", "john barros high school", "john barros boston mayor", "john barros city of boston"], "michelle wu net worth": ["conor pewarski net worth", "michelle wu husband", "michelle wu boston husband", "annissa essaibi george net worth", "michelle wu family", "where does michelle wu live", "michelle wu siblings", "michelle wu age"], "andrea campbell net worth": ["andrea campbell net worth", "what is wirth campbell net worth", "how much is tina campbell net worth", "how much is tina campbell worth", "how much is nicky campbell worth", "how much is erica campbell net worth"], "dana depelteau net worth": ["dana depelteau black lives matter", "dana depelteau twitter", "dana depelteau tweets", "dana depelteau for mayor", "calla walsh"], "annissa essaibi george net worth": ["annissa essaibi george net worth"], "jon santiago net worth": ["jon santiago wife", "jon santiago wife alexandra", "jon santiago endorsements", "jon santiago campaign manager", "john barros", "jon santiago mayor", "jon santiago facebook", "jon santiago twitter"], "kim janey net worth": ["who is kim janey husband", "kim janey parents nationality", "kim janey age", "is kim janey married", "kim janey partner", "kim janey for mayor", "kim janey family", "how old is kim janey daughter"], "john barros net worth": ["john barros family", "john barros age"], "michelle wu crime": ["who is michelle wu husband", "michelle wu housing", "michelle wu mayor husband", "michelle wu opioid", "michelle wu transportation", "michelle wu child care", "michelle wu endorsement", "michelle wu election"], "andrea campbell crime": ["who is andrea campbell husband", "andrea campbell twin brother", "andrea campbell bio", "andrea campbell family", "andrea campbell brother andre", "andrea campbell age", "andrea campbell wikipedia", "andrea campbell obituary"], "dana depelteau crime": ["dana depelteau black lives matter", "dana depelteau twitter", "dana depelteau boston", "dana depelteau mayor", "dana depelteau tweets", "markeyverse", "michelle wu", "calla walsh"], "annissa essaibi george crime": ["annissa essaibi george ethnicity", "annissa essaibi george father", "annissa essaibi george parents", "annissa essaibi george staff", "annissa essaibi george bio", "annissa essaibi george religion", "annissa essaibi george commercial", "annissa essaibi george family"], "jon santiago crime": ["jon santiago"], "kim janey crime": ["kim janey news", "kim janey", "kim janey city council", "kim janey campaign"], "michael bianchi crime": ["michael bianchi", "michael bianchi llc"], "john barros crime": ["john barros mayor", "john barros campaign", "john barros boston", "john barros", "john barros massachusetts"], "michelle wu police": ["michelle wu election", "michelle wu husband", "michelle wu housing", "michelle wu endorsement", "michelle wu policies", "michelle wu boston college", "michelle wu accomplishments", "michelle wu, boston mayor"], "andrea campbell police": ["andrea campbell husband", "andrea campbell brother", "andrea campbell events", "andrea campbell father", "andrea campbell endorsements", "andrea campbell fellowship", "andrea campbell housing", "andrea campbell covid"], "dana depelteau police": ["dana depelteau black lives matter", "dana depelteau twitter", "dana depelteau boston", "dana depelteau tweets", "calla walsh parents", "dana depelteau mayor", "calla walsh winsor school", "calla walsh twitter"], "annissa essaibi george police": ["annissa essaibi george net worth", "annissa essaibi george development", "annissa essaibi george house", "annissa essaibi george campaign ad", "annissa essaibi george tiktok"], "jon santiago police": ["jon santiago wife", "jon santiago wife alexandra", "jon santiago campaign", "jon santiago endorsements", "jon santiago mayor", "jon santiago campaign manager", "jon santiago, md", "jon santiago age"], "kim janey police": [], "michael bianchi police": ["michael bianchi boston", "michael bianchi boston city council", "liz breadon", "michael bianchi district 9", "michael bianchi brighton ma", "eric porter boston city council", "michael bianchi for city council", "michael bianchi boston mayor"], "john barros police": ["john barros campaign", "john barros mayor", "john barros"], "michelle wu housing": ["where does michelle wu live", "michelle wu husband", "michelle wu child care", "michelle wu house", "michelle wu, boston globe", "michelle wu - real estate", "michelle wu transportation", "michelle wu commercial"], "andrea campbell housing": ["andrea campbell husband", "andrea campbell endorsements", "andrea campbell fellowship", "andrea campbell boston public schools", "andrea campbell events", "andrea campbell progressive", "andrea campbell home address", "andrea campbell covid"], "dana depelteau housing": ["dana depelteau twitter", "dana depelteau tweets", "calla walsh", "calla walsh parents", "michelle wu"], "annissa essaibi george housing": ["annissa essaibi george net worth", "annissa essaibi george bio", "annissa essaibi george commercial", "ezzeddine essaibi", "annissa essaibi george ethnicity", "annissa essaibi george staff", "annissa essaibi george campaign website", "where does annissa essaibi george live"], "jon santiago housing": ["jon santiago wife", "jon santiago wife alexandra", "jon santiago mayor", "john barros", "jon santiago endorsements", "jon santiago, md", "jon santiago campaign manager", "jon santiago photographer"], "kim janey housing": ["kim janey campaign headquarters", "kim janey campaign website", "kim janey election", "kim janey campaign manager", "kim janey partner", "kim janey transition website", "who is kim janey husband", "kim janey parents nationality"], "michael bianchi housing": ["michael bianchi boston city council", "liz breadon", "eric porter boston city council", "michael bianchi boston mayor", "michael bianchi for city council", "michael bianchi brighton ma"], "john barros housing": ["john barros wife", "john barros for mayor", "john barros boston wife", "john barros political party", "john barros boston wikipedia", "john barros facebook"], "andrea campbell mayoral election": ["who is andrea campbell husband", "andrea campbell bio", "andrea campbell family", "andrea campbell husband matthew", "andrea campbell brother", "andrea campbell twin brother", "andrea campbell wikipedia", "andrea campbell father"], "dana depelteau mayoral election": ["boston mayoral candidates 2021", "boston mayoral election 2020", "dana depelteau twitter", "boston mayoral election results", "boston mayoral candidates party affiliation", "boston mayoral primary election", "boston mayoral election 2021 polls", "boston mayoral candidates on the issues"], "andrea campbell for mayor": ["andrea campbell family", "andrea campbell father", "andrea campbell brother", "who is andrea campbell husband", "andrea campbell parents", "andrea campbell wikipedia", "andrea campbell bio", "andrea campbell twin brother"], "dana depelteau race": ["dana depelteau boston", "dana depelteau twitter", "boston mayoral candidates party affiliation", "boston mayoral race candidates 2021", "dana depelteau mayor", "calla walsh parents", "boston mayoral race primary", "dana depelteau tweets"], "jon santiago transportation": ["jon santiago campaign manager", "jon santiago wife", "jon santiago endorsements", "jon santiago wife alexandra", "jon santiago, md", "jon santiago boston", "jon santiago twitter", "jon santiago boston globe"], "michael bianchi transportation": ["michael bianchi llc", "michael bianchi linkedin", "michael bianchi", "michael bianchi boston"], "michelle wu MBTA": ["who is michelle wu husband", "michelle wu signature collection", "michelle wu transportation", "michelle wu election", "michelle wu housing", "michelle wu accomplishments", "michelle wu endorsement", "michelle wu child care"], "andrea campbell LGBT": ["andrea campbell husband", "andrea campbell endorsement", "andrea campbell housing", "andrea campbell ma", "andrea campbell events", "andrea campbell campaign manager", "andrea campbell fellowship", "andrea campbell boston"], "michael bianchi net worth": ["michael bianchi llc", "michael bianchi actor", "michael bianchi"]}